Episode,Total Reward,Steps,Hits,Sunk Ships,Misses,Hit Rate,Q-Table Size,Consecutive Hits,Max Consecutive Hits Ship 1,Max Consecutive Hits Ship 2,Max Consecutive Hits Ship 3,Max Consecutive Hits Ship 4,Max Consecutive Hits Ship 5,Max Consecutive Hits Ship 6
1,72.46267175572366,655,24,6,75,0.0366412213740458,57,4,1,2,1,1,1,2
2,134.94089887640422,356,24,6,70,0.06741573033707865,57,5,1,1,1,1,2,3
3,157.9166666666675,240,24,6,66,0.1,57,5,1,1,2,1,2,4
4,35.31286681715527,886,24,6,76,0.02708803611738149,57,7,1,1,2,1,1,6
5,109.724931773878,513,24,6,73,0.04678362573099415,57,7,1,1,1,1,1,5
6,124.737039337476,483,24,6,73,0.049689440993788817,57,10,1,1,2,1,3,6
7,74.26128593040693,661,24,6,75,0.036308623298033284,57,5,1,1,1,1,1,4
8,150.5846753246766,308,24,6,70,0.07792207792207792,57,7,2,1,1,1,2,4
9,138.04371364653505,447,24,6,74,0.053691275167785234,57,12,1,2,1,1,4,9
10,89.91621973929114,537,24,6,73,0.0446927374301676,57,2,1,1,1,1,1,3
11,65.6462397820153,734,24,6,75,0.0326975476839237,57,7,1,1,2,1,2,5
12,126.83141649048626,473,24,6,74,0.0507399577167019,58,10,2,1,1,2,3,7
13,178.63222591362296,301,24,6,66,0.07973421926910298,60,16,2,1,3,3,3,10
14,113.1953124999992,512,24,6,76,0.046875,60,8,1,1,1,3,2,6
15,168.21322580645224,248,24,6,65,0.0967741935483871,60,9,1,1,1,1,1,10
16,129.2236659877795,491,24,6,74,0.048879837067209775,60,12,1,1,3,1,3,7
17,106.98416206261476,543,24,6,76,0.04419889502762431,60,8,1,1,1,1,1,9
18,143.41737967914594,374,24,6,71,0.06417112299465241,60,9,1,1,1,1,4,6
19,133.17330900243346,411,24,6,73,0.058394160583941604,60,8,1,1,3,2,1,4
20,40.91261261261074,888,24,6,76,0.02702702702702703,60,9,2,1,1,1,1,7
21,103.58348623853198,545,24,6,76,0.044036697247706424,60,7,1,1,1,1,1,7
22,-13.70917347865695,1101,24,6,76,0.021798365122615803,60,5,1,1,1,2,1,3
23,116.99937655860262,401,24,6,71,0.059850374064837904,60,2,1,1,1,1,1,3
24,169.26843205575082,287,24,6,64,0.08362369337979095,64,12,1,1,3,3,4,3
25,121.73703933747524,483,24,6,73,0.049689440993788817,64,9,1,1,1,1,2,9
26,158.50557046979955,298,24,6,69,0.08053691275167785,64,9,1,1,3,1,1,8
27,117.95624434389043,442,24,6,73,0.05429864253393665,64,5,2,1,1,2,1,3
28,151.70112582781564,302,24,6,69,0.07947019867549669,64,7,1,1,1,1,1,8
29,115.38584905660284,424,24,6,71,0.05660377358490566,64,3,1,1,1,1,1,3
30,141.5524795640324,367,24,6,68,0.0653950953678474,64,8,1,1,3,1,1,5
31,97.28825311942975,561,24,6,75,0.0427807486631016,64,6,1,1,1,1,1,7
32,62.13850415512295,722,24,6,76,0.0332409972299169,64,5,1,1,2,1,1,5
33,139.3176190476197,336,24,6,74,0.07142857142857142,64,5,1,1,1,1,1,3
34,101.37513134851044,571,24,6,76,0.04203152364273205,64,8,1,1,1,1,2,8
35,128.3245922746801,466,24,6,75,0.05150214592274678,64,10,1,1,1,3,2,6
36,133.62548209366318,363,24,6,71,0.06611570247933884,64,5,1,1,2,1,1,5
37,99.08182130584261,582,24,6,75,0.041237113402061855,64,8,1,2,2,1,2,6
38,80.55151515151366,660,24,6,76,0.03636363636363636,64,7,1,1,1,1,2,5
39,176.34335689046037,283,24,6,67,0.08480565371024736,64,14,1,2,3,2,3,8
40,148.99525198939244,377,24,6,73,0.0636604774535809,64,11,1,1,3,1,2,7
41,102.56393442623121,610,24,6,76,0.03934426229508197,66,11,1,1,3,2,1,9
42,143.51855153203272,359,24,6,72,0.06685236768802229,66,8,1,1,1,1,1,9
43,184.25619047619108,210,24,6,58,0.11428571428571428,66,12,1,1,1,3,3,6
44,184.93841004184083,239,24,6,64,0.100418410041841,66,14,1,1,3,1,4,10
45,134.08630541871906,406,24,6,72,0.059113300492610835,66,8,1,2,1,1,3,6
46,174.86152263374615,243,24,6,61,0.09876543209876543,66,11,1,1,1,2,2,10
47,132.98173913043638,368,24,6,75,0.06521739130434782,66,5,1,1,1,1,1,5
48,177.34769230769422,325,24,6,72,0.07384615384615385,66,17,2,1,3,3,4,10
49,150.44498525073874,339,24,6,71,0.07079646017699115,66,9,1,1,3,1,1,6
50,157.7754574132503,317,24,6,70,0.07570977917981073,66,10,1,1,3,1,2,8
51,108.72880715705656,503,24,6,73,0.04771371769383698,66,6,1,1,1,1,1,6
52,88.55748031495914,635,24,6,76,0.03779527559055118,66,8,1,1,1,1,1,6
53,155.83587188612051,281,24,6,68,0.08540925266903915,66,7,1,2,1,1,1,5
54,138.3709638554208,415,24,6,73,0.05783132530120482,66,10,2,1,2,1,2,5
55,118.86883295194421,437,24,6,72,0.05491990846681922,66,5,1,1,3,1,1,4
56,143.74866348448876,419,24,6,75,0.057279236276849645,66,12,2,1,2,1,3,9
57,187.60813471502644,193,24,6,57,0.12435233160621761,66,12,1,1,3,3,1,7
58,145.5452519893904,377,24,6,68,0.0636604774535809,66,10,1,1,1,2,1,10
59,146.64154518950485,343,24,6,71,0.06997084548104957,66,8,1,1,2,3,1,6
60,120.67364485981227,428,24,6,72,0.056074766355140186,67,5,1,2,1,1,1,5
61,120.24408163265262,490,24,6,72,0.04897959183673469,67,9,1,1,1,2,2,8
62,112.61455252918279,514,24,6,74,0.04669260700389105,67,8,2,1,3,1,2,5
63,83.75527950310472,644,24,6,76,0.037267080745341616,67,7,1,1,1,2,1,5
64,120.6514164904852,473,24,6,72,0.0507399577167019,67,8,1,1,2,1,1,7
65,166.74333333333482,300,24,6,65,0.08,67,12,1,2,1,3,4,5
66,144.03714285714236,280,24,6,68,0.08571428571428572,67,3,1,1,1,1,1,3
67,106.29315018315135,546,24,6,75,0.04395604395604396,67,8,1,1,2,1,3,6
68,122.09624309392194,362,24,6,74,0.06629834254143646,67,1,1,1,1,1,1,2
69,146.05445292621093,393,24,6,76,0.061068702290076333,67,11,1,1,1,1,3,10
70,89.76694490817891,599,24,6,76,0.04006677796327212,67,6,1,1,2,1,1,3
71,127.52978021978085,455,24,6,75,0.05274725274725275,67,9,1,1,2,1,1,8
72,149.38487804878176,328,24,6,68,0.07317073170731707,67,8,1,1,2,1,2,4
73,149.0521148036272,331,24,6,71,0.07250755287009064,67,8,1,1,1,1,3,7
74,113.2279002078991,481,24,6,74,0.0498960498960499,67,6,1,1,2,1,2,5
75,143.32737967914483,374,24,6,70,0.06417112299465241,67,9,1,1,1,1,1,10
76,168.035939849625,266,24,6,70,0.09022556390977443,67,10,1,1,1,1,2,10
77,142.79455026454946,378,24,6,73,0.06349206349206349,67,9,1,2,1,1,1,9
78,165.65983606557472,244,24,6,61,0.09836065573770492,67,8,1,1,1,1,1,7
79,150.36258064516275,310,24,6,72,0.07741935483870968,67,7,1,1,1,2,1,4
80,138.12089887640437,356,24,6,72,0.06741573033707865,67,6,2,1,1,2,1,4
81,154.34112582781478,302,24,6,65,0.07947019867549669,67,8,1,1,1,1,1,7
82,135.76490028490025,351,24,6,68,0.06837606837606838,67,5,1,1,1,1,3,2
83,148.33722222222192,288,24,6,67,0.08333333333333333,67,5,1,1,1,1,2,5
84,136.19246719160154,381,24,6,73,0.06299212598425197,67,7,2,1,1,2,1,4
85,98.88152658661956,583,24,6,75,0.0411663807890223,67,8,2,1,1,2,2,6
86,84.1675041876033,597,24,6,76,0.04020100502512563,67,4,1,1,1,1,1,4
87,183.71728971962708,214,24,6,61,0.11214953271028037,67,12,1,2,1,2,4,8
88,140.4498850574722,435,24,6,74,0.05517241379310345,67,12,1,1,3,1,4,8
89,154.5534796238255,319,24,6,72,0.07523510971786834,67,9,1,1,2,1,1,7
90,166.20482758620813,290,24,6,70,0.08275862068965517,67,11,1,1,2,3,4,5
91,123.06421524663575,446,24,6,72,0.053811659192825115,68,7,1,2,1,2,2,4
92,163.51062500000052,256,24,6,64,0.09375,68,8,1,1,1,1,2,8
93,104.52083969465632,524,24,6,73,0.04580152671755725,68,6,1,1,3,2,1,4
94,148.31761904761868,336,24,6,74,0.07142857142857142,68,8,1,1,2,1,2,6
95,97.99953321364345,557,24,6,74,0.04308797127468582,68,6,1,1,1,1,1,7
96,62.52578616352009,795,24,6,76,0.03018867924528302,68,10,1,1,1,3,2,8
97,188.58261083743915,203,24,6,57,0.11822660098522167,68,13,1,1,1,3,4,9
98,151.1034796238264,319,24,6,67,0.07523510971786834,68,8,1,1,2,1,1,5
99,149.41557046979838,298,24,6,68,0.08053691275167785,68,6,1,1,1,1,1,7
100,160.18786885245987,305,24,6,70,0.07868852459016394,68,10,1,1,1,2,2,9
101,132.37096385542208,415,24,6,73,0.05783132530120482,68,8,1,1,1,2,2,7
102,132.5004166666683,384,24,6,72,0.0625,68,6,1,1,1,1,1,5
103,136.42472527472606,364,24,6,71,0.06593406593406594,68,6,1,1,2,2,1,3
104,169.60722222222356,288,24,6,70,0.08333333333333333,68,12,2,1,2,2,2,5
105,163.59545741324925,317,24,6,68,0.07570977917981073,68,12,2,1,3,1,4,7
106,127.0541920374712,427,24,6,74,0.05620608899297424,68,7,1,1,3,2,1,5
107,130.98510204081552,392,24,6,73,0.061224489795918366,68,6,1,1,1,3,1,3
108,127.73026431718154,454,24,6,75,0.05286343612334802,68,9,1,1,1,1,3,8
109,132.79841269841464,504,24,6,76,0.047619047619047616,68,14,1,2,3,1,4,9
110,165.07971223021545,278,24,6,64,0.08633093525179857,68,10,1,1,2,1,4,7
111,67.94124293785143,708,24,6,76,0.03389830508474576,68,6,2,1,2,1,1,3
112,158.8632551319662,341,24,6,69,0.07038123167155426,68,12,1,1,1,3,2,10
113,172.02482758620835,290,24,6,68,0.08275862068965517,68,13,1,1,2,3,3,9
114,129.82247956403242,367,24,6,71,0.0653950953678474,68,4,1,1,1,1,2,3
115,106.37825311943081,561,24,6,76,0.0427807486631016,68,9,1,1,1,1,1,10
116,136.87696682464508,422,24,6,72,0.05687203791469194,68,10,1,1,1,1,2,10
117,127.96445292620908,393,24,6,75,0.061068702290076333,68,5,1,1,1,2,1,3
118,132.6615458937211,414,24,6,74,0.057971014492753624,68,8,1,1,3,1,2,5
119,120.64522522522601,444,24,6,74,0.05405405405405406,68,6,1,1,2,1,2,4
120,164.5658718861221,281,24,6,65,0.08540925266903915,68,10,1,1,1,1,3,9
121,140.0657002457016,407,24,6,74,0.05896805896805897,68,10,1,1,3,2,1,5
122,125.856450216451,462,24,6,72,0.05194805194805195,68,9,2,1,1,3,1,5
123,125.28691358024764,405,24,6,72,0.05925925925925926,68,5,1,1,1,1,1,5
124,118.26727272727177,440,24,6,72,0.05454545454545454,68,5,1,1,1,1,1,6
125,137.257529691212,421,24,6,74,0.057007125890736345,68,10,1,1,3,1,1,9
126,141.5297122302157,278,24,6,69,0.08633093525179857,68,2,1,1,1,1,1,3
127,136.37390243902402,410,24,6,73,0.05853658536585366,68,9,1,1,1,2,3,7
128,89.35847860538867,631,24,6,76,0.03803486529318542,68,8,1,1,1,1,2,4
129,118.04213075060595,413,24,6,76,0.05811138014527845,68,3,1,1,1,1,1,3
130,164.63881720430348,372,24,6,69,0.06451612903225806,68,16,1,2,3,3,3,10
131,150.53246575342473,292,24,6,67,0.0821917808219178,68,6,1,1,1,2,1,4
132,159.98679738562265,306,24,6,70,0.0784313725490196,68,10,1,1,1,2,1,10
133,149.57948881789272,313,24,6,70,0.07667731629392971,68,7,1,1,1,1,3,5
134,129.5806265664164,399,24,6,73,0.06015037593984962,68,6,1,1,1,1,1,6
135,129.76364485981216,428,24,6,73,0.056074766355140186,68,8,1,1,3,1,2,4
136,68.15105740181116,662,24,6,76,0.03625377643504532,68,3,1,1,1,1,1,4
137,130.30315789473633,380,24,6,72,0.06315789473684211,68,5,1,1,1,1,1,6
138,154.3257142857164,350,24,6,72,0.06857142857142857,68,11,2,1,2,1,2,7
139,133.26330900243295,411,24,6,74,0.058394160583941604,68,8,1,1,1,1,2,5
140,107.23459227467707,466,24,6,74,0.05150214592274678,68,3,1,1,1,1,2,3
141,114.90305019305191,518,24,6,75,0.04633204633204633,68,9,1,1,1,1,3,8
142,118.23231422505219,471,24,6,74,0.050955414012738856,68,7,1,1,1,1,3,5
143,119.98587360594946,538,24,6,76,0.04460966542750929,68,12,1,1,3,1,2,10
144,182.14910052910128,189,24,6,54,0.12698412698412698,68,10,1,1,1,1,4,6
145,133.77509803921572,408,24,6,73,0.058823529411764705,68,8,1,1,2,1,1,7
146,122.51202020202071,495,24,6,75,0.048484848484848485,68,10,1,1,1,1,3,9
147,171.5500000000004,200,24,6,61,0.12,68,7,1,1,1,1,1,4
148,152.3966666666684,375,24,6,73,0.064,68,12,1,2,1,3,4,6
149,156.87573289902357,307,24,6,71,0.0781758957654723,69,9,1,2,1,1,1,9
150,117.83141649048521,473,24,6,74,0.0507399577167019,69,7,1,1,1,2,1,4
151,151.44940119760608,334,24,6,71,0.0718562874251497,69,9,1,1,1,1,1,10
152,146.50737967914546,374,24,6,72,0.06417112299465241,69,10,1,1,1,1,3,7
153,176.8480346820812,173,24,6,59,0.13872832369942195,69,7,1,1,1,1,4,3
154,122.55691358024632,405,24,6,75,0.05925925925925926,69,4,1,1,1,1,2,3
155,120.9436448598137,428,24,6,75,0.056074766355140186,69,5,1,1,1,2,1,4
156,143.0521148036263,331,24,6,71,0.07250755287009064,69,6,1,2,1,1,1,4
157,122.95371364653205,447,24,6,73,0.053691275167785234,69,7,1,1,1,1,3,5
158,147.11239766081863,342,24,6,74,0.07017543859649122,69,8,2,1,1,1,1,8
159,88.357232704401,636,24,6,76,0.03773584905660377,69,8,1,1,1,1,4,3
160,165.8660207612471,289,24,6,64,0.08304498269896193,69,11,1,1,1,1,4,6
161,170.92453183520672,267,24,6,71,0.0898876404494382,69,11,1,1,1,1,3,10
162,157.66700831025167,361,24,6,67,0.0664819944598338,69,13,1,1,3,1,3,10
163,120.98761726078871,533,24,6,76,0.0450281425891182,71,12,1,2,3,1,2,7
164,89.78722408026613,598,24,6,74,0.04013377926421405,71,6,1,1,1,2,1,5
165,170.7445318352071,267,24,6,69,0.0898876404494382,71,11,1,2,1,1,4,8
166,131.38641025640942,390,24,6,73,0.06153846153846154,71,6,1,1,1,1,3,4
167,151.78211480362742,331,24,6,68,0.07250755287009064,71,9,1,1,1,1,2,8
168,138.43109660574518,383,24,6,69,0.06266318537859007,71,8,1,1,2,1,1,8
169,104.51833333333289,480,24,6,75,0.05,71,3,1,1,1,1,1,4
170,136.38030030029964,333,24,6,68,0.07207207207207207,71,4,1,1,1,1,1,3
171,104.38484288354942,541,24,6,76,0.04436229205175601,71,7,1,1,1,1,1,8
172,114.80449897750503,489,24,6,76,0.049079754601226995,71,7,2,1,1,1,1,7
173,160.17843205575,287,24,6,63,0.08362369337979095,71,9,1,1,1,1,2,9
174,135.326919739699,461,24,6,75,0.052060737527114966,71,12,1,1,1,3,4,7
175,136.1338071066003,394,24,6,68,0.06091370558375635,71,8,1,1,1,1,4,4
176,178.93900369003794,271,24,6,69,0.08856088560885608,71,14,1,1,2,3,4,9
177,137.46154518950397,343,24,6,69,0.06997084548104957,71,5,1,1,2,1,1,5
178,119.39752475247441,404,24,6,71,0.0594059405940594,71,3,1,1,1,1,1,4
179,150.35498525073876,339,24,6,70,0.07079646017699115,71,9,1,2,1,1,1,9
180,140.5973796791451,374,24,6,73,0.06417112299465241,71,8,1,1,3,1,1,6
181,134.65866348448753,419,24,6,74,0.057279236276849645,71,9,2,1,2,1,2,7
182,114.00115942029005,552,24,6,74,0.043478260869565216,71,11,1,2,2,2,1,9
183,136.4552519893896,377,24,6,67,0.0636604774535809,71,7,1,1,3,1,1,6
184,143.08746031746034,315,24,6,69,0.0761904761904762,71,5,1,1,1,1,1,5
185,112.91703933747469,483,24,6,75,0.049689440993788817,71,6,1,1,1,2,2,4
186,134.6623976608185,342,24,6,69,0.07017543859649122,71,4,2,1,1,1,1,2
187,108.2914882032655,551,24,6,75,0.043557168784029036,72,9,1,1,3,1,1,8
188,128.53876826722583,479,24,6,73,0.05010438413361169,72,11,1,1,2,1,2,10
189,125.04123893805433,452,24,6,74,0.05309734513274336,72,8,1,1,1,3,1,7
190,175.96813471502642,193,24,6,61,0.12435233160621761,72,8,1,1,1,1,3,7
191,89.36638935108013,601,24,6,76,0.03993344425956739,72,6,1,1,1,1,1,5
192,145.56894736842136,304,24,6,72,0.07894736842105263,72,5,1,1,1,1,1,5
193,130.12186440678107,472,24,6,75,0.05084745762711865,72,11,1,1,1,3,1,10
194,146.77813895781813,403,24,6,73,0.05955334987593052,72,12,2,1,1,1,4,9
195,127.13576131687145,486,24,6,73,0.04938271604938271,72,11,2,1,2,1,1,10
196,145.47316455696233,395,24,6,74,0.060759493670886074,72,11,1,1,2,2,2,9
197,153.6536245954706,309,24,6,73,0.07766990291262135,72,8,2,1,1,1,2,7
198,150.86055900621093,322,24,6,71,0.07453416149068323,72,8,1,1,1,1,2,8
199,143.70670033670035,297,24,6,69,0.08080808080808081,72,4,1,1,1,1,1,3
200,140.82906735751416,386,24,6,69,0.06217616580310881,72,9,1,2,1,1,1,6
201,128.82920502092134,478,24,6,74,0.0502092050209205,72,11,1,1,2,2,2,6
202,84.18778523489792,596,24,6,74,0.040268456375838924,72,4,1,1,1,1,2,3
203,122.76923444976113,418,24,6,73,0.05741626794258373,72,5,2,1,1,1,1,5
204,69.53157894736654,760,24,6,76,0.031578947368421054,72,10,2,1,1,1,1,10
205,83.58286644950996,614,24,6,74,0.03908794788273615,72,5,1,1,1,1,1,4
206,139.77509803921822,408,24,6,73,0.058823529411764705,72,10,1,1,1,3,1,6
207,122.04123893805372,452,24,6,74,0.05309734513274336,72,7,1,1,1,2,1,6
208,145.3944654088066,318,24,6,68,0.07547169811320754,72,6,2,1,1,1,1,6
209,112.9441327623121,467,24,6,73,0.05139186295503212,72,5,1,1,1,1,1,4
210,100.33618556700957,485,24,6,73,0.049484536082474224,72,2,1,1,1,1,2,2
211,121.73779043280264,439,24,6,75,0.05466970387243736,72,6,1,1,1,1,1,6
212,105.00621973929256,537,24,6,74,0.0446927374301676,72,7,1,2,1,1,1,7
213,143.2869135802492,405,24,6,72,0.05925925925925926,72,11,1,1,1,3,3,7
214,152.08069767442035,344,24,6,67,0.06976744186046512,72,10,1,2,3,2,1,4
215,151.5473563218403,348,24,6,70,0.06896551724137931,72,10,1,1,1,1,2,10
216,158.17746031746105,315,24,6,70,0.0761904761904762,72,10,1,1,1,1,2,10
217,69.12391573730049,807,24,6,76,0.02973977695167286,72,13,1,1,3,3,2,9
218,131.38641025641044,390,24,6,73,0.06153846153846154,72,6,1,1,2,1,1,6
219,134.66752475247614,404,24,6,74,0.0594059405940594,72,8,1,1,1,2,4,3
220,135.02321428571543,448,24,6,76,0.05357142857142857,72,11,1,1,1,2,3,7
221,171.2829004329014,231,24,6,61,0.1038961038961039,72,9,2,1,1,1,3,7
222,161.5858103975546,327,24,6,68,0.07339449541284404,72,12,1,1,3,1,3,9
223,148.51472527472743,364,24,6,72,0.06593406593406594,72,10,2,1,2,1,1,9
224,89.4766666666656,600,24,6,75,0.04,72,6,1,1,2,1,1,6
225,162.93231884058048,276,24,6,69,0.08695652173913043,72,9,1,1,1,2,3,5
226,136.26330900243437,411,24,6,74,0.058394160583941604,72,9,1,1,2,3,1,7
227,135.5806265664173,399,24,6,73,0.06015037593984962,72,8,1,1,1,1,1,9
228,158.47487804878187,328,24,6,69,0.07317073170731707,72,11,1,1,1,3,3,6
229,102.69214936247658,549,24,6,75,0.04371584699453552,72,7,2,1,3,1,1,4
230,157.21446540880686,318,24,6,66,0.07547169811320754,72,10,1,1,1,3,2,7
231,133.77385224274553,379,24,6,75,0.0633245382585752,72,6,2,1,1,1,1,6
232,101.76694490817974,599,24,6,76,0.04006677796327212,72,10,1,1,2,1,4,7
233,174.7167973856226,306,24,6,67,0.0784313725490196,72,15,2,1,3,3,2,10
234,140.13123893805593,452,24,6,75,0.05309734513274336,72,13,1,1,1,3,4,9
235,122.20041474654366,434,24,6,69,0.055299539170506916,72,6,1,1,1,1,1,7
236,162.2201360544221,294,24,6,68,0.08163265306122448,72,10,1,1,2,1,2,9
237,80.66527950310568,644,24,6,75,0.037267080745341616,72,6,1,1,2,1,3,3
238,116.22161290322494,496,24,6,74,0.04838709677419355,72,8,1,1,1,1,2,8
239,88.55748031495914,635,24,6,76,0.03779527559055118,72,8,2,1,1,1,2,7
240,111.57573363431055,443,24,6,71,0.05417607223476298,72,3,1,1,1,1,1,2
241,168.68152263374614,243,24,6,59,0.09876543209876543,72,9,1,1,3,1,1,5
242,153.3897402597421,385,24,6,73,0.06233766233766234,72,13,1,1,3,3,1,10
243,150.90330900243305,411,24,6,70,0.058394160583941604,72,14,1,1,3,2,3,10
244,98.09450184501736,542,24,6,75,0.04428044280442804,72,5,1,1,2,1,1,4
245,147.8236426116836,291,24,6,68,0.08247422680412371,72,5,1,1,2,1,1,5
246,200.64471264367836,174,24,6,59,0.13793103448275862,72,15,2,1,3,2,4,9
247,114.3865671641801,536,24,6,76,0.04477611940298507,72,10,1,2,1,1,1,10
248,148.6947252747258,364,24,6,74,0.06593406593406594,72,10,1,1,1,1,2,10
249,90.97301038062147,578,24,6,76,0.04152249134948097,72,5,1,1,1,1,3,3
250,106.11315018314963,546,24,6,73,0.04395604395604396,72,8,1,1,1,1,1,9
251,126.31366598778132,491,24,6,75,0.048879837067209775,72,11,1,2,3,1,4,4
252,112.40348623853085,545,24,6,74,0.044036697247706424,72,10,1,1,1,3,1,6
253,89.99636684303252,567,24,6,74,0.042328042328042326,72,4,2,1,1,1,1,2
254,150.46585798816758,338,24,6,69,0.07100591715976332,72,9,1,1,1,1,3,6
255,166.21900369003833,271,24,6,61,0.08856088560885608,72,10,1,1,3,1,2,7
256,70.13477088948605,742,24,6,76,0.03234501347708895,72,9,1,1,2,1,1,9
257,59.0429787234024,752,24,6,75,0.031914893617021274,72,6,1,1,1,2,1,5
258,129.86624434389248,442,24,6,72,0.05429864253393665,72,9,1,2,1,2,3,3
259,169.28764705882435,272,24,6,64,0.08823529411764706,72,11,1,1,3,1,4,4
260,70.55037593984933,665,24,6,76,0.03609022556390978,72,4,1,1,1,1,2,3
261,130.14231422505313,471,24,6,73,0.050955414012738856,72,11,2,1,1,1,2,10
262,106.38949152542446,590,24,6,74,0.04067796610169491,72,11,2,1,3,1,3,6
263,143.70875621890795,402,24,6,70,0.05970149253731343,72,11,1,1,1,1,4,9
264,151.32571428571595,350,24,6,72,0.06857142857142857,72,10,1,1,2,3,2,4
265,127.63321961620623,469,24,6,74,0.0511727078891258,72,10,2,1,1,1,3,8
266,128.8372386587789,507,24,6,72,0.047337278106508875,73,13,1,2,2,3,4,6
267,120.20325203252108,492,24,6,76,0.04878048780487805,73,9,1,1,1,1,1,10
268,114.73491803278586,488,24,6,73,0.04918032786885246,73,7,1,1,2,1,1,7
269,152.17525198939174,377,24,6,75,0.0636604774535809,73,12,1,1,1,3,3,9
270,154.33472527472688,364,24,6,70,0.06593406593406594,73,12,2,1,1,1,3,10
271,99.692149362476,549,24,6,75,0.04371584699453552,77,6,1,1,1,1,1,5
272,183.45816326530613,245,24,6,61,0.09795918367346938,77,14,1,2,2,3,3,6
273,97.77421602787555,574,24,6,76,0.041811846689895474,77,7,1,1,1,1,3,6
274,161.94581039755533,327,24,6,72,0.07339449541284404,77,12,1,1,3,3,3,7
275,106.59889087656398,559,24,6,74,0.04293381037567084,77,9,1,1,2,2,4,4
276,158.56160642570293,249,24,6,60,0.0963855421686747,77,6,1,1,2,1,3,3
277,127.84831050228212,438,24,6,74,0.0547945205479452,77,8,1,1,1,3,2,6
278,145.27247956403397,367,24,6,76,0.0653950953678474,77,9,1,1,1,1,3,5
279,130.60472527472527,364,24,6,73,0.06593406593406594,77,4,1,1,2,1,1,4
280,135.96419203747206,427,24,6,73,0.05620608899297424,77,10,1,1,1,1,3,6
281,103.16474464579836,607,24,6,76,0.039538714991762765,77,11,1,2,2,2,1,9
282,149.13123893805587,452,24,6,75,0.05309734513274336,77,16,2,1,2,3,4,10
283,111.30762845849694,506,24,6,75,0.04743083003952569,77,7,1,1,1,2,1,7
284,157.43653295129118,349,24,6,71,0.06876790830945559,77,12,1,1,3,1,2,10
285,166.09052863436094,227,24,6,61,0.10572687224669604,77,7,1,1,1,1,1,8
286,101.15822784810132,632,24,6,76,0.0379746835443038,77,12,2,2,2,2,2,5
287,139.30315789473718,380,24,6,72,0.06315789473684211,77,8,1,1,2,1,2,4
288,137.37271714922244,449,24,6,71,0.053452115812917596,77,12,1,1,2,1,4,9
289,175.46370078740281,254,24,6,59,0.09448818897637795,77,12,1,1,1,1,4,10
290,78.1522070015205,657,24,6,76,0.0365296803652968,77,6,2,1,1,1,1,4
291,150.69100271002864,369,24,6,74,0.06504065040650407,77,11,1,1,1,3,2,9
292,156.62173913043694,368,24,6,71,0.06521739130434782,77,13,2,2,3,1,1,10
293,124.71939393939545,528,24,6,73,0.045454545454545456,77,13,1,2,1,3,4,5
294,162.03089887640593,356,24,6,71,0.06741573033707865,77,14,1,1,3,2,3,10
295,74.4518439716295,705,24,6,75,0.03404255319148936,77,8,1,1,1,1,4,5
296,145.65333333333442,300,24,6,64,0.08,77,5,2,1,1,1,1,4
297,105.77730496453779,564,24,6,76,0.0425531914893617,77,9,1,1,2,1,3,7
298,134.7532142857146,448,24,6,73,0.05357142857142857,77,11,1,2,1,2,1,10
299,108.78726591760177,534,24,6,76,0.0449438202247191,77,8,1,1,1,1,3,7
300,124.84831050228347,438,24,6,74,0.0547945205479452,77,7,2,1,1,1,2,4
301,155.78840637450227,251,24,6,67,0.09561752988047809,77,5,1,1,1,1,3,4
302,146.50985507246378,345,24,6,74,0.06956521739130435,77,8,1,1,1,1,1,9
303,167.58682539682522,252,24,6,67,0.09523809523809523,77,9,1,1,1,1,4,7
304,161.71878787878876,264,24,6,62,0.09090909090909091,77,8,1,1,1,1,2,8
305,140.96169014084532,355,24,6,68,0.0676056338028169,77,7,1,1,3,1,1,6
306,139.31397260273985,365,24,6,72,0.06575342465753424,77,7,1,1,1,3,1,6
307,105.57699115044116,565,24,6,76,0.04247787610619469,77,9,2,2,3,1,3,4
308,133.73624309392198,362,24,6,70,0.06629834254143646,77,5,1,1,2,2,1,3
309,169.28759689922592,258,24,6,66,0.09302325581395349,77,10,1,1,1,3,1,9
310,157.4249635036497,274,24,6,70,0.08759124087591241,77,7,1,1,1,2,1,6
311,150.7705590062118,322,24,6,70,0.07453416149068323,77,8,1,2,2,1,2,5
312,115.49867924528178,530,24,6,75,0.045283018867924525,77,10,1,1,1,3,1,9
313,138.77055900621056,322,24,6,70,0.07453416149068323,77,4,1,1,1,1,1,4
314,164.58593984962482,266,24,6,65,0.09022556390977443,77,9,1,1,1,1,4,6
315,165.60129692832837,293,24,6,70,0.08191126279863481,77,11,1,1,1,1,3,10
316,140.65866348448935,419,24,6,74,0.057279236276849645,77,11,1,1,2,2,3,8
317,97.97006802720978,588,24,6,76,0.04081632653061224,77,8,1,1,1,1,1,8
318,142.85120481927717,332,24,6,71,0.07228915662650602,77,6,1,1,1,2,1,6
319,141.47362459546977,309,24,6,71,0.07766990291262135,77,4,1,1,1,1,1,4
320,143.58089887640418,356,24,6,66,0.06741573033707865,77,8,1,2,1,1,1,5
321,70.1347708894863,742,24,6,76,0.03234501347708895,77,9,1,1,1,1,2,9
322,119.51833333333315,480,24,6,75,0.05,77,8,2,1,1,1,1,5
323,109.80416206261643,543,24,6,74,0.04419889502762431,77,9,1,1,1,1,3,8
324,154.8845502645521,378,24,6,74,0.06349206349206349,77,13,1,2,1,3,3,6
325,148.49380710660117,394,24,6,72,0.06091370558375635,77,12,2,1,2,1,3,8
326,144.35038461538622,416,24,6,75,0.057692307692307696,77,12,1,1,1,3,2,10
327,147.64585798816535,338,24,6,71,0.07100591715976332,77,8,1,1,1,1,1,9
328,152.34303030303192,330,24,6,72,0.07272727272727272,77,9,2,1,2,1,1,7
329,160.84910505836666,257,24,6,70,0.0933852140077821,77,7,1,1,1,1,2,6
330,85.33774104683201,726,24,6,76,0.03305785123966942,77,13,1,2,1,1,4,10
331,169.73313432835906,268,24,6,60,0.08955223880597014,77,11,1,1,3,1,1,10
332,176.69840637450292,251,24,6,66,0.09561752988047809,77,12,2,2,3,2,1,4
333,154.94087719298358,285,24,6,67,0.08421052631578947,77,7,1,1,1,1,1,7
334,170.65587188612216,281,24,6,66,0.08540925266903915,77,12,1,1,3,2,2,9
335,159.77055900621284,322,24,6,70,0.07453416149068323,77,11,1,1,1,2,3,9
336,127.34474178403795,426,24,6,75,0.056338028169014086,77,7,1,1,1,1,2,6
337,149.28847133757927,314,24,6,69,0.07643312101910828,77,7,1,1,1,1,1,7
338,104.40018018018021,555,24,6,74,0.043243243243243246,77,8,1,1,1,1,1,9
339,179.898787878789,264,24,6,64,0.09090909090909091,77,14,1,2,3,2,4,6
340,146.55691358024927,405,24,6,75,0.05925925925925926,77,12,2,1,1,1,3,10
341,179.6300000000012,250,24,6,63,0.096,77,13,1,1,1,3,3,10
342,171.419184549356,233,24,6,67,0.10300429184549356,77,9,2,2,1,1,3,6
343,135.61271844660266,412,24,6,69,0.05825242718446602,77,9,1,1,1,3,2,6
344,136.4039726027404,365,24,6,73,0.06575342465753424,77,6,1,1,1,1,1,7
345,119.04123893805235,452,24,6,74,0.05309734513274336,77,6,1,1,1,1,1,5
346,141.6804166666662,384,24,6,74,0.0625,78,9,1,1,1,2,4,4
347,106.89416206261656,543,24,6,75,0.04419889502762431,78,8,1,1,2,1,2,6
348,131.74041474654504,434,24,6,75,0.055299539170506916,78,9,1,1,1,1,1,10
349,138.17173913043518,368,24,6,66,0.06521739130434782,78,7,1,1,1,2,2,6
350,137.37691358024838,405,24,6,73,0.05925925925925926,78,9,1,1,2,1,1,9
351,94.76977928692564,589,24,6,76,0.04074702886247878,78,7,1,1,1,1,1,8
352,97.98939393939276,528,24,6,76,0.045454545454545456,78,4,1,1,1,1,1,5
353,124.05419203747044,427,24,6,74,0.05620608899297424,78,6,1,1,1,3,1,2
354,148.59545741325,317,24,6,68,0.07570977917981073,78,7,1,1,1,1,1,8
355,77.94224751066685,703,24,6,76,0.034139402560455195,78,9,2,1,1,1,1,6
356,125.43809651474456,373,24,6,69,0.064343163538874,78,3,1,1,1,1,1,4
357,111.93573363431065,443,24,6,75,0.05417607223476298,78,3,1,1,1,2,1,3
358,188.2907692307697,208,24,6,65,0.11538461538461539,78,13,1,1,2,2,3,10
359,97.72953321364454,557,24,6,71,0.04308797127468582,78,6,1,1,1,1,3,4
360,128.95371364653286,447,24,6,73,0.053691275167785234,78,9,1,1,1,1,4,4
361,141.32169014084582,355,24,6,72,0.0676056338028169,78,7,1,1,1,1,2,6
362,84.98077170417862,622,24,6,74,0.03858520900321544,78,6,1,1,1,1,3,5
363,113.02746887966697,482,24,6,74,0.04979253112033195,78,6,1,1,1,2,1,5
364,149.2398550724657,345,24,6,71,0.06956521739130435,78,9,1,1,1,1,4,7
365,121.20533880903503,487,24,6,76,0.049281314168377825,78,9,1,2,1,2,3,4
366,131.1969135802486,405,24,6,71,0.05925925925925926,78,7,1,2,1,3,1,4
367,118.39379844961442,516,24,6,76,0.046511627906976744,78,10,1,2,1,1,3,8
368,126.54255813953557,430,24,6,75,0.05581395348837209,78,7,1,1,1,1,1,8
369,98.7060563380292,568,24,6,73,0.04225352112676056,78,7,1,1,1,2,1,4
370,148.1940909090922,352,24,6,75,0.06818181818181818,78,9,1,1,1,1,4,6
371,87.08182130584063,582,24,6,75,0.041237113402061855,78,4,1,1,1,1,1,5
372,106.08793594306229,562,24,6,75,0.042704626334519574,78,9,1,1,1,2,2,5
373,160.5744654088063,318,24,6,70,0.07547169811320754,78,11,1,1,3,1,3,6
374,141.3549852507379,339,24,6,70,0.07079646017699115,78,6,1,1,1,1,2,6
375,108.43841269841352,504,24,6,72,0.047619047619047616,78,6,1,1,1,2,2,5
376,95.17482517482387,572,24,6,76,0.04195804195804196,78,6,1,1,1,1,1,6
377,137.29487804878013,328,24,6,67,0.07317073170731707,78,4,1,1,2,1,1,4
378,126.19999999999932,400,24,6,71,0.06,78,5,1,1,1,1,1,4
379,76.86432098765277,648,24,6,75,0.037037037037037035,78,5,1,1,1,1,1,4
380,148.3049002849018,351,24,6,74,0.06837606837606838,78,9,1,1,1,1,2,8
381,148.01347962382502,319,24,6,66,0.07523510971786834,78,7,1,1,1,1,1,5
382,109.08793594306107,562,24,6,75,0.042704626334519574,78,10,1,1,2,1,2,9
383,162.88722222222324,288,24,6,62,0.08333333333333333,78,10,1,1,1,1,2,10
384,117.62449897750616,489,24,6,74,0.049079754601226995,78,8,1,2,1,1,2,4
385,99.58181818181693,550,24,6,76,0.04363636363636364,78,6,1,1,1,1,1,7
386,131.22777777777702,360,24,6,71,0.06666666666666667,78,4,1,1,1,1,2,3
387,118.71939393939476,528,24,6,73,0.045454545454545456,78,11,2,2,2,1,2,4
388,129.5509638554223,415,24,6,75,0.05783132530120482,78,7,1,1,1,2,2,6
389,64.94430014429852,693,24,6,76,0.03463203463203463,78,4,1,1,1,1,1,5
390,122.99685039370232,508,24,6,76,0.047244094488188976,78,11,2,2,2,1,3,7
391,157.47030030030194,333,24,6,69,0.07207207207207207,78,11,2,2,2,1,1,9
392,110.43505376344065,465,24,6,74,0.05161290322580645,78,4,1,2,1,1,2,2
393,92.76286644951091,614,24,6,76,0.03908794788273615,78,8,1,1,1,1,1,9
394,111.81786492374636,459,24,6,76,0.05228758169934641,78,4,1,1,1,1,1,5
395,168.81250000000165,320,24,6,66,0.075,78,14,1,2,3,2,4,8
396,154.96211480362643,331,24,6,70,0.07250755287009064,78,10,1,1,3,3,2,4
397,139.02322404371657,366,24,6,71,0.06557377049180328,78,7,1,1,2,1,1,7
398,154.85901734104252,346,24,6,69,0.06936416184971098,78,11,1,1,1,1,4,9
399,160.0884320557507,287,24,6,62,0.08362369337979095,78,9,1,1,2,2,1,5
400,174.25650406504172,246,24,6,61,0.0975609756097561,78,11,2,1,2,2,1,9
401,149.2674603174611,315,24,6,71,0.0761904761904762,78,7,1,1,1,1,1,8
402,134.38041474654568,434,24,6,71,0.055299539170506916,78,10,2,1,1,1,1,10
403,84.16750418760331,597,24,6,76,0.04020100502512563,78,4,1,1,1,1,1,3
404,100.48857142857163,560,24,6,75,0.04285714285714286,78,7,1,1,1,1,1,7
405,118.80040080160265,499,24,6,76,0.04809619238476954,78,9,1,2,1,1,3,6
406,165.37364261168523,291,24,6,63,0.08247422680412371,78,11,1,1,1,2,4,8
407,183.70859649122877,228,24,6,59,0.10526315789473684,78,13,2,2,1,2,3,8
408,67.74104372355258,709,24,6,76,0.03385049365303244,78,6,1,1,1,1,1,5
409,163.3549377593361,241,24,6,62,0.0995850622406639,78,7,1,1,1,1,3,4
410,107.7328397565912,493,24,6,73,0.0486815415821501,78,5,1,1,1,2,1,5
411,99.90880715705656,503,24,6,75,0.04771371769383698,78,3,1,1,1,1,1,3
412,71.16792899408253,676,24,6,74,0.03550295857988166,78,5,1,1,1,1,1,6
413,121.73080321285026,498,24,6,73,0.04819277108433735,78,10,2,2,1,1,1,9
414,97.97452006980748,573,24,6,76,0.041884816753926704,78,7,1,2,1,1,2,4
415,105.3814882032665,551,24,6,76,0.043557168784029036,78,8,1,1,1,3,1,5
416,108.99331022530416,577,24,6,74,0.0415944540727903,78,11,1,1,2,1,2,10
417,143.19595744681035,376,24,6,73,0.06382978723404255,78,9,1,2,1,2,1,8
418,138.63328611897987,353,24,6,71,0.0679886685552408,78,6,1,1,1,2,1,4
419,125.5809468822174,433,24,6,71,0.05542725173210162,78,7,1,1,1,1,1,8
420,168.144858299596,247,24,6,62,0.09716599190283401,78,9,1,2,1,1,4,6
421,137.6504147465431,434,24,6,74,0.055299539170506916,78,11,1,1,1,1,3,10
422,46.43048192771081,830,24,6,75,0.02891566265060241,78,7,1,1,1,1,2,7
423,85.86797788309485,633,24,6,75,0.037914691943127965,78,7,1,1,2,1,2,4
424,134.63551724138125,464,24,6,74,0.05172413793103448,78,12,1,1,3,2,3,6
425,167.31593984962478,266,24,6,62,0.09022556390977443,78,10,1,1,1,2,2,9
426,189.79322314049668,242,24,6,58,0.09917355371900827,78,16,1,1,3,3,4,10
427,134.7596436058698,477,24,6,71,0.050314465408805034,78,13,2,1,3,2,3,6
428,128.7667359050438,337,24,6,59,0.0712166172106825,78,2,1,1,1,1,2,2
429,165.55052863436208,227,24,6,55,0.10572687224669604,78,7,1,1,1,1,2,7
430,115.11832391713715,531,24,6,73,0.04519774011299435,78,10,1,1,1,1,2,10
431,57.72919896640682,774,24,6,76,0.031007751937984496,78,7,1,1,1,1,1,7
432,138.9972727272751,440,24,6,69,0.05454545454545454,78,12,1,1,2,1,3,10
433,124.23929824561331,456,24,6,74,0.05263157894736842,78,8,1,1,2,1,3,6
434,165.1466812227072,229,24,6,55,0.10480349344978165,78,7,2,1,1,1,2,4
435,125.72120458890979,523,24,6,73,0.045889101338432124,78,13,1,2,2,1,3,10
436,99.96051364366137,623,24,6,76,0.038523274478330656,78,11,1,1,1,2,4,8
437,115.75075055187537,453,24,6,73,0.052980132450331126,78,5,2,1,3,1,1,3
438,102.12762845849687,506,24,6,73,0.04743083003952569,78,4,1,1,1,1,1,4
439,147.38959752322023,323,24,6,68,0.07430340557275542,78,7,1,1,1,2,2,4
440,78.45598540145974,685,24,6,75,0.035036496350364967,78,8,1,1,3,1,1,7
441,130.72321961620403,469,24,6,75,0.0511727078891258,78,11,1,1,1,3,3,5
442,75.14245014244926,702,24,6,76,0.03418803418803419,78,8,1,1,1,1,2,8
443,140.89769230769176,325,24,6,67,0.07384615384615385,78,5,1,1,1,1,1,6
444,120.45097046413606,474,24,6,72,0.05063291139240506,78,8,1,2,1,1,1,4
445,115.80416206261718,543,24,6,74,0.04419889502762431,78,11,1,1,1,3,2,9
446,84.26243902438966,656,24,6,75,0.036585365853658534,78,8,1,1,1,2,1,8
447,130.47584905660497,424,24,6,72,0.05660377358490566,78,8,1,1,1,3,3,4
448,121.57831050228216,438,24,6,71,0.0547945205479452,78,6,1,1,1,2,1,6
449,158.83160642570394,249,24,6,63,0.0963855421686747,78,6,1,1,2,1,1,4
450,116.2417294900212,451,24,6,74,0.05321507760532151,78,5,1,1,1,1,2,2
451,89.54492753623302,690,24,6,76,0.034782608695652174,78,12,2,1,3,1,2,9
452,138.46522522522596,444,24,6,72,0.05405405405405406,78,12,2,1,2,2,2,9
453,81.35243902438867,656,24,6,76,0.036585365853658534,78,7,1,1,1,1,3,5
454,89.95923566878976,628,24,6,76,0.03821656050955414,78,8,1,1,2,2,1,4
455,80.95923566878832,628,24,6,76,0.03821656050955414,78,5,1,1,1,3,1,3
456,138.92390243902636,410,24,6,68,0.05853658536585366,78,10,1,1,1,1,3,9
457,145.8930303030299,330,24,6,67,0.07272727272727272,78,7,1,1,1,1,2,7
458,93.74947683109309,669,24,6,76,0.03587443946188341,78,12,1,1,1,3,2,10
459,107.27638935108176,601,24,6,75,0.03993344425956739,78,12,1,1,2,2,3,9
460,146.68027027027148,370,24,6,65,0.06486486486486487,78,10,1,1,1,2,4,7
461,79.76749262536822,678,24,6,74,0.035398230088495575,78,8,1,1,1,1,1,9
462,114.18621973929349,537,24,6,76,0.0446927374301676,78,10,1,1,1,3,3,7
463,129.33419203747164,427,24,6,66,0.05620608899297424,78,8,1,1,1,1,3,5
464,125.74011204481721,357,24,6,70,0.06722689075630252,78,2,1,1,1,1,1,2
465,128.1593577981654,436,24,6,73,0.05504587155963303,78,8,1,1,1,1,1,5
466,96.29806722688976,595,24,6,73,0.040336134453781515,78,8,1,1,1,1,1,7
467,159.31013605442297,294,24,6,69,0.08163265306122448,78,9,1,1,1,2,2,8
468,106.6038235294121,544,24,6,74,0.04411764705882353,78,8,1,1,1,1,1,9
469,126.95624434389214,442,24,6,73,0.05429864253393665,78,8,1,1,1,1,2,7
470,107.289856115109,556,24,6,75,0.04316546762589928,78,9,1,1,2,1,1,7
471,129.41213075060523,413,24,6,69,0.05811138014527845,78,7,1,1,1,1,2,4
472,143.454609929078,282,24,6,66,0.0851063829787234,78,3,1,1,1,1,1,3
473,128.96148148148302,432,24,6,73,0.05555555555555555,78,8,2,2,1,1,2,6
474,125.17988505747172,435,24,6,71,0.05517241379310345,78,7,1,1,1,1,2,6
475,176.7616793893142,262,24,6,58,0.0916030534351145,78,13,1,1,2,3,4,6
476,119.5387682672225,479,24,6,73,0.05010438413361169,78,8,1,1,1,1,1,8
477,120.5923076923086,520,24,6,76,0.046153846153846156,78,11,1,1,1,1,3,10
478,161.5478378378387,296,24,6,65,0.08108108108108109,78,10,1,1,1,1,2,10
479,139.505098039218,408,24,6,70,0.058823529411764705,78,10,1,1,1,2,3,8
480,108.54097046413452,474,24,6,73,0.05063291139240506,78,4,1,1,1,1,2,4
481,115.5694915254242,590,24,6,76,0.04067796610169491,78,14,2,1,3,1,3,10
482,116.70646365422465,509,24,6,75,0.047151277013752456,78,9,1,1,1,1,4,5
483,99.48699115044121,565,24,6,75,0.04247787610619469,78,7,1,2,1,1,3,4
484,115.9792114695348,558,24,6,76,0.043010752688172046,78,12,2,1,2,1,2,10
485,169.43112582781643,302,24,6,66,0.07947019867549669,78,13,1,1,3,2,3,5
486,124.35330900243224,411,24,6,75,0.058394160583941604,78,5,1,2,1,1,2,3
487,119.80083182640362,553,24,6,74,0.0433996383363472,78,13,1,1,2,2,3,10
488,138.7118891687672,397,24,6,70,0.060453400503778336,78,9,2,2,1,2,2,5
489,149.90246575342485,292,24,6,60,0.0821917808219178,78,6,1,1,2,2,1,4
490,154.05571428571395,350,24,6,69,0.06857142857142857,78,11,1,1,1,3,3,5
491,171.03682539682555,252,24,6,72,0.09523809523809523,78,10,1,1,2,1,4,6
492,157.82313432835917,268,24,6,61,0.08955223880597014,78,7,1,2,1,1,2,6
493,121.42445292620785,393,24,6,69,0.061068702290076333,78,3,1,1,2,1,1,3
494,101.18233766233834,616,24,6,74,0.03896103896103896,78,11,1,1,1,3,4,7
495,105.10723865877594,507,24,6,75,0.047337278106508875,78,5,2,1,1,1,1,5
496,136.91575447570375,391,24,6,70,0.061381074168797956,78,8,1,1,1,3,1,5
497,127.0462443438929,442,24,6,74,0.05429864253393665,78,8,1,1,3,3,1,3
498,176.98751243781177,201,24,6,57,0.11940298507462686,78,9,1,1,2,1,3,5
499,197.3728571428571,112,24,6,48,0.21428571428571427,78,10,1,1,1,3,3,5
500,106.8149317738803,513,24,6,74,0.04678362573099415,78,6,1,1,1,1,3,5
501,140.2622222222247,450,24,6,72,0.05333333333333334,78,13,1,1,2,3,3,9
502,133.68509803921637,408,24,6,72,0.058823529411764705,78,8,1,1,1,2,3,5
503,172.32003300330197,303,24,6,67,0.07920792079207921,78,14,1,2,3,2,2,10
504,158.38487804878116,328,24,6,68,0.07317073170731707,78,11,1,2,3,1,1,9
505,69.45285714285642,700,24,6,75,0.03428571428571429,78,6,1,2,1,2,1,5
506,121.10342359768082,517,24,6,75,0.04642166344294004,78,11,1,1,3,1,2,7
507,150.84231884057922,276,24,6,68,0.08695652173913043,79,5,2,1,1,1,1,5
508,160.4154574132496,317,24,6,66,0.07570977917981073,79,11,1,1,1,2,3,9
509,143.15051282051286,312,24,6,63,0.07692307692307693,79,5,1,1,1,2,1,5
510,132.48154589371893,414,24,6,72,0.057971014492753624,79,8,1,2,1,1,2,5
511,152.19691358024951,405,24,6,71,0.05925925925925926,79,14,1,2,3,1,4,9
512,135.38974025973943,385,24,6,73,0.06233766233766234,79,7,1,1,1,1,1,7
513,124.90630541871836,406,24,6,70,0.059113300492610835,79,5,1,1,1,1,1,5
514,141.86213075060783,413,24,6,74,0.05811138014527845,79,11,2,1,1,2,2,9
515,98.00450184501724,542,24,6,74,0.04428044280442804,79,5,1,1,1,1,1,3
516,108.87447368421164,608,24,6,75,0.039473684210526314,79,13,1,1,1,3,4,9
517,163.59545741325073,317,24,6,68,0.07570977917981073,79,12,1,1,2,2,3,9
518,131.30752475247508,404,24,6,70,0.0594059405940594,79,7,1,2,1,1,1,5
519,142.98510204081828,392,24,6,73,0.061224489795918366,79,10,1,2,1,2,1,9
520,108.83342359767786,517,24,6,72,0.04642166344294004,79,7,2,1,1,1,1,7
521,143.81881720430303,372,24,6,71,0.06451612903225806,79,9,1,1,1,2,1,9
522,97.7818122977333,618,24,6,74,0.038834951456310676,79,10,1,2,3,1,3,6
523,134.39752475247553,404,24,6,71,0.0594059405940594,79,8,1,1,1,1,2,8
524,149.15855153203512,359,24,6,68,0.06685236768802229,79,10,1,2,1,1,3,7
525,105.3969911504424,565,24,6,74,0.04247787610619469,79,9,1,1,2,3,2,6
526,124.9049317738811,513,24,6,75,0.04678362573099415,79,12,1,1,1,1,4,10
527,160.48446540880684,318,24,6,69,0.07547169811320754,79,11,2,1,1,1,3,9
528,168.4148582995955,247,24,6,65,0.09716599190283401,79,9,1,1,2,1,1,9
529,164.62999999999977,250,24,6,63,0.096,79,8,1,1,1,2,1,8
530,170.2678048780491,205,24,6,58,0.11707317073170732,79,7,1,1,1,1,2,4
531,151.7064556962032,316,24,6,67,0.0759493670886076,79,8,1,1,1,1,1,9
532,165.10101083032578,277,24,6,62,0.08664259927797834,79,10,1,2,1,1,2,7
533,51.521951219511806,820,24,6,76,0.02926829268292683,79,8,1,2,1,1,2,4
534,152.8215451895059,343,24,6,73,0.06997084548104957,79,10,1,1,3,1,3,4
535,64.13755158184163,727,24,6,76,0.033012379642365884,79,6,2,1,1,1,1,4
536,79.95082956259282,663,24,6,76,0.03619909502262444,79,7,1,1,2,1,1,4
537,135.68213075060663,413,24,6,72,0.05811138014527845,79,9,1,1,1,1,1,10
538,115.87583747927283,603,24,6,75,0.03980099502487562,79,15,1,1,2,3,4,10
539,75.04661202185744,732,24,6,75,0.03278688524590164,79,10,1,1,1,2,1,10
540,99.37667844522977,566,24,6,76,0.04240282685512368,79,7,2,1,1,1,1,7
541,146.03444816053627,299,24,6,66,0.0802675585284281,79,5,1,1,1,2,1,3
542,157.97645569620406,316,24,6,70,0.0759493670886076,79,10,1,2,1,1,3,7
543,161.4155704698001,298,24,6,68,0.08053691275167785,79,10,1,1,2,3,3,4
544,124.51472527472467,364,24,6,72,0.06593406593406594,79,2,1,1,1,1,1,3
545,89.77123287671262,584,24,6,76,0.0410958904109589,79,5,1,1,1,1,1,4
546,143.60855153203272,359,24,6,73,0.06685236768802229,79,8,1,1,1,3,1,4
547,121.6332196162054,469,24,6,74,0.0511727078891258,79,8,2,1,1,3,2,5
548,166.97840637450244,251,24,6,58,0.09561752988047809,79,9,1,1,1,2,1,9
549,144.470000000002,400,24,6,74,0.06,79,11,1,1,1,2,3,9
550,167.02525691699637,253,24,6,63,0.09486166007905138,79,9,1,2,1,1,1,9
551,139.05231422505625,471,24,6,72,0.050955414012738856,79,14,1,1,3,1,4,10
552,133.80752969121252,421,24,6,69,0.057007125890736345,79,9,1,1,1,1,3,5
553,128.88875621890494,402,24,6,72,0.05970149253731343,79,6,1,1,3,1,2,3
554,162.93673590504585,337,24,6,72,0.0712166172106825,80,13,1,1,3,2,3,9
555,78.57649452269177,639,24,6,74,0.03755868544600939,80,5,1,1,3,1,1,4
556,139.17548209366518,363,24,6,66,0.06611570247933884,80,7,1,1,1,1,1,8
557,128.45551724138124,464,24,6,72,0.05172413793103448,80,10,1,2,1,1,2,7
558,88.77421602787325,574,24,6,76,0.041811846689895474,80,4,1,1,1,1,2,4
559,91.47528925619802,605,24,6,75,0.03966942148760331,80,7,1,1,1,1,2,5
560,140.23557046979965,298,24,6,66,0.08053691275167785,80,3,1,1,1,1,2,2
561,61.532450331125936,755,24,6,76,0.031788079470198675,80,7,2,1,1,1,1,6
562,162.96003300330207,303,24,6,63,0.07920792079207921,80,11,1,2,2,1,2,9
563,136.49640661938662,423,24,6,70,0.05673758865248227,80,10,1,1,3,1,1,9
564,145.54735632184025,348,24,6,70,0.06896551724137931,80,8,1,1,2,2,3,4
565,151.0331578947382,380,24,6,69,0.06315789473684211,80,12,1,2,2,3,3,5
566,48.31750881316185,851,24,6,76,0.0282021151586369,80,9,1,1,1,1,3,7
567,111.80248175182354,548,24,6,74,0.043795620437956206,80,10,1,1,2,2,4,5
568,138.2895417789751,371,24,6,74,0.0646900269541779,80,7,1,1,1,1,3,6
569,158.78842293906894,279,24,6,63,0.08602150537634409,80,8,1,1,1,2,2,6
570,138.89188916876628,397,24,6,72,0.060453400503778336,80,9,1,2,1,3,2,4
571,134.7183979328181,387,24,6,70,0.06201550387596899,80,7,1,1,1,1,1,7
572,143.538397932818,387,24,6,68,0.06201550387596899,80,10,1,1,1,1,3,9
573,135.04062656641793,399,24,6,67,0.06015037593984962,80,8,1,1,1,2,4,4
574,119.56866348448669,419,24,6,73,0.057279236276849645,80,4,1,2,1,1,1,2
575,125.55271714922145,449,24,6,73,0.053452115812917596,80,8,1,1,2,1,3,6
576,95.27638935108014,601,24,6,75,0.03993344425956739,80,8,1,1,1,1,2,8
577,177.7724861878458,181,24,6,54,0.13259668508287292,80,8,2,1,2,1,2,6
578,126.375225225225,444,24,6,71,0.05405405405405406,80,8,1,1,1,3,1,5
579,64.73262599469382,754,24,6,76,0.03183023872679045,80,8,1,1,1,1,1,9
580,153.9932861189813,353,24,6,75,0.0679886685552408,80,11,1,2,1,1,2,10
581,147.6124858757061,354,24,6,73,0.06779661016949153,80,9,1,1,1,1,3,8
582,57.33140604467688,761,24,6,76,0.03153745072273324,80,6,1,1,1,2,3,4
583,136.6127659574493,470,24,6,76,0.05106382978723404,80,13,1,2,1,2,4,9
584,100.02832391713771,531,24,6,72,0.04519774011299435,80,5,1,1,1,1,1,6
585,138.86213075060772,413,24,6,74,0.05811138014527845,80,10,1,1,1,2,3,7
586,115.10779043280087,439,24,6,68,0.05466970387243736,80,4,1,1,1,1,1,4
587,86.39094017093886,585,24,6,74,0.041025641025641026,80,4,1,1,1,1,1,5
588,157.66700831025148,361,24,6,67,0.0664819944598338,80,13,2,1,3,1,4,6
589,124.6607505518754,453,24,6,72,0.052980132450331126,80,8,1,1,2,2,1,6
590,85.5574803149596,635,24,6,76,0.03779527559055118,80,7,1,1,1,2,1,4
591,113.8024291497978,494,24,6,76,0.048582995951417005,80,7,1,1,1,1,3,5
592,144.77761904761866,336,24,6,68,0.07142857142857142,80,7,2,1,1,1,2,6
593,69.8445895020173,743,24,6,75,0.03230148048452221,80,9,1,2,1,1,4,4
594,147.80173913043697,368,24,6,73,0.06521739130434782,80,10,1,1,1,1,3,6
595,70.9383125864436,723,24,6,76,0.03319502074688797,80,8,1,2,1,2,2,6
596,144.77041666666895,384,24,6,75,0.0625,80,10,1,1,1,1,3,8
597,75.97698587127007,637,24,6,74,0.03767660910518053,80,4,1,1,1,1,1,5
598,141.9125252525259,396,24,6,70,0.06060606060606061,80,10,1,2,1,1,3,6
599,119.98739130434943,460,24,6,69,0.05217391304347826,80,7,2,2,1,1,2,5
600,143.35988505747403,435,24,6,73,0.05517241379310345,80,13,1,1,1,3,3,10
601,155.05211267605628,284,24,6,66,0.08450704225352113,80,7,1,1,2,1,3,4
602,160.87211267605662,284,24,6,64,0.08450704225352113,80,9,1,1,1,1,3,8
603,153.3567973856206,306,24,6,63,0.0784313725490196,80,8,1,1,1,2,1,8
604,104.49694490818223,599,24,6,73,0.04006677796327212,80,11,1,1,1,2,4,5
605,50.541843971629525,705,24,6,76,0.03404255319148936,80,0,1,1,1,1,1,1
606,157.17610038610033,259,24,6,67,0.09266409266409266,80,6,1,1,3,1,1,3
607,163.86545741325062,317,24,6,71,0.07570977917981073,80,12,1,1,2,2,2,10
608,108.44761726078818,533,24,6,70,0.0450281425891182,80,8,1,1,2,1,2,7
609,161.42051282051443,312,24,6,66,0.07692307692307693,80,11,1,1,2,2,2,9
610,179.50211267605775,284,24,6,71,0.08450704225352113,80,15,1,2,3,3,2,10
611,40.716414435387925,859,24,6,76,0.027939464493597205,80,7,1,1,1,1,2,6
612,120.42214936248,549,24,6,72,0.04371584699453552,80,13,2,1,2,1,3,10
613,111.20656716417959,536,24,6,74,0.04477611940298507,80,9,1,1,1,2,2,7
614,88.17331022530192,577,24,6,76,0.0415944540727903,80,4,1,1,1,1,1,3
615,81.77673981191069,638,24,6,74,0.03761755485893417,80,6,1,1,3,1,1,4
616,128.85923444976086,418,24,6,74,0.05741626794258373,80,7,1,1,2,1,1,7
617,111.18097046413466,474,24,6,69,0.05063291139240506,80,5,1,1,2,1,1,5
618,108.0296436058697,477,24,6,74,0.050314465408805034,80,4,1,1,1,1,2,3
619,130.24000000000186,500,24,6,72,0.048,80,13,2,1,2,3,4,6
620,168.03735042735116,234,24,6,65,0.10256410256410256,80,8,1,1,2,1,3,5
621,98.1582278481023,632,24,6,76,0.0379746835443038,80,11,1,1,1,2,2,10
622,148.87985507246583,345,24,6,67,0.06956521739130435,80,9,1,2,1,2,3,5
623,130.6536752136778,468,24,6,72,0.05128205128205128,80,11,1,1,1,3,3,8
624,98.1748251748241,572,24,6,76,0.04195804195804196,80,7,1,2,1,2,1,3
625,106.09281535648894,547,24,6,75,0.043875685557586835,80,8,2,1,1,2,4,4
626,125.33773195876348,388,24,6,68,0.061855670103092786,80,4,1,1,1,1,1,4
627,113.42833333333225,480,24,6,74,0.05,80,6,1,1,1,1,1,7
628,131.6632520325199,492,24,6,70,0.04878048780487805,80,13,1,1,3,2,3,5
629,85.15337423312727,652,24,6,76,0.03680981595092025,80,8,1,1,1,1,1,8
630,108.99880715705656,503,24,6,76,0.04771371769383698,80,6,1,2,1,1,2,3
631,114.354498977504,489,24,6,71,0.049079754601226995,80,7,1,1,1,1,1,7
632,86.26128593040798,661,24,6,75,0.036308623298033284,80,9,1,1,2,1,1,9
633,158.036666666669,375,24,6,69,0.064,80,14,1,1,2,2,4,10
634,135.00283975659482,493,24,6,76,0.0486815415821501,80,14,1,2,2,3,4,8
635,132.02974025974058,385,24,6,69,0.06233766233766234,80,6,1,1,1,1,1,6
636,111.43761989342912,563,24,6,70,0.04262877442273535,80,11,1,1,1,2,2,10
637,156.80498525073932,339,24,6,75,0.07079646017699115,80,11,1,1,1,1,4,9
638,147.19522522522823,444,24,6,69,0.05405405405405406,80,15,2,1,2,3,3,10
639,145.0894011976052,334,24,6,67,0.0718562874251497,80,7,1,1,1,1,1,5
640,48.036262626260694,792,24,6,75,0.030303030303030304,80,5,1,1,1,1,1,4
641,129.2096436058726,477,24,6,76,0.050314465408805034,80,11,1,1,1,1,4,8
642,170.63871559633102,218,24,6,58,0.11009174311926606,80,8,1,1,1,1,1,9
643,103.60382352941109,544,24,6,74,0.04411764705882353,80,7,1,1,1,1,1,8
644,168.6866812227078,229,24,6,61,0.10480349344978165,80,8,1,1,1,1,2,4
645,100.8758374792702,603,24,6,75,0.03980099502487562,80,10,1,1,1,1,4,6
646,126.10096385542205,415,24,6,70,0.05783132530120482,80,6,1,1,1,1,4,2
647,120.33408163265409,490,24,6,73,0.04897959183673469,80,9,1,1,2,1,1,9
648,106.84746887966699,482,24,6,72,0.04979253112033195,80,4,1,1,1,1,1,5
649,108.08182130584319,582,24,6,75,0.041237113402061855,80,11,1,1,1,2,4,6
650,182.45871559633127,218,24,6,56,0.11009174311926606,80,12,1,2,1,3,3,8
651,147.42125628140894,398,24,6,69,0.06030150753768844,80,12,1,1,3,2,2,9
652,119.22161290322657,496,24,6,74,0.04838709677419355,80,9,1,1,1,1,2,9
653,157.77777777777982,360,24,6,66,0.06666666666666667,80,13,2,1,2,2,3,9
654,16.106723585912444,937,24,6,76,0.025613660618996798,80,4,2,1,1,1,2,3
655,86.29484288354777,541,24,6,75,0.04436229205175601,80,1,1,1,1,1,1,2
656,75.65005602240977,714,24,6,75,0.03361344537815126,80,9,1,1,1,1,3,8
657,99.69726591760207,534,24,6,75,0.0449438202247191,80,5,1,1,1,3,1,4
658,108.33408163265197,490,24,6,73,0.04897959183673469,80,5,1,1,1,2,1,4
659,72.04947001394696,717,24,6,75,0.03347280334728033,80,8,1,1,3,1,1,6
660,119.35222222222149,450,24,6,73,0.05333333333333334,80,6,1,1,1,1,3,5
661,141.99510204081787,392,24,6,62,0.061224489795918366,80,10,1,1,1,1,3,9
662,167.06840637450333,251,24,6,59,0.09561752988047809,80,9,1,1,1,1,2,5
663,155.40581039755534,327,24,6,66,0.07339449541284404,80,10,1,1,2,1,4,7
664,125.8798081534777,417,24,6,72,0.05755395683453238,80,6,1,1,2,1,1,4
665,54.526582278480824,790,24,6,76,0.030379746835443037,80,7,1,1,1,1,2,6
666,109.64026431717961,454,24,6,74,0.05286343612334802,80,3,1,1,1,1,1,3
667,125.68371364653312,447,24,6,70,0.053691275167785234,80,8,1,1,2,1,1,8
668,95.28873015872863,630,24,6,73,0.0380952380952381,80,10,1,2,1,2,1,8
669,122.59047619047551,525,24,6,76,0.045714285714285714,80,12,1,1,3,2,2,7
670,133.81321961620702,469,24,6,76,0.0511727078891258,80,12,1,1,1,3,3,9
671,100.99953321364421,557,24,6,74,0.04308797127468582,80,7,1,1,1,1,1,8
672,115.9783333333326,480,24,6,69,0.05,80,7,1,1,1,1,1,4
673,49.52269938650103,815,24,6,76,0.029447852760736196,80,7,1,1,1,2,1,4
674,144.5767359050454,337,24,6,68,0.0712166172106825,80,7,1,1,1,1,3,5
675,173.12248868778332,221,24,6,59,0.1085972850678733,80,9,1,2,2,1,2,7
676,35.222866817154824,886,24,6,75,0.02708803611738149,80,7,1,2,1,1,3,5
677,122.59371364653386,447,24,6,69,0.053691275167785234,80,7,1,1,1,1,1,5
678,155.67089887640637,356,24,6,67,0.06741573033707865,80,12,1,1,2,1,4,9
679,125.70421524663696,446,24,6,68,0.053811659192825115,80,8,1,1,2,1,1,8
680,124.78459227468018,466,24,6,69,0.05150214592274678,80,9,1,1,1,1,2,8
681,113.83598272138153,463,24,6,74,0.05183585313174946,80,5,1,2,1,1,1,5
682,83.0545086705187,692,24,6,75,0.03468208092485549,81,10,2,1,1,3,3,6
683,163.30446540880698,318,24,6,67,0.07547169811320754,81,12,2,1,1,1,4,9
684,147.99940119760413,334,24,6,66,0.0718562874251497,81,8,1,1,3,1,1,6
685,175.0415226337453,243,24,6,63,0.09876543209876543,81,11,1,1,3,2,1,9
686,96.06214936247838,549,24,6,68,0.04371584699453552,81,5,1,1,1,1,3,3
687,136.53548209366375,363,24,6,70,0.06611570247933884,81,6,1,1,1,2,2,4
688,128.16752969121166,421,24,6,73,0.057007125890736345,81,7,1,1,2,1,3,4
689,153.59055900621235,322,24,6,68,0.07453416149068323,81,9,2,1,1,2,1,6
690,160.17610038610104,259,24,6,67,0.09266409266409266,81,7,1,1,1,3,2,5
691,166.04602076124723,289,24,6,66,0.08304498269896193,81,11,1,1,2,2,1,10
692,145.4138522427462,379,24,6,71,0.0633245382585752,81,10,1,1,3,2,1,6
693,147.17498525073802,339,24,6,68,0.07079646017699115,81,8,1,1,1,1,1,9
694,123.87929824561316,456,24,6,70,0.05263157894736842,81,8,1,1,1,2,1,4
695,142.48700831025087,361,24,6,65,0.0664819944598338,81,8,2,1,1,1,1,8
696,79.1533742331273,652,24,6,76,0.03680981595092025,81,6,1,1,1,1,2,3
697,120.18255813953392,430,24,6,71,0.05581395348837209,81,5,1,1,1,1,1,4
698,141.43109660574643,383,24,6,69,0.06266318537859007,81,9,1,1,2,1,3,5
699,131.20120724346015,497,24,6,76,0.0482897384305835,81,13,1,2,1,3,3,6
700,197.24139534883724,172,24,6,50,0.13953488372093023,81,14,2,2,1,3,4,6
701,143.19691358024883,405,24,6,71,0.05925925925925926,81,11,1,1,1,2,2,10
702,40.52269938650126,815,24,6,76,0.029447852760736196,81,4,1,1,1,1,1,5
703,153.60100271002818,369,24,6,73,0.06504065040650407,81,12,1,1,1,3,3,9
704,131.55271714921992,449,24,6,73,0.053452115812917596,81,10,1,1,1,3,1,9
705,120.9214164904852,473,24,6,75,0.0507399577167019,81,8,1,1,2,1,3,3
706,151.07112582781502,302,24,6,62,0.07947019867549669,81,7,1,1,1,1,3,5
707,121.3367573696141,441,24,6,75,0.05442176870748299,81,6,1,1,3,1,2,3
708,182.0284100418419,239,24,6,65,0.100418410041841,81,13,2,1,2,1,4,6
709,66.73440860215136,744,24,6,76,0.03225806451612903,81,8,1,2,1,1,1,6
710,138.08038461538632,416,24,6,72,0.057692307692307696,81,10,2,1,1,1,2,5
711,107.52646365422281,509,24,6,73,0.047151277013752456,81,6,1,1,1,1,3,4
712,129.24421524663703,446,24,6,74,0.053811659192825115,81,9,1,1,1,3,2,6
713,91.15698587127012,637,24,6,76,0.03767660910518053,81,9,1,1,2,1,2,4
714,138.31062656641586,399,24,6,70,0.06015037593984962,81,9,1,1,1,1,1,10
715,181.78454545454605,220,24,6,53,0.10909090909090909,81,12,1,1,1,2,4,9
716,126.98188916876627,397,24,6,73,0.060453400503778336,81,5,1,1,1,1,1,6
717,125.37271714921947,449,24,6,71,0.053452115812917596,81,8,1,1,1,1,1,9
718,146.65011204481996,357,24,6,69,0.06722689075630252,81,9,1,1,2,1,2,4
719,63.128700128698185,777,24,6,76,0.03088803088803089,81,9,1,1,1,1,2,9
720,158.18395136778284,329,24,6,68,0.0729483282674772,81,11,1,1,1,1,3,10
721,133.73575447570315,391,24,6,68,0.061381074168797956,81,7,1,1,1,1,3,5
722,80.75174506828628,659,24,6,76,0.036418816388467376,81,7,1,1,1,1,1,5
723,121.7045525291849,514,24,6,75,0.04669260700389105,81,11,2,1,3,1,1,8
724,119.12011406844059,526,24,6,73,0.045627376425855515,81,11,1,2,2,1,2,9
725,142.44548209366533,363,24,6,69,0.06611570247933884,81,8,1,1,1,1,1,8
726,108.73491803278583,488,24,6,73,0.04918032786885246,81,5,1,1,1,2,2,3
727,147.73247956403432,367,24,6,70,0.0653950953678474,81,10,1,1,1,1,3,9
728,82.97452006980672,573,24,6,76,0.041884816753926704,81,2,1,1,1,1,1,3
729,135.8638071066007,394,24,6,65,0.06091370558375635,81,8,1,1,1,1,1,9
730,122.73920502092079,478,24,6,73,0.0502092050209205,81,9,1,1,1,1,2,9
731,103.36920473773456,591,24,6,76,0.04060913705583756,81,10,2,1,1,1,2,9
732,118.9841620626163,543,24,6,76,0.04419889502762431,81,12,1,2,1,2,4,6
733,42.915874855154335,863,24,6,76,0.027809965237543453,81,8,1,1,1,1,1,9
734,139.69696682464598,422,24,6,70,0.05687203791469194,81,11,1,2,2,1,3,5
735,93.76970059880348,668,24,6,74,0.03592814371257485,81,12,1,1,1,2,3,10
736,87.78447368420909,608,24,6,74,0.039473684210526314,81,6,1,1,1,2,2,5
737,140.3769135802471,405,24,6,73,0.05925925925925926,81,10,1,2,1,1,4,7
738,105.70267822735923,519,24,6,75,0.046242774566473986,81,6,1,1,2,1,3,4
739,148.2131578947381,380,24,6,71,0.06315789473684211,81,11,2,1,1,1,3,6
740,119.65866348448597,419,24,6,74,0.057279236276849645,81,4,1,2,1,1,1,3
741,155.94581039755536,327,24,6,72,0.07339449541284404,81,10,1,1,3,1,1,8
742,30.61482180293614,954,24,6,75,0.025157232704402517,81,10,1,1,3,1,1,9
743,97.7742160278752,574,24,6,76,0.041811846689895474,81,7,1,1,1,2,1,4
744,123.91491803278791,488,24,6,75,0.04918032786885246,81,10,1,1,2,3,3,3
745,78.15220700152138,657,24,6,76,0.0365296803652968,81,6,1,1,1,1,2,6
746,72.3964945226902,639,24,6,72,0.03755868544600939,81,3,1,1,1,1,1,4
747,90.06220700152055,657,24,6,75,0.0365296803652968,81,10,1,2,1,1,2,9
748,122.51980815347629,417,24,6,68,0.05755395683453238,81,5,1,1,3,1,1,2
749,90.66290519877684,654,24,6,75,0.03669724770642202,81,10,1,1,1,2,3,8
750,114.16739130434713,460,24,6,71,0.05217391304347826,81,5,1,2,1,1,1,5
751,68.13850415512289,722,24,6,76,0.0332409972299169,81,7,1,1,1,1,3,6
752,120.14691973969697,461,24,6,73,0.052060737527114966,81,7,1,1,3,1,2,4
753,159.35246575342575,292,24,6,65,0.0821917808219178,81,9,1,1,1,2,3,5
754,136.64779043280083,439,24,6,74,0.05466970387243736,81,11,1,1,2,1,2,10
755,135.34201856148408,431,24,6,75,0.05568445475638051,81,10,1,1,1,1,4,5
756,106.2855172413796,464,24,6,59,0.05172413793103448,81,3,1,1,1,1,1,3
757,92.32047619047499,525,24,6,73,0.045714285714285714,81,2,1,1,1,1,1,3
758,47.9215066828655,823,24,6,76,0.02916160388821385,81,7,1,1,1,2,1,7
759,124.06675736961404,441,24,6,72,0.05442176870748299,81,7,1,2,1,1,1,6
760,118.73975332068474,527,24,6,71,0.04554079696394687,81,11,1,1,2,1,3,6
761,163.5121126760576,284,24,6,60,0.08450704225352113,81,10,1,1,1,1,2,10
762,147.43769230769257,325,24,6,73,0.07384615384615385,81,7,1,1,1,1,2,5
763,133.50883295194697,437,24,6,68,0.05491990846681922,81,10,2,1,2,1,1,9
764,110.61083969465533,524,24,6,74,0.04580152671755725,81,8,1,2,1,1,3,6
765,10.81384215991513,963,24,6,75,0.024922118380062305,81,4,1,1,1,1,1,4
766,145.22624434389425,442,24,6,76,0.05429864253393665,81,14,1,2,3,3,1,10
767,62.643511348462795,749,24,6,75,0.03204272363150868,81,7,1,1,1,1,2,5
768,89.98903129657396,671,24,6,72,0.03576751117734724,81,11,1,1,1,2,2,10
769,119.13790020790118,481,24,6,73,0.0498960498960499,81,8,1,2,1,1,2,5
770,119.82271714922007,449,24,6,76,0.053452115812917596,81,6,1,1,1,1,1,7
771,124.46779043280247,439,24,6,72,0.05466970387243736,81,7,1,1,1,1,2,7
772,137.99881720430034,372,24,6,73,0.06451612903225806,81,7,1,1,1,1,1,8
773,128.71876826722377,479,24,6,75,0.05010438413361169,81,11,1,1,2,1,3,9
774,92.35479876161081,646,24,6,76,0.03715170278637771,81,10,1,1,1,1,3,6
775,66.23886597938048,776,24,6,75,0.030927835051546393,81,10,1,2,1,1,1,10
776,107.70083969465539,524,24,6,75,0.04580152671755725,81,7,1,1,1,3,2,5
777,99.75649452269039,639,24,6,76,0.03755868544600939,81,12,2,2,2,2,2,8
778,156.18250000000145,320,24,6,59,0.075,81,10,1,2,1,1,3,7
779,130.22397260273905,365,24,6,71,0.06575342465753424,81,4,1,1,1,1,1,5
780,44.11273957159024,887,24,6,76,0.02705749718151071,81,10,1,1,1,2,2,7
781,79.95797788309486,633,24,6,76,0.037914691943127965,81,5,2,1,1,1,1,4
782,112.48857142857305,560,24,6,75,0.04285714285714286,81,11,2,1,1,2,2,9
783,138.67062656641517,399,24,6,74,0.06015037593984962,81,9,1,1,1,1,1,10
784,148.3347252747265,364,24,6,70,0.06593406593406594,81,10,1,1,1,2,2,9
785,33.11737089201693,852,24,6,76,0.028169014084507043,81,4,1,1,1,1,2,3
786,102.39699115044203,565,24,6,74,0.04247787610619469,81,8,1,1,2,2,3,5
787,113.75964360586956,477,24,6,71,0.050314465408805034,81,6,1,1,1,1,2,6
788,154.76120481927862,332,24,6,70,0.07228915662650602,81,10,1,1,2,2,4,5
789,104.7064636542228,509,24,6,75,0.047151277013752456,81,5,1,1,1,1,1,5
790,76.05044943820049,712,24,6,75,0.033707865168539325,81,9,1,1,1,3,2,7
791,128.17988505747192,435,24,6,71,0.05517241379310345,81,8,1,1,1,1,2,8
792,126.72880715705999,503,24,6,73,0.04771371769383698,81,12,2,1,1,3,1,10
793,126.23801980198287,505,24,6,72,0.047524752475247525,81,12,1,1,2,3,2,8
794,129.3136659877823,491,24,6,75,0.048879837067209775,81,12,1,1,1,3,3,9
795,142.27529411764945,425,24,6,72,0.05647058823529412,81,12,1,2,2,1,3,9
796,148.13602076124673,289,24,6,67,0.08304498269896193,81,5,1,2,1,1,1,3
797,105.05230769230697,520,24,6,70,0.046153846153846156,81,6,1,1,2,1,1,6
798,110.98739130434684,460,24,6,69,0.05217391304347826,81,4,1,1,1,1,1,4
799,94.85749262537034,678,24,6,75,0.035398230088495575,81,13,1,1,1,3,4,9
800,77.19873015872867,630,24,6,72,0.0380952380952381,81,4,2,1,1,1,1,4
801,123.25739130434836,460,24,6,72,0.05217391304347826,81,8,1,1,1,2,1,6
802,125.64283975659345,493,24,6,72,0.0486815415821501,81,11,1,2,2,2,1,9
803,100.21391304347905,575,24,6,72,0.04173913043478261,81,8,1,1,1,1,3,7
804,78.77673981191072,638,24,6,74,0.03761755485893417,81,5,1,1,1,1,3,3
805,99.19211703958692,581,24,6,74,0.04130808950086059,81,8,1,1,1,1,1,5
806,167.85167938931409,262,24,6,59,0.0916030534351145,81,10,1,1,3,1,3,7
807,142.7232196162079,469,24,6,75,0.0511727078891258,81,15,1,1,3,3,3,10
808,159.8278688524601,305,24,6,66,0.07868852459016394,81,10,1,2,1,1,3,8
809,145.6254820936647,363,24,6,71,0.06611570247933884,81,9,1,1,3,2,2,3
810,146.26069767441817,344,24,6,69,0.06976744186046512,81,8,1,1,1,1,3,7
811,154.06722222222257,288,24,6,64,0.08333333333333333,81,7,1,2,1,2,1,6
812,157.56316455696444,395,24,6,75,0.060759493670886074,81,15,2,1,1,3,4,10
813,123.2992031872534,502,24,6,66,0.04780876494023904,81,11,1,1,1,1,4,8
814,122.85762845849773,506,24,6,70,0.04743083003952569,81,11,1,1,3,2,2,6
815,175.57910505836668,257,24,6,67,0.0933852140077821,81,12,1,1,3,1,2,10
816,131.40094688221865,433,24,6,69,0.05542725173210162,81,9,2,1,2,1,1,8
817,102.70841269841154,504,24,6,75,0.047619047619047616,81,4,1,1,1,3,1,3
818,157.43645569620367,316,24,6,64,0.0759493670886076,83,10,1,2,1,1,3,8
819,122.05459227467713,466,24,6,72,0.05150214592274678,83,8,1,1,1,1,3,7
820,149.67777777777832,360,24,6,76,0.06666666666666667,83,10,1,1,1,2,2,9
821,137.0751020408172,392,24,6,74,0.061224489795918366,83,8,1,1,2,1,2,5
822,65.33586956521557,736,24,6,76,0.03260869565217391,83,7,1,1,2,1,3,3
823,129.0437136465327,447,24,6,74,0.053691275167785234,83,9,2,1,2,2,2,3
824,126.70841269841489,504,24,6,75,0.047619047619047616,83,12,1,1,3,1,2,10
825,150.97850746268745,335,24,6,68,0.07164179104477612,83,9,1,2,1,2,2,6
826,108.58181818181994,550,24,6,76,0.04363636363636364,83,9,1,1,1,1,3,8
827,77.85858841010239,673,24,6,75,0.03566121842496285,83,7,1,1,2,2,1,6
828,103.78382352941216,544,24,6,76,0.04411764705882353,83,7,1,2,1,1,1,5
829,119.83598272138248,463,24,6,74,0.05183585313174946,83,7,1,1,2,1,2,4
830,127.11315018315332,546,24,6,73,0.04395604395604396,83,15,1,2,2,3,4,9
831,121.66075055187625,453,24,6,72,0.052980132450331126,83,7,1,1,1,1,3,5
832,92.65836795252102,674,24,6,75,0.03560830860534125,83,12,1,1,3,1,3,9
833,153.2786419753083,324,24,6,69,0.07407407407407407,83,9,1,2,1,1,2,8
834,94.37825311942895,561,24,6,76,0.0427807486631016,83,5,1,1,1,1,2,4
835,139.1338071066009,394,24,6,68,0.06091370558375635,83,9,1,1,1,1,4,5
836,155.967619047621,336,24,6,59,0.07142857142857142,83,11,1,1,3,1,4,6
837,115.30379844961311,516,24,6,75,0.046511627906976744,83,9,1,1,1,1,3,7
838,97.48391304347696,575,24,6,75,0.04173913043478261,83,7,2,2,1,1,1,6
839,140.69980815347975,417,24,6,70,0.05755395683453238,83,11,1,1,2,1,3,9
840,141.08881720430045,372,24,6,74,0.06451612903225806,83,8,1,1,3,1,3,4
841,46.53248593925906,889,24,6,74,0.02699662542182227,83,11,1,1,1,3,1,10
842,133.9063054187192,406,24,6,70,0.059113300492610835,83,8,1,1,1,1,3,6
843,88.57391304347695,575,24,6,76,0.04173913043478261,83,4,1,1,1,1,1,5
844,59.32804097310958,781,24,6,76,0.030729833546734954,83,8,1,1,3,1,4,4
845,155.8495975232217,323,24,6,62,0.07430340557275542,83,10,1,2,2,2,1,8
846,152.74954177897808,371,24,6,68,0.0646900269541779,83,12,1,1,2,1,4,9
847,85.0677410468305,726,24,6,73,0.03305785123966942,83,13,1,2,2,2,3,8
848,126.66154589371979,414,24,6,74,0.057971014492753624,83,6,1,1,1,1,1,4
849,143.47011204481936,357,24,6,67,0.06722689075630252,83,8,1,1,1,1,4,4
850,117.25841269841308,504,24,6,70,0.047619047619047616,83,9,1,1,1,1,4,7
851,44.118764845603735,842,24,6,76,0.028503562945368172,83,7,2,1,1,1,2,6
852,129.25201856148644,431,24,6,74,0.05568445475638051,83,8,1,1,2,1,1,8
853,153.02239766081996,342,24,6,73,0.07017543859649122,83,10,1,1,3,2,3,5
854,104.44083182640068,553,24,6,70,0.0433996383363472,83,8,1,1,1,3,2,5
855,116.68366598778125,491,24,6,68,0.048879837067209775,83,8,1,2,1,1,4,3
856,125.24172949002121,451,24,6,74,0.05321507760532151,83,8,1,1,1,1,2,8
857,13.409009900988156,1010,24,6,75,0.023762376237623763,83,8,1,1,2,1,2,7
858,147.10585798816672,338,24,6,65,0.07100591715976332,83,8,1,1,2,1,2,4
859,125.17630541871837,406,24,6,73,0.059113300492610835,83,5,2,1,1,1,1,5
860,163.6434796238255,319,24,6,73,0.07523510971786834,83,12,2,1,2,2,2,9
861,122.67094688221617,433,24,6,72,0.05542725173210162,83,6,1,1,2,1,1,3
862,96.49025641025742,624,24,6,73,0.038461538461538464,83,10,1,1,2,2,1,6
863,109.33618556700922,485,24,6,73,0.049484536082474224,83,5,2,1,1,1,2,3
864,61.12953367875459,772,24,6,76,0.031088082901554404,83,8,1,1,1,2,2,6
865,91.97921146953274,558,24,6,76,0.043010752688172046,83,4,1,1,1,1,1,3
866,166.01764705882468,272,24,6,61,0.08823529411764706,83,10,1,1,2,2,2,4
867,106.01920318724993,502,24,6,74,0.04780876494023904,83,5,1,1,1,3,1,3
868,133.30315789473602,380,24,6,72,0.06315789473684211,83,6,1,2,1,1,3,3
869,181.35630036630172,273,24,6,67,0.08791208791208792,83,15,2,1,3,2,4,9
870,144.82247956403322,367,24,6,71,0.0653950953678474,83,9,1,1,2,1,3,6
871,67.23970168612,771,24,6,75,0.0311284046692607,83,10,1,1,2,2,2,5
872,131.4786634844888,419,24,6,72,0.057279236276849645,83,8,1,1,3,2,1,4
873,111.19157088122486,522,24,6,76,0.04597701149425287,83,8,1,1,3,1,1,5
874,103.16077170418006,622,24,6,76,0.03858520900321544,83,12,1,1,1,2,3,10
875,101.58018018018052,555,24,6,76,0.043243243243243246,83,7,1,1,1,2,1,5
876,108.7026782273594,519,24,6,75,0.046242774566473986,83,7,1,1,1,1,2,6
877,177.7032231404968,242,24,6,57,0.09917355371900827,83,12,1,2,1,1,3,10
878,90.85025245441967,713,24,6,75,0.033660589060308554,83,14,1,2,1,3,3,10
879,184.969100529101,189,24,6,52,0.12698412698412698,83,11,1,1,2,1,3,8
880,108.67379844961138,516,24,6,68,0.046511627906976744,84,7,2,1,1,2,2,5
881,148.31397260274144,365,24,6,72,0.06575342465753424,84,10,1,1,2,1,2,7
882,94.20315018315,546,24,6,74,0.04395604395604396,84,4,1,1,1,1,1,3
883,159.10364261168488,291,24,6,60,0.08247422680412371,84,9,2,2,1,1,2,3
884,125.70875621890602,402,24,6,70,0.05970149253731343,84,5,1,1,1,2,2,4
885,139.05929824561443,456,24,6,72,0.05263157894736842,84,13,1,2,2,1,2,10
886,131.12666666666618,375,24,6,70,0.064,84,5,1,1,1,1,1,4
887,157.3944654088066,318,24,6,68,0.07547169811320754,84,10,1,1,1,1,3,7
888,144.87571428571485,350,24,6,67,0.06857142857142857,84,8,1,1,2,2,1,6
889,99.52761989342743,563,24,6,71,0.04262877442273535,84,7,2,2,1,1,1,5
890,139.61855153203297,359,24,6,62,0.06685236768802229,84,7,1,1,3,1,2,5
891,107.02120724345978,497,24,6,74,0.0482897384305835,84,5,1,1,1,1,2,5
892,142.5770083102502,361,24,6,66,0.0664819944598338,84,8,1,1,3,1,1,6
893,-5.912049252420466,1137,24,6,76,0.021108179419525065,84,10,1,2,2,1,1,9
894,102.16339869281066,612,24,6,76,0.0392156862745098,84,11,1,1,2,1,2,10
895,120.08471910112262,445,24,6,70,0.05393258426966292,84,6,1,1,1,1,1,5
896,114.19157088122603,522,24,6,76,0.04597701149425287,84,9,1,1,2,1,1,9
897,117.98474178403814,426,24,6,71,0.056338028169014086,84,4,1,1,1,1,1,4
898,98.15455950541073,647,24,6,76,0.03709428129829984,84,12,1,1,2,3,3,5
899,89.66174506828648,659,24,6,75,0.036418816388467376,84,10,1,2,1,2,1,8
900,138.6812048192779,332,24,6,58,0.07228915662650602,84,5,1,1,1,1,1,5
901,114.64796992481274,532,24,6,70,0.045112781954887216,84,10,1,1,1,1,2,10
902,102.29806722689256,595,24,6,73,0.040336134453781515,84,10,1,1,1,1,2,10
903,96.27778523489792,596,24,6,75,0.040268456375838924,84,8,1,1,1,2,1,8
904,71.15455950540864,647,24,6,76,0.03709428129829984,84,3,1,1,1,1,1,4
905,124.73026431718168,454,24,6,75,0.05286343612334802,84,8,1,2,1,1,1,5
906,116.68574692442975,569,24,6,75,0.0421792618629174,84,13,1,1,3,3,2,8
907,81.95313935681578,653,24,6,76,0.036753445635528334,84,7,1,1,1,1,3,5
908,156.39482758620724,290,24,6,61,0.08275862068965517,84,8,1,1,1,1,3,6
909,98.37151515151685,660,24,6,74,0.03636363636363636,84,13,1,2,3,1,2,10
910,156.5976190476211,336,24,6,66,0.07142857142857142,84,11,1,1,1,2,3,6
911,96.70761989342675,563,24,6,73,0.04262877442273535,84,6,1,2,3,1,1,3
912,108.0775041876061,597,24,6,75,0.04020100502512563,84,12,1,1,2,1,3,10
913,63.32642225031689,791,24,6,76,0.03034134007585335,84,10,1,2,1,1,2,9
914,155.74022813688262,263,24,6,60,0.09125475285171103,84,6,1,1,1,2,1,5
915,107.91115942028857,552,24,6,73,0.043478260869565216,84,9,1,1,1,1,3,4
916,113.50607843137139,510,24,6,75,0.047058823529411764,84,8,1,1,1,1,3,6
917,82.8543001443015,693,24,6,75,0.03463203463203463,84,10,1,1,1,3,1,9
918,198.84956521739156,115,24,6,38,0.20869565217391303,84,11,1,2,1,1,3,8
919,114.02964360586898,477,24,6,74,0.050314465408805034,84,6,1,1,1,1,1,6
920,144.2940909090931,352,24,6,65,0.06818181818181818,84,8,1,1,2,1,3,4
921,127.41123893805205,452,24,6,67,0.05309734513274336,84,9,1,1,1,1,2,9
922,60.73440860214875,744,24,6,76,0.03225806451612903,84,6,1,1,1,1,2,6
923,66.737174211247,729,24,6,76,0.03292181069958848,84,7,1,1,2,1,1,4
924,142.32385224274458,379,24,6,70,0.0633245382585752,84,9,1,1,3,1,2,4
925,134.81937655860403,401,24,6,69,0.059850374064837904,84,8,1,1,2,1,2,4
926,76.660602409637,664,24,6,75,0.03614457831325301,84,6,1,1,1,1,1,7
927,89.56666666666693,600,24,6,76,0.04,84,6,1,1,1,1,1,6
928,98.50607843137142,510,24,6,75,0.047058823529411764,84,3,1,1,1,1,1,3
929,145.65691358024966,405,24,6,65,0.05925925925925926,84,12,1,1,3,1,2,7
930,95.50123287671131,584,24,6,73,0.0410958904109589,84,7,1,1,1,3,1,4
931,98.7669449081817,599,24,6,76,0.04006677796327212,84,9,1,1,1,3,1,7
932,134.09809523809724,420,24,6,70,0.05714285714285714,84,9,1,1,1,1,3,8
933,125.2964102564098,390,24,6,72,0.06153846153846154,84,4,1,1,1,1,1,3
934,109.06903591682573,529,24,6,68,0.045368620037807186,84,8,1,1,1,1,1,9
935,136.78211480362484,331,24,6,68,0.07250755287009064,84,4,1,1,1,1,1,3
936,86.96313213702953,613,24,6,76,0.03915171288743882,84,6,1,1,1,1,1,5
937,64.95850415512292,722,24,6,74,0.0332409972299169,84,6,1,2,1,1,2,3
938,88.61006802720951,588,24,6,72,0.04081632653061224,84,5,1,1,1,1,1,6
939,144.08881720430279,372,24,6,74,0.06451612903225806,84,9,1,1,1,1,4,5
940,114.98455252918491,514,24,6,67,0.04669260700389105,84,9,1,1,1,3,1,8
941,86.17479876160922,646,24,6,74,0.03715170278637771,84,8,1,2,1,1,1,6
942,154.0767973856215,306,24,6,71,0.0784313725490196,84,8,1,1,1,2,2,5
943,53.751061598950535,763,24,6,74,0.03145478374836173,84,5,1,1,1,1,1,6
944,104.68123287671244,584,24,6,75,0.0410958904109589,84,10,1,1,1,1,3,9
945,62.93642564802005,733,24,6,76,0.03274215552523874,84,6,1,2,1,1,2,4
946,100.49977928692716,589,24,6,73,0.04074702886247878,84,9,1,1,3,1,3,3
947,109.51382352941066,544,24,6,73,0.04411764705882353,84,9,1,1,1,2,1,5
948,102.17182130584071,582,24,6,76,0.041237113402061855,84,9,1,1,3,3,2,4
949,164.20587188612222,281,24,6,61,0.08540925266903915,84,10,1,1,1,1,2,10
950,61.5351351351333,740,24,6,76,0.032432432432432434,84,6,2,1,3,1,1,4
951,95.87722408026612,598,24,6,75,0.04013377926421405,84,8,1,1,1,1,1,9
952,137.74041474654533,434,24,6,75,0.055299539170506916,84,11,1,1,3,2,1,6
953,74.45492753623043,690,24,6,75,0.034782608695652174,84,7,1,1,1,1,4,3
954,155.20160642570346,249,24,6,56,0.0963855421686747,84,5,1,1,1,1,2,3
955,89.77197568389127,658,24,6,74,0.0364741641337386,84,10,1,1,3,1,3,7
956,93.9605136436615,623,24,6,76,0.038523274478330656,84,9,1,1,3,1,2,5
957,142.53809651474734,373,24,6,59,0.064343163538874,84,9,1,1,1,1,3,5
958,108.7176172607871,533,24,6,73,0.0450281425891182,84,8,1,1,1,1,1,6
959,136.12960079840633,501,24,6,73,0.04790419161676647,84,15,2,1,3,3,4,6
960,115.26040080160202,499,24,6,70,0.04809619238476954,84,8,1,1,1,1,4,4
961,145.2511258278146,302,24,6,64,0.07947019867549669,84,5,1,1,1,1,2,3
962,89.48898251192475,629,24,6,73,0.03815580286168521,84,8,1,1,1,1,1,8
963,101.54120458890921,523,24,6,71,0.045889101338432124,84,5,1,1,1,1,2,5
964,122.81685039370171,508,24,6,74,0.047244094488188976,84,11,2,1,1,2,2,7
965,120.31366598778135,491,24,6,75,0.048879837067209775,84,9,1,1,1,1,3,6
966,101.41607843137164,510,24,6,74,0.047058823529411764,84,4,1,1,1,1,1,5
967,125.38041474654428,434,24,6,71,0.055299539170506916,84,7,1,1,1,1,2,5
968,121.33000000000166,500,24,6,73,0.048,84,10,1,1,2,1,3,6
969,133.64026431718258,454,24,6,74,0.05286343612334802,84,11,1,1,3,1,3,8
970,77.74204545454427,704,24,6,76,0.03409090909090909,84,9,1,1,2,1,2,7
971,76.76124293785139,708,24,6,74,0.03389830508474576,84,9,2,1,1,1,1,5
972,78.15220700152048,657,24,6,76,0.0365296803652968,84,6,1,1,1,1,2,4
973,65.72836970474961,779,24,6,76,0.03080872913992298,84,10,1,1,1,2,2,7
974,148.023224043717,366,24,6,71,0.06557377049180328,84,10,1,1,1,3,4,3
975,102.98891891891957,592,24,6,74,0.04054054054054054,84,10,1,1,1,1,3,8
976,110.911159420291,552,24,6,73,0.043478260869565216,84,10,1,1,3,2,4,3
977,70.96450867051853,692,24,6,74,0.03468208092485549,84,6,1,1,1,1,2,4
978,63.969925037479655,667,24,6,74,0.035982008995502246,84,2,2,1,2,1,1,1
979,136.74367521367694,468,24,6,73,0.05128205128205128,84,13,1,2,1,1,4,10
980,132.3839024390253,410,24,6,62,0.05853658536585366,84,8,1,1,1,1,1,9
981,114.43841269841417,504,24,6,72,0.047619047619047616,84,8,1,1,1,2,2,4
982,105.54793594306001,562,24,6,69,0.042704626334519574,84,9,1,1,3,1,2,6
983,111.37491803278748,488,24,6,69,0.04918032786885246,84,6,1,1,1,1,1,6
984,99.68730496453767,564,24,6,75,0.0425531914893617,84,7,1,1,1,1,1,7
985,101.4001801801789,555,24,6,74,0.043243243243243246,84,7,1,1,1,1,1,5
986,151.6105128205147,312,24,6,57,0.07692307692307693,84,8,1,1,2,1,1,5
987,108.16339869281263,612,24,6,76,0.0392156862745098,84,13,1,1,3,3,1,10
988,93.77673981191427,638,24,6,74,0.03761755485893417,84,10,1,1,1,1,3,9
989,115.83531249999935,512,24,6,72,0.046875,84,9,1,1,2,3,2,6
990,74.14144271569926,707,24,6,76,0.033946251768033946,84,8,1,2,1,1,3,5
991,121.34455252918347,514,24,6,71,0.04669260700389105,84,11,1,1,1,1,3,10
992,96.87863406408036,593,24,6,75,0.04047217537942664,84,8,1,1,2,2,1,5
993,56.11876484560365,842,24,6,76,0.028503562945368172,84,11,2,1,3,1,2,4
994,165.68602076124697,289,24,6,62,0.08304498269896193,84,11,1,1,2,2,1,10
995,149.28691358024892,405,24,6,72,0.05925925925925926,84,13,1,1,2,1,4,10
996,115.91975332068188,527,24,6,73,0.04554079696394687,84,10,1,1,1,3,2,5
997,153.34850746268802,335,24,6,61,0.07164179104477612,84,10,2,1,1,1,2,8
998,-30.40762767710207,1214,24,6,75,0.019769357495881382,84,7,1,1,2,1,3,4
999,93.0775041876037,597,24,6,75,0.04020100502512563,84,7,2,1,2,1,1,6
1000,72.44698630137017,730,24,6,75,0.03287671232876712,84,9,2,1,1,2,1,8
1001,139.72735632184015,348,24,6,72,0.06896551724137931,56,6,1,1,1,1,1,7
1002,153.9348275862074,290,24,6,67,0.08275862068965517,57,7,2,1,3,1,1,3
1003,65.55089005235591,764,24,6,74,0.031413612565445025,57,9,1,1,1,1,2,9
1004,42.1194743130207,837,24,6,76,0.02867383512544803,61,6,1,1,1,2,1,6
1005,136.33472527472574,364,24,6,70,0.06593406593406594,61,6,1,2,1,1,1,4
1006,113.39094017094277,585,24,6,74,0.041025641025641026,61,13,1,1,3,2,2,10
1007,132.8918891687649,397,24,6,72,0.060453400503778336,64,7,1,1,1,2,2,5
1008,176.1797122302175,278,24,6,54,0.08633093525179857,64,14,1,1,2,3,3,10
1009,173.6425806451629,310,24,6,64,0.07741935483870968,65,15,1,1,3,3,3,10
1010,59.76224751066684,703,24,6,74,0.034139402560455195,66,3,1,1,2,1,1,3
1011,48.326422250315,791,24,6,76,0.03034134007585335,67,5,1,2,1,1,1,5
1012,101.59923566878899,628,24,6,72,0.03821656050955414,67,12,1,1,2,2,3,9
1013,91.18501650164878,606,24,6,74,0.039603960396039604,67,7,2,1,2,1,2,5
1014,91.46748031495919,635,24,6,75,0.03779527559055118,67,9,1,1,1,1,1,10
1015,88.26360983102765,651,24,6,75,0.03686635944700461,67,9,1,1,1,2,1,9
1016,89.99182130584117,582,24,6,74,0.041237113402061855,68,5,1,1,1,1,2,3
1017,102.32801980197922,505,24,6,73,0.047524752475247525,68,4,1,1,1,1,1,3
1018,148.3398550724655,345,24,6,61,0.06956521739130435,68,9,1,1,1,1,1,10
1019,63.24404825737299,746,24,6,75,0.032171581769437,68,7,1,1,2,1,1,7
1020,160.62215686274467,255,24,6,63,0.09411764705882353,68,7,1,1,2,2,1,6
1021,80.06822784809971,632,24,6,75,0.0379746835443038,68,5,1,1,1,1,1,5
1022,88.66060240963691,664,24,6,75,0.03614457831325301,68,10,1,1,1,2,2,6
1023,100.76977928692838,589,24,6,76,0.04074702886247878,68,9,1,2,2,2,2,5
1024,97.76155088852948,619,24,6,76,0.03877221324717286,68,10,1,2,1,1,4,5
1025,134.2086634844863,419,24,6,69,0.057279236276849645,68,9,1,1,1,1,3,6
1026,-13.8980999181004,1221,24,6,74,0.019656019656019656,68,13,1,1,2,3,4,6
1027,48.95755158184143,727,24,6,74,0.033012379642365884,68,1,1,1,1,1,1,2
1028,122.54685039369988,508,24,6,71,0.047244094488188976,68,11,2,1,1,1,3,9
1029,161.01333333333403,300,24,6,68,0.08,68,10,1,2,1,1,4,6
1030,62.669275766016945,718,24,6,73,0.033426183844011144,68,5,1,1,1,1,1,6
1031,124.31380710659876,394,24,6,70,0.06091370558375635,68,4,1,1,1,1,1,3
1032,-5.302818270166993,1029,24,6,76,0.023323615160349854,68,3,1,1,1,1,1,3
1033,113.22161290322579,496,24,6,74,0.04838709677419355,68,7,1,1,2,1,1,7
1034,104.51050541516177,554,24,6,73,0.04332129963898917,68,8,2,1,1,1,1,4
1035,129.9727184466028,412,24,6,73,0.05825242718446602,68,7,1,1,1,3,1,6
1036,189.81666666666686,150,24,6,51,0.16,68,10,1,1,1,1,4,8
1037,60.331406044676996,761,24,6,76,0.03153745072273324,68,7,1,1,1,1,3,5
1038,58.332275132273296,756,24,6,76,0.031746031746031744,68,6,1,2,1,1,2,3
1039,142.86581039755484,327,24,6,60,0.07339449541284404,68,6,1,1,1,1,2,4
1040,107.53242914979722,494,24,6,73,0.048582995951417005,68,5,1,1,1,1,2,3
1041,134.16752969121106,421,24,6,73,0.057007125890736345,68,9,1,2,1,1,2,8
1042,27.72330578512346,968,24,6,74,0.024793388429752067,68,10,1,1,1,3,2,8
1043,147.8738522427466,379,24,6,65,0.0633245382585752,68,11,1,2,1,3,2,8
1044,28.220375275938117,906,24,6,75,0.026490066225165563,68,6,1,1,3,1,1,3
1045,80.8553488372077,688,24,6,75,0.03488372093023256,68,9,1,1,1,1,3,7
1046,72.54285714285548,700,24,6,76,0.03428571428571429,68,7,2,1,1,1,1,7
1047,91.4712903225815,620,24,6,75,0.03870967741935484,68,8,1,1,1,3,2,4
1048,68.05450867051854,692,24,6,75,0.03468208092485549,68,5,1,1,3,1,1,4
1049,71.05450867051854,692,24,6,75,0.03468208092485549,68,6,1,2,1,1,1,4
1050,84.85326647564584,698,24,6,75,0.034383954154727794,68,11,1,2,1,2,4,6
1051,107.41047619047713,525,24,6,74,0.045714285714285714,68,7,1,1,1,3,1,5
1052,95.90600624025166,641,24,6,71,0.0374414976599064,68,11,1,1,2,2,4,4
1053,64.04755158184145,727,24,6,75,0.033012379642365884,68,6,1,1,1,1,2,4
1054,165.5748275862086,290,24,6,63,0.08275862068965517,68,11,1,1,2,1,4,6
1055,93.53891891892039,592,24,6,69,0.04054054054054054,68,7,2,1,1,1,1,4
1056,67.94124293785282,708,24,6,76,0.03389830508474576,68,6,1,1,2,1,1,5
1057,122.26242914980001,494,24,6,70,0.048582995951417005,68,10,1,1,2,1,3,6
1058,56.91933174224407,838,24,6,76,0.028639618138424822,68,11,1,1,2,2,2,6
1059,74.14771048744298,677,24,6,76,0.03545051698670606,68,6,1,1,2,1,1,5
1060,118.2388329519459,437,24,6,65,0.05491990846681922,68,5,1,1,1,1,2,4
1061,181.34543689320432,206,24,6,50,0.11650485436893204,68,11,1,1,3,3,3,6
1062,143.12901734104167,346,24,6,72,0.06936416184971098,68,7,1,1,1,2,1,6
1063,-29.150000000001135,1050,23,5,72,0.021904761904761906,69,5,1,1,1,1,1,4
1064,121.51903591682532,529,24,6,73,0.045368620037807186,69,12,1,1,3,1,3,9
1065,115.65531249999886,512,24,6,70,0.046875,69,9,1,1,1,1,1,10
1066,153.0432551319658,341,24,6,71,0.07038123167155426,69,10,1,1,2,1,2,8
1067,36.01964912280773,912,24,6,75,0.02631578947368421,69,9,2,1,1,2,1,7
1068,106.48391304347986,575,24,6,75,0.04173913043478261,69,10,1,1,1,2,1,10
1069,149.32813895781723,403,24,6,68,0.05955334987593052,69,13,1,2,1,3,4,6
1070,83.05450867051863,692,24,6,75,0.03468208092485549,69,10,1,1,1,2,2,9
1071,29.70593220338864,944,24,6,76,0.025423728813559324,69,9,1,1,1,1,2,8
1072,76.07684287811978,681,24,6,73,0.03524229074889868,69,7,1,1,1,1,1,6
1073,142.26809651474795,373,24,6,56,0.064343163538874,69,9,1,1,2,1,1,9
1074,107.18450184501722,542,24,6,76,0.04428044280442804,74,8,1,1,2,3,1,6
1075,121.74584905660319,424,24,6,75,0.05660377358490566,74,5,1,2,1,1,1,4
1076,59.429047619046344,840,24,6,75,0.02857142857142857,74,12,1,1,1,2,3,10
1077,56.926103404791746,793,24,6,76,0.03026481715006305,74,8,1,1,2,1,4,5
1078,158.63395136778175,329,24,6,73,0.0729483282674772,74,11,1,1,2,1,2,10
1079,105.72793594305982,562,24,6,71,0.042704626334519574,74,9,1,1,3,2,1,4
1080,98.77123287671175,584,24,6,76,0.0410958904109589,74,8,1,1,1,1,1,7
1081,118.80611295681253,602,24,6,72,0.03986710963455149,74,16,1,1,3,3,4,10
1082,43.34738853502999,785,24,6,74,0.030573248407643312,74,3,1,1,1,2,1,3
1083,88.45388489208705,695,24,6,75,0.034532374100719423,74,12,1,2,3,2,1,8
1084,114.64796992481322,532,24,6,70,0.045112781954887216,74,10,1,1,2,2,1,9
1085,109.40977928692708,589,24,6,72,0.04074702886247878,74,12,1,1,1,3,3,9
1086,119.12011406844255,526,24,6,73,0.045627376425855515,74,11,1,1,3,3,2,3
1087,161.49714285714364,280,24,6,62,0.08571428571428572,74,9,1,1,1,2,2,5
1088,115.69607843137257,510,24,6,66,0.047058823529411764,74,9,1,1,3,1,2,6
1089,138.28522522522786,444,24,6,70,0.05405405405405406,74,12,1,1,1,1,4,10
1090,160.7985515320357,359,24,6,64,0.06685236768802229,74,14,1,1,2,3,2,10
1091,130.7779002079026,481,24,6,69,0.0498960498960499,74,12,2,1,1,3,4,3
1092,65.64908205841276,719,24,6,75,0.03337969401947149,74,6,1,1,1,1,1,6
1093,113.96722408027033,598,24,6,76,0.04013377926421405,74,14,1,1,1,3,4,10
1094,80.67858841010249,673,24,6,73,0.03566121842496285,74,8,1,1,3,1,1,3
1095,129.66316455696133,395,24,6,65,0.060759493670886074,74,6,1,1,1,1,2,6
1096,106.60382352941072,544,24,6,74,0.04411764705882353,74,8,2,2,1,1,1,7
1097,139.6670083102498,361,24,6,67,0.0664819944598338,74,7,2,1,2,2,1,4
1098,122.1174688796682,482,24,6,75,0.04979253112033195,74,9,1,2,3,1,1,7
1099,156.02974025974223,385,24,6,69,0.06233766233766234,74,14,1,1,3,2,4,5
1100,110.85645021644919,462,24,6,72,0.05194805194805195,74,4,1,1,2,1,1,4
1101,161.10154518950603,343,24,6,65,0.06997084548104957,74,13,1,1,2,2,3,10
1102,59.12547051442715,797,24,6,76,0.030112923462986198,74,9,1,1,3,1,2,5
1103,148.30700831025052,361,24,6,63,0.0664819944598338,74,10,1,1,2,3,3,6
1104,93.14271157167408,579,24,6,69,0.04145077720207254,74,6,2,1,1,1,1,4
1105,22.50362694300358,965,24,6,76,0.024870466321243522,74,8,1,1,1,1,1,7
1106,71.70220700152053,657,24,6,71,0.0365296803652968,74,4,1,1,1,1,1,5
1107,83.34792899408184,676,24,6,76,0.03550295857988166,74,9,1,1,3,1,2,5
1108,119.14607843137372,510,24,6,71,0.047058823529411764,74,10,1,1,2,1,3,6
1109,51.526582278479445,790,24,6,76,0.030379746835443037,74,6,1,1,1,1,2,6
1110,74.88948963317233,627,24,6,73,0.03827751196172249,74,3,1,1,1,1,1,3
1111,101.37064846416496,586,24,6,76,0.040955631399317405,74,9,1,1,2,1,1,9
1112,93.38148820326656,551,24,6,76,0.043557168784029036,74,4,1,1,1,1,1,5
1113,79.65409221901847,694,24,6,75,0.0345821325648415,74,9,1,1,2,1,1,9
1114,60.6417523056635,759,24,6,75,0.03162055335968379,74,7,1,1,3,1,1,4
1115,143.90173913043716,368,24,6,63,0.06521739130434782,74,9,1,1,1,1,2,9
1116,113.51050541516437,554,24,6,73,0.04332129963898917,74,11,1,1,3,1,4,6
1117,144.15129692832716,293,24,6,65,0.08191126279863481,74,4,1,1,1,1,1,5
1118,73.05722646310517,786,24,6,73,0.030534351145038167,74,13,1,1,3,2,2,10
1119,73.7818122977332,618,24,6,74,0.038834951456310676,74,2,1,1,2,2,1,1
1120,122.51833333333224,480,24,6,75,0.05,74,9,1,1,2,1,2,6
1121,69.8473626373613,728,24,6,75,0.03296703296703297,74,8,1,2,1,1,1,8
1122,123.71761726078952,533,24,6,73,0.0450281425891182,74,13,1,1,1,2,4,10
1123,80.64623978201757,734,24,6,75,0.0326975476839237,74,12,1,1,2,3,4,4
1124,139.43978021978265,455,24,6,74,0.05274725274725275,74,13,1,2,2,1,3,10
1125,133.15675736961418,441,24,6,73,0.05442176870748299,74,10,1,1,2,1,2,8
1126,148.90746031745977,315,24,6,67,0.0761904761904762,74,7,1,1,1,1,4,5
1127,75.06220700152058,657,24,6,75,0.0365296803652968,74,5,1,1,1,1,2,5
1128,13.899206349206862,1008,24,6,76,0.023809523809523808,74,8,2,2,1,1,1,5
1129,64.72515644555497,799,24,6,76,0.030037546933667083,74,11,2,1,1,1,2,10
1130,55.7326259946947,754,24,6,76,0.03183023872679045,74,5,1,1,1,1,1,5
1131,35.31286681715373,886,24,6,76,0.02708803611738149,74,7,1,1,1,1,2,6
1132,109.19825311943086,561,24,6,74,0.0427807486631016,74,10,1,1,2,1,3,5
1133,176.34662100456615,219,24,6,57,0.1095890410958904,74,10,2,1,1,1,3,8
1134,36.956144018581114,861,24,6,72,0.027874564459930314,74,6,1,1,1,2,3,4
1135,52.25738853502993,785,24,6,73,0.030573248407643312,74,6,1,1,1,1,1,6
1136,132.59397260273903,365,24,6,64,0.06575342465753424,74,5,1,1,2,1,1,5
1137,75.51347202295685,697,24,6,69,0.03443328550932568,74,8,1,1,1,2,1,8
1138,76.55384615384465,650,24,6,76,0.036923076923076927,74,5,1,1,1,1,1,6
1139,65.74513788098528,689,24,6,76,0.03483309143686502,74,4,1,1,2,1,1,4
1140,83.87313213702957,613,24,6,75,0.03915171288743882,74,5,1,1,2,2,1,4
1141,157.9767484662592,326,24,6,59,0.0736196319018405,74,11,1,1,1,1,3,10
1142,62.54360939431572,809,24,6,74,0.029666254635352288,74,11,1,1,1,2,3,6
1143,77.17479876160854,646,24,6,74,0.03715170278637771,74,5,1,1,1,2,1,5
1144,125.96148148148059,432,24,6,73,0.05555555555555555,74,7,1,1,2,1,1,7
1145,78.87662756598166,682,24,6,73,0.03519061583577713,74,8,1,1,1,1,2,8
1146,112.56531250000054,512,24,6,69,0.046875,74,8,1,1,2,2,1,6
1147,123.46522522522423,444,24,6,72,0.05405405405405406,74,7,1,1,3,1,1,5
1148,81.05245014245169,702,24,6,75,0.03418803418803419,74,10,1,1,1,1,4,5
1149,103.31348623853084,545,24,6,73,0.044036697247706424,74,7,1,1,2,1,2,5
1150,94.27501650164872,606,24,6,75,0.039603960396039604,74,8,1,1,2,2,1,5
1151,172.24062500000093,256,24,6,61,0.09375,76,11,1,1,2,2,4,7
1152,136.79645569620192,316,24,6,68,0.0759493670886076,76,3,1,1,1,1,1,3
1153,121.32417475728107,515,24,6,73,0.04660194174757282,76,11,2,1,1,2,1,10
1154,31.412040816326805,980,24,6,75,0.024489795918367346,76,12,1,1,2,1,4,9
1155,132.90330900243274,411,24,6,70,0.058394160583941604,76,8,1,1,1,1,1,6
1156,115.91975332068225,527,24,6,73,0.04554079696394687,76,10,1,1,1,3,2,4
1157,92.3866784452284,566,24,6,65,0.04240282685512368,76,5,1,2,1,1,2,3
1158,65.63360939431519,809,24,6,75,0.029666254635352288,76,12,1,2,3,1,3,8
1159,51.51764705882364,850,24,6,76,0.02823529411764706,76,10,1,1,2,1,3,5
1160,140.43809651474473,373,24,6,69,0.064343163538874,76,8,1,1,1,3,1,5
1161,86.18233766233627,616,24,6,74,0.03896103896103896,76,6,1,1,1,1,3,5
1162,87.67025641025535,624,24,6,75,0.038461538461538464,76,7,1,1,1,1,1,8
1163,133.9906976744179,344,24,6,66,0.06976744186046512,76,4,1,2,1,1,1,3
1164,125.89201856148506,431,24,6,70,0.05568445475638051,76,7,1,1,2,2,2,4
1165,48.133507377981076,881,24,6,74,0.02724177071509648,76,11,1,1,2,3,1,9
1166,110.89083182640215,553,24,6,75,0.0433996383363472,76,10,1,1,3,1,2,5
1167,133.84641025640946,390,24,6,67,0.06153846153846154,76,7,1,1,1,1,2,5
1168,137.39752475247437,404,24,6,71,0.0594059405940594,76,9,2,1,1,1,3,5
1169,95.01513134851004,571,24,6,72,0.04203152364273205,76,6,1,1,1,1,2,4
1170,131.6559827213834,463,24,6,72,0.05183585313174946,76,11,1,2,2,1,1,10
1171,115.46026431717962,454,24,6,72,0.05286343612334802,76,5,1,1,1,1,1,4
1172,61.85124293785153,708,24,6,75,0.03389830508474576,76,4,1,1,2,1,2,3
1173,77.48174506828371,659,24,6,73,0.036418816388467376,76,6,1,1,2,1,2,3
1174,72.54285714285598,700,24,6,76,0.03428571428571429,76,7,1,1,1,3,1,3
1175,129.05008403361438,476,24,6,72,0.05042016806722689,76,11,1,1,3,2,1,9
1176,101.47666666666663,600,24,6,75,0.04,76,10,1,2,1,2,1,9
1177,73.77082956259271,663,24,6,74,0.03619909502262444,76,5,1,1,1,1,1,6
1178,148.97773195876562,388,24,6,64,0.061855670103092786,76,12,1,1,3,1,2,10
1179,84.36598540145907,685,24,6,74,0.035036496350364967,76,10,1,1,2,1,2,9
1180,104.837238658776,507,24,6,72,0.047337278106508875,76,5,1,1,2,1,1,4
1181,130.64703933747634,483,24,6,72,0.049689440993788817,76,12,1,1,3,1,4,5
1182,128.94645021645087,462,24,6,73,0.05194805194805195,76,10,2,1,1,1,2,7
1183,97.53207455429595,617,24,6,69,0.03889789303079417,76,10,2,1,1,1,4,6
1184,125.78980815347624,417,24,6,71,0.05755395683453238,76,6,1,1,1,1,1,5
1185,69.35243902438872,656,24,6,76,0.036585365853658534,76,3,1,1,1,1,1,4
1186,95.4475041876059,597,24,6,68,0.04020100502512563,76,8,1,1,1,1,3,7
1187,163.42211480362695,331,24,6,64,0.07250755287009064,76,13,1,1,3,1,2,10
1188,105.50730496453963,564,24,6,73,0.0425531914893617,76,9,1,1,3,1,2,4
1189,75.67326647564306,698,24,6,73,0.034383954154727794,76,8,1,1,2,1,1,8
1190,92.61605633802684,568,24,6,72,0.04225352112676056,76,5,1,1,1,1,1,4
1191,41.931061598949746,763,24,6,76,0.03145478374836173,76,1,1,1,1,1,1,2
1192,104.56666666666571,600,24,6,76,0.04,76,11,1,1,2,2,1,10
1193,119.14607843137382,510,24,6,71,0.047058823529411764,76,10,2,1,1,1,1,10
1194,130.60696682464481,422,24,6,69,0.05687203791469194,76,8,1,1,1,1,3,6
1195,190.67546391752637,194,24,6,60,0.12371134020618557,76,13,1,1,3,2,3,9
1196,162.4315264797519,321,24,6,64,0.07476635514018691,76,12,2,1,3,2,1,6
1197,17.09784735812106,1022,24,6,76,0.023483365949119372,76,10,1,1,2,2,2,7
1198,61.65104372355303,709,24,6,75,0.03385049365303244,76,4,1,1,1,1,2,3
1199,78.40420361247806,609,24,6,72,0.03940886699507389,76,3,1,1,1,1,2,3
1200,138.56310023309993,429,24,6,73,0.055944055944055944,76,11,2,1,3,2,2,5
1201,143.14737967914414,374,24,6,68,0.06417112299465241,76,9,1,1,2,3,1,6
1202,142.08510204081864,392,24,6,63,0.061224489795918366,76,10,1,1,3,3,2,6
1203,119.76645021644946,462,24,6,71,0.05194805194805195,76,7,2,1,1,1,2,5
1204,145.90630541872068,406,24,6,70,0.059113300492610835,76,12,1,1,2,2,4,8
1205,93.83748031496064,635,24,6,68,0.03779527559055118,78,10,1,1,2,3,2,7
1206,145.8106976744207,344,24,6,64,0.06976744186046512,78,8,1,1,1,2,1,8
1207,78.26243902438866,656,24,6,75,0.036585365853658534,78,6,1,1,1,1,2,6
1208,39.70822510822585,924,24,6,76,0.025974025974025976,78,11,1,1,1,3,3,8
1209,93.16339869281121,612,24,6,76,0.0392156862745098,78,8,1,1,1,1,3,4
1210,108.11148820326717,551,24,6,73,0.043557168784029036,78,9,1,1,1,1,2,9
1211,122.96008403361245,476,24,6,71,0.05042016806722689,78,9,1,1,1,1,1,10
1212,63.22961722488212,836,24,6,75,0.028708133971291867,78,13,1,1,1,2,4,10
1213,152.95027027027257,370,24,6,68,0.06486486486486487,78,12,1,1,2,3,3,8
1214,137.89109660574536,383,24,6,63,0.06266318537859007,78,8,1,1,1,1,3,4
1215,145.73624309392457,362,24,6,70,0.06629834254143646,78,9,1,2,3,1,1,6
1216,112.02832391713763,531,24,6,72,0.04519774011299435,78,9,1,2,1,1,1,9
1217,79.34064697608976,711,24,6,76,0.03375527426160337,78,10,1,1,1,1,4,8
1218,147.3518891687681,397,24,6,66,0.060453400503778336,78,12,1,1,3,2,2,9
1219,70.04210039630252,757,24,6,75,0.031704095112285335,78,10,1,1,1,3,3,6
1220,100.52452006980914,573,24,6,71,0.041884816753926704,78,8,1,1,1,3,1,4
1221,139.777777777777,360,24,6,66,0.06666666666666667,78,7,1,2,1,1,3,4
1222,158.98461538461575,260,24,6,56,0.09230769230769231,78,7,1,1,1,1,3,4
1223,25.70537407797569,949,24,6,76,0.02528977871443625,78,8,1,1,1,1,2,8
1224,74.55908205841537,719,24,6,74,0.03337969401947149,78,9,1,1,2,3,1,5
1225,120.51408163265235,490,24,6,75,0.04897959183673469,79,9,1,2,3,2,1,6
1226,123.25052631578968,475,24,6,72,0.05052631578947368,79,9,1,2,3,3,1,3
1227,24.421731843573557,895,24,6,75,0.026815642458100558,79,4,2,1,1,2,1,3
1228,135.98188916876603,397,24,6,73,0.060453400503778336,79,8,1,2,2,1,1,7
1229,144.20974025974152,385,24,6,71,0.06233766233766234,79,10,2,1,1,1,4,5
1230,90.19999999999872,625,24,6,72,0.0384,79,8,1,1,1,1,1,9
1231,121.14231422505202,471,24,6,73,0.050955414012738856,79,8,1,1,2,1,2,6
1232,39.515606936414244,865,24,6,76,0.027745664739884393,79,7,1,1,1,1,3,5
1233,131.60148148148198,432,24,6,69,0.05555555555555555,79,9,1,1,1,1,2,9
1234,124.52455026454946,378,24,6,70,0.06349206349206349,79,3,1,1,1,1,1,2
1235,119.55271714921955,449,24,6,73,0.053452115812917596,79,6,1,1,1,1,1,6
1236,138.49490028489956,351,24,6,65,0.06837606837606838,79,6,1,1,1,1,3,5
1237,89.37503875969018,645,24,6,74,0.037209302325581395,79,9,1,1,1,2,1,5
1238,167.2273504273512,234,24,6,56,0.10256410256410256,79,8,2,1,1,1,1,8
1239,160.9215451895066,343,24,6,63,0.06997084548104957,79,13,1,1,2,2,2,10
1240,107.17587360594935,538,24,6,67,0.04460966542750929,79,8,1,1,1,2,1,4
1241,125.55920502092278,478,24,6,71,0.0502092050209205,79,10,1,1,3,1,2,6
1242,130.00529411764626,425,24,6,69,0.05647058823529412,79,8,2,1,1,1,1,8
1243,69.58641288433219,683,24,6,72,0.03513909224011713,79,5,1,1,1,1,2,4
1244,114.93315018315111,546,24,6,71,0.04395604395604396,79,11,1,2,1,1,4,8
1245,131.55178010471303,382,24,6,57,0.06282722513089005,79,6,1,1,2,1,1,3
1246,92.72636684303289,567,24,6,71,0.042328042328042326,79,5,1,1,1,1,3,3
1247,116.62876826722234,479,24,6,74,0.05010438413361169,79,7,2,1,1,3,1,3
1248,139.7077319587637,388,24,6,61,0.061855670103092786,79,9,1,1,2,2,3,6
1249,101.74211703958552,581,24,6,69,0.04130808950086059,79,9,1,1,1,2,1,9
1250,157.96557046980007,298,24,6,63,0.08053691275167785,79,9,2,1,1,1,3,3
1251,110.74667844523097,566,24,6,69,0.04240282685512368,79,11,2,1,1,1,4,5
1252,126.35449897750652,489,24,6,71,0.049079754601226995,79,11,1,1,2,2,1,10
1253,72.25577259475051,686,24,6,75,0.03498542274052478,79,6,1,1,1,1,1,6
1254,107.19283975659172,493,24,6,67,0.0486815415821501,79,5,1,1,1,1,1,4
1255,115.44040080160428,499,24,6,72,0.04809619238476954,79,8,1,2,1,1,1,6
1256,89.71339869280906,612,24,6,71,0.0392156862745098,79,7,1,1,1,3,1,6
1257,103.40556291390884,604,24,6,72,0.039735099337748346,79,11,1,1,1,1,3,10
1258,169.84587188612255,281,24,6,57,0.08540925266903915,79,12,1,1,1,3,4,6
1259,120.20148820326932,551,24,6,74,0.043557168784029036,79,13,1,1,3,1,4,9
1260,124.49640661938494,423,24,6,70,0.05673758865248227,79,6,1,1,3,1,1,3
1261,124.01342359768157,517,24,6,74,0.04642166344294004,79,12,1,1,3,3,1,9
1262,127.87371364653333,447,24,6,61,0.053691275167785234,79,9,1,2,1,1,3,5
1263,96.66832391713774,531,24,6,68,0.04519774011299435,79,4,1,1,1,1,2,3
1264,115.44416206261381,543,24,6,70,0.04419889502762431,79,11,2,1,3,1,4,6
1265,175.8745454545465,220,24,6,54,0.10909090909090909,79,10,1,1,2,1,3,5
1266,14.21570824524128,946,24,6,75,0.02536997885835095,79,4,1,2,1,2,1,2
1267,84.65619883040867,684,24,6,75,0.03508771929824561,79,10,2,1,3,1,3,5
1268,69.24140604467617,761,24,6,75,0.03153745072273324,79,10,1,1,2,1,1,10
1269,153.17679738562214,306,24,6,61,0.0784313725490196,79,8,1,1,2,1,2,5
1270,90.17243902438864,656,24,6,74,0.036585365853658534,79,10,1,1,1,2,1,10
1271,103.16474464580074,607,24,6,76,0.039538714991762765,79,11,1,1,2,1,3,6
1272,29.907758620687602,928,24,6,76,0.02586206896551724,79,8,1,1,1,2,1,8
1273,105.53761726078673,533,24,6,71,0.0450281425891182,79,7,1,2,1,1,2,5
1274,153.57673590504572,337,24,6,68,0.0712166172106825,79,10,1,1,1,1,3,9
1275,109.30960079840219,501,24,6,75,0.04790419161676647,79,6,1,2,1,1,1,4
1276,122.17222222222131,450,24,6,71,0.05333333333333334,79,7,2,1,1,1,1,5
1277,84.47947683109072,669,24,6,73,0.03587443946188341,79,9,1,1,3,1,1,4
1278,92.47666666666528,600,24,6,75,0.04,79,7,1,1,1,1,1,8
1279,74.86197568388906,658,24,6,75,0.0364741641337386,79,5,1,1,1,1,1,5
1280,93.1219385796533,521,24,6,73,0.046065259117082535,79,2,1,1,1,1,1,2
1281,114.30193857965332,521,24,6,75,0.046065259117082535,79,9,1,1,1,1,1,10
1282,26.099304865937157,1007,24,6,76,0.023833167825223437,79,12,1,1,2,3,4,5
1283,75.1657725947505,686,24,6,74,0.03498542274052478,79,7,2,1,1,1,1,6
1284,95.08847860538947,631,24,6,73,0.03803486529318542,79,10,1,1,2,3,2,6
1285,56.43578616352103,795,24,6,75,0.03018867924528302,79,8,2,1,1,1,2,6
1286,58.230336943440676,831,24,6,75,0.02888086642599278,79,11,1,1,2,1,4,5
1287,151.58901734104248,346,24,6,66,0.06936416184971098,79,10,1,1,1,3,2,8
1288,85.15698587127004,637,24,6,76,0.03767660910518053,79,7,1,1,2,1,1,7
1289,87.55267175572554,655,24,6,76,0.0366412213740458,79,9,1,1,3,1,1,5
1290,144.84322404371798,366,24,6,69,0.06557377049180328,79,9,2,1,3,1,1,5
1291,94.7363893510808,601,24,6,69,0.03993344425956739,79,8,1,1,1,1,2,6
1292,167.34670033670176,297,24,6,65,0.08080808080808081,79,12,1,1,3,1,3,9
1293,58.32970168612002,771,24,6,76,0.0311284046692607,79,7,1,1,1,1,2,6
1294,33.830048019205826,833,24,6,75,0.028811524609843937,79,3,1,1,1,1,2,3
1295,121.79935779816424,436,24,6,69,0.05504587155963303,79,6,1,1,1,3,1,5
1296,74.1586962552008,721,24,6,74,0.033287101248266296,79,9,1,1,1,2,3,7
1297,131.2175247524744,404,24,6,69,0.0594059405940594,79,7,1,2,1,1,2,6
1298,144.66673590504513,337,24,6,69,0.0712166172106825,79,7,1,1,1,1,4,3
1299,23.707642626478247,929,24,6,76,0.02583423035522067,79,6,1,1,1,1,1,7
1300,21.10787486515544,927,24,6,76,0.025889967637540454,79,5,1,1,1,1,1,5
1301,98.41123287671222,584,24,6,72,0.0410958904109589,79,8,1,1,1,1,1,9
1302,138.00178010471248,382,24,6,62,0.06282722513089005,79,8,1,1,1,3,1,7
1303,127.39075055187536,453,24,6,69,0.052980132450331126,79,9,1,2,2,1,2,6
1304,83.18814814814928,675,24,6,72,0.035555555555555556,79,9,1,1,1,1,1,10
1305,72.9402524544164,713,24,6,76,0.033660589060308554,79,8,1,1,1,1,2,6
1306,97.77889087656436,559,24,6,76,0.04293381037567084,79,6,2,2,1,1,1,5
1307,132.12573363431324,443,24,6,66,0.05417607223476298,79,10,2,1,1,2,4,5
1308,141.81250000000026,320,24,6,66,0.075,79,5,1,1,2,1,1,2
1309,115.62939393939453,528,24,6,72,0.045454545454545456,79,10,1,1,1,3,4,6
1310,173.358596491229,228,24,6,44,0.10526315789473684,79,10,1,1,1,2,3,8
1311,67.03468827930074,802,24,6,75,0.029925187032418952,79,12,1,2,1,2,3,9
1312,97.02832391713628,531,24,6,72,0.04519774011299435,79,4,1,1,1,2,2,2
1313,88.92064846416247,586,24,6,71,0.040955631399317405,79,5,1,1,1,1,2,3
1314,113.69050541516296,554,24,6,75,0.04332129963898917,79,11,1,2,2,1,2,5
1315,140.8290673575144,386,24,6,69,0.06217616580310881,79,9,1,1,1,1,2,9
1316,57.34422360248472,805,24,6,74,0.02981366459627329,79,9,1,1,3,1,1,8
1317,123.05008403361236,476,24,6,72,0.05042016806722689,79,9,1,1,2,2,2,6
1318,75.45598540145821,685,24,6,75,0.035036496350364967,79,7,1,1,1,1,1,8
1319,137.8217801047144,382,24,6,60,0.06282722513089005,79,8,1,1,1,1,2,8
1320,98.94193857965331,521,24,6,71,0.046065259117082535,79,4,1,1,1,1,1,4
1321,87.2697444089442,626,24,6,75,0.038338658146964855,79,7,1,1,1,1,3,4
1322,15.898716683118211,1013,24,6,76,0.023692003948667325,79,9,1,2,1,1,1,9
1323,103.07891891892064,592,24,6,75,0.04054054054054054,79,10,2,1,1,2,3,4
1324,57.670252454416215,713,24,6,73,0.033660589060308554,79,3,1,1,1,1,2,3
1325,101.74723865877597,507,24,6,71,0.047337278106508875,79,4,1,1,1,1,1,4
1326,109.63482517482652,572,24,6,70,0.04195804195804196,79,11,1,1,1,3,4,7
1327,149.79100271002895,369,24,6,64,0.06504065040650407,79,11,1,2,2,3,2,7
1328,54.72919896640661,774,24,6,76,0.031007751937984496,79,6,1,1,1,1,2,3
1329,56.12787723784969,782,24,6,76,0.030690537084398978,79,7,1,2,1,1,1,6
1330,126.11325203252261,492,24,6,75,0.04878048780487805,79,11,2,1,1,3,3,6
1331,55.64531799729186,739,24,6,75,0.03247631935047361,79,4,1,1,1,1,2,4
1332,87.07339869280904,612,24,6,75,0.0392156862745098,79,6,1,1,1,1,1,7
1333,108.00305019305002,518,24,6,65,0.04633204633204633,79,7,1,1,2,2,1,5
1334,81.56619883040801,684,24,6,74,0.03508771929824561,79,9,2,1,1,1,1,9
1335,94.36103059581173,621,24,6,76,0.03864734299516908,79,9,1,1,1,3,3,4
1336,86.11666666666608,600,24,6,71,0.04,79,5,1,1,2,1,1,3
1337,66.94468827930235,802,24,6,74,0.029925187032418952,79,12,1,1,1,1,4,10
1338,161.85673590504655,337,24,6,60,0.0712166172106825,79,13,1,1,2,1,4,10
1339,114.14691973969592,461,24,6,73,0.052060737527114966,79,5,1,1,1,1,1,6
1340,154.7184320557498,287,24,6,69,0.08362369337979095,79,7,1,1,1,2,2,5
1341,148.61855153203325,359,24,6,62,0.06685236768802229,79,10,1,1,3,1,2,6
1342,32.30405827263294,961,24,6,76,0.02497398543184183,79,11,1,1,1,2,3,7
1343,41.114678899080545,872,24,6,76,0.027522935779816515,79,8,1,1,1,1,1,9
1344,132.02321428571554,448,24,6,76,0.05357142857142857,79,10,1,1,1,1,4,8
1345,80.54184397162956,705,24,6,76,0.03404255319148936,79,10,1,2,2,1,3,7
1346,70.36388489208646,695,24,6,74,0.034532374100719423,79,6,1,1,1,3,2,2
1347,80.80750418760334,597,24,6,72,0.04020100502512563,79,3,1,1,1,1,1,4
1348,67.04477088948713,742,24,6,75,0.03234501347708895,79,8,1,1,1,1,2,7
1349,57.2388659793795,776,24,6,75,0.030927835051546393,79,7,1,1,1,1,1,6
1350,64.93550135501229,738,24,6,76,0.032520325203252036,79,7,1,1,1,1,4,3
1351,64.74104372355258,709,24,6,76,0.03385049365303244,79,5,1,1,1,1,1,4
1352,93.99793594305925,562,24,6,74,0.042704626334519574,79,5,1,1,1,1,2,5
1353,9.607181729832764,1029,24,6,75,0.023323615160349854,79,8,1,1,1,1,1,9
1354,142.30449877750695,409,24,6,70,0.05867970660146699,79,11,1,2,3,1,2,8
1355,94.00501650165167,606,24,6,72,0.039603960396039604,79,8,1,1,1,1,3,4
1356,149.53932960893957,358,24,6,70,0.0670391061452514,79,10,1,1,1,1,3,6
1357,59.833762376235605,808,24,6,75,0.0297029702970297,79,10,1,1,1,1,4,8
1358,113.52152658662366,583,24,6,71,0.0411663807890223,82,13,1,2,3,3,3,7
1359,157.69211480362603,331,24,6,67,0.07250755287009064,82,11,1,2,3,1,3,7
1360,100.69583747926957,603,24,6,73,0.03980099502487562,82,10,2,1,2,2,1,6
1361,92.43152658661954,583,24,6,70,0.0411663807890223,82,6,1,1,2,1,1,5
1362,34.31415525113955,876,24,6,76,0.0273972602739726,82,6,1,1,1,1,1,5
1363,49.920772946857845,828,24,6,76,0.028985507246376812,82,8,1,1,1,1,3,6
1364,172.42211267605802,284,24,6,59,0.08450704225352113,82,13,1,1,2,2,3,10
1365,127.41883295194529,437,24,6,67,0.05491990846681922,82,8,1,1,1,1,1,9
1366,57.1216545012169,822,24,6,76,0.029197080291970802,82,10,1,1,2,1,3,5
1367,91.67155088852843,619,24,6,75,0.03877221324717286,82,8,1,1,2,1,1,6
1368,101.03011406843987,526,24,6,72,0.045627376425855515,82,5,1,1,1,1,1,6
1369,83.69556040756997,687,24,6,71,0.034934497816593885,82,10,1,1,3,2,2,4
1370,105.92342359767832,517,24,6,73,0.04642166344294004,82,6,1,1,1,2,1,4
1371,160.48525691699618,253,24,6,57,0.09486166007905138,82,7,1,1,1,1,1,7
1372,111.7741327623116,467,24,6,60,0.05139186295503212,82,5,1,1,1,1,1,6
1373,121.82809523809433,420,24,6,67,0.05714285714285714,82,5,1,2,1,2,1,4
1374,137.54937655860468,401,24,6,66,0.059850374064837904,82,9,1,1,1,2,1,7
1375,40.11210762331631,892,24,6,76,0.026905829596412557,82,9,1,2,1,1,1,9
1376,103.01342359767776,517,24,6,74,0.04642166344294004,82,5,2,1,1,1,1,4
1377,112.69903591682295,529,24,6,75,0.045368620037807186,82,9,2,1,1,1,1,9
1378,82.18084507042356,710,24,6,72,0.03380281690140845,82,11,1,1,2,1,3,7
1379,126.28999999999928,400,24,6,72,0.06,82,5,1,1,1,1,2,2
1380,91.2234862385309,545,24,6,72,0.044036697247706424,82,3,1,1,1,1,1,2
1381,14.415820105818312,945,24,6,75,0.025396825396825397,82,4,1,1,1,2,1,3
1382,65.5449275362303,690,24,6,76,0.034782608695652174,82,4,1,1,1,1,1,5
1383,97.51903591682327,529,24,6,73,0.045368620037807186,82,4,1,2,1,1,1,4
1384,101.99248175182372,548,24,6,65,0.043795620437956206,82,7,1,2,1,1,2,4
1385,73.07684287811873,681,24,6,73,0.03524229074889868,82,6,1,1,1,1,2,6
1386,63.726742712293,789,24,6,76,0.030418250950570342,82,10,1,1,3,3,2,5
1387,53.43345679012145,810,24,6,75,0.02962962962962963,82,8,1,1,1,1,1,9
1388,112.7945525291841,514,24,6,76,0.04669260700389105,82,8,1,1,2,2,2,5
1389,107.0127171492195,449,24,6,67,0.053452115812917596,82,2,1,1,1,1,1,3
1390,139.99839793281657,387,24,6,62,0.06201550387596899,82,9,2,1,1,1,3,3
1391,166.31444816053633,299,24,6,58,0.0802675585284281,82,12,1,1,2,3,4,6
1392,72.36598540145818,685,24,6,74,0.035036496350364967,82,6,1,1,2,1,1,6
1393,52.3473885350317,785,24,6,74,0.030573248407643312,82,6,1,1,1,1,3,5
1394,115.47949152542671,590,24,6,75,0.04067796610169491,82,14,2,1,1,2,4,10
1395,61.958504155122974,722,24,6,74,0.0332409972299169,82,5,1,1,1,1,1,6
1396,121.33382352941166,544,24,6,71,0.04411764705882353,82,13,1,1,1,3,4,9
1397,95.80750418760329,597,24,6,72,0.04020100502512563,82,8,1,1,1,1,1,7
1398,123.92342359768048,517,24,6,73,0.04642166344294004,82,12,1,1,2,2,2,10
1399,111.32230769230648,520,24,6,73,0.046153846153846156,82,8,1,1,1,1,2,8
1400,108.40181818181695,550,24,6,74,0.04363636363636364,82,9,1,1,1,2,4,4
1401,151.95593984962352,266,24,6,58,0.09022556390977443,82,5,1,2,1,1,1,3
1402,120.29141649048557,473,24,6,68,0.0507399577167019,82,8,1,1,1,2,1,7
1403,146.01154518950574,343,24,6,64,0.06997084548104957,82,8,1,1,1,2,3,5
1404,92.10064846416259,586,24,6,73,0.040955631399317405,82,6,2,1,1,2,1,5
1405,81.48290519877641,654,24,6,73,0.03669724770642202,82,7,1,1,3,1,1,6
1406,116.47723865877616,507,24,6,68,0.047337278106508875,82,9,1,1,3,1,2,7
1407,97.66484288354772,541,24,6,68,0.04436229205175601,82,5,1,1,1,1,1,5
1408,120.81793594306205,562,24,6,72,0.042704626334519574,82,14,2,1,1,2,4,10
1409,119.83157088122601,522,24,6,72,0.04597701149425287,82,11,2,1,1,2,4,7
1410,127.95923444975988,418,24,6,64,0.05741626794258373,82,7,1,1,1,2,1,7
1411,93.04691588784948,535,24,6,70,0.044859813084112146,82,3,1,1,1,1,1,3
1412,89.97948963317236,627,24,6,74,0.03827751196172249,82,8,1,1,3,1,3,5
1413,-6.904942965781185,1052,24,6,76,0.022813688212927757,82,4,1,1,1,1,1,4
1414,104.19064846416246,586,24,6,74,0.040955631399317405,82,10,2,1,2,1,3,6
1415,97.79822784810229,632,24,6,72,0.0379746835443038,82,11,1,1,1,2,2,9
1416,81.96863406408063,593,24,6,76,0.04047217537942664,82,3,1,1,1,1,2,3
1417,140.0366666666684,375,24,6,69,0.064,82,8,2,1,1,1,3,5
1418,14.501010101008122,990,24,6,76,0.024242424242424242,82,7,1,1,1,1,2,4
1419,99.10667844522837,566,24,6,73,0.04240282685512368,82,7,2,1,2,3,1,3
1420,110.32047619047732,525,24,6,73,0.045714285714285714,82,8,1,1,1,1,3,7
1421,132.94831050228362,438,24,6,64,0.0547945205479452,82,10,1,2,1,3,1,8
1422,126.32230769230915,520,24,6,73,0.046153846153846156,82,13,1,2,2,3,1,10
1423,152.45679738562148,306,24,6,53,0.0784313725490196,82,8,1,1,2,1,4,5
1424,62.579275766014995,718,24,6,72,0.033426183844011144,82,5,1,1,1,1,1,6
1425,81.75649452269019,639,24,6,76,0.03755868544600939,82,6,1,1,2,1,2,3
1426,111.90793594306253,562,24,6,73,0.042704626334519574,82,11,1,2,1,1,3,7
1427,78.64717421124648,729,24,6,75,0.03292181069958848,82,11,1,2,1,1,2,10
1428,125.51691973969571,461,24,6,66,0.052060737527114966,82,9,1,2,1,1,2,8
1429,196.19945054945114,182,24,6,61,0.13186813186813187,82,14,2,1,3,3,3,7
1430,70.19262599469587,754,24,6,70,0.03183023872679045,82,10,1,1,1,3,3,5
1431,103.89939393939477,528,24,6,75,0.045454545454545456,82,6,1,1,1,1,1,5
1432,107.75964360586973,477,24,6,71,0.050314465408805034,82,4,1,1,1,1,1,3
1433,122.61083969465857,524,24,6,74,0.04580152671755725,82,12,2,1,2,1,3,9
1434,100.83064846416256,586,24,6,70,0.040955631399317405,82,9,1,1,1,3,1,6
1435,125.5104166666658,384,24,6,61,0.0625,82,4,1,1,1,1,1,4
1436,139.14123893805626,452,24,6,64,0.05309734513274336,82,13,1,1,1,3,4,7
1437,96.32271157167644,579,24,6,71,0.04145077720207254,82,7,1,1,2,1,1,6
1438,128.45120458891282,523,24,6,70,0.045889101338432124,82,14,2,1,3,1,4,5
1439,40.51049723756751,905,24,6,76,0.026519337016574586,82,10,1,1,1,2,1,10
1440,117.3831002330993,429,24,6,71,0.055944055944055944,82,4,1,1,1,1,1,5
1441,144.171889168768,397,24,6,64,0.060453400503778336,82,11,1,1,1,1,3,10
1442,109.27953321364535,557,24,6,66,0.04308797127468582,82,10,1,1,1,3,3,4
1443,105.98474464580069,607,24,6,74,0.039538714991762765,82,12,1,1,3,1,3,6
1444,145.70112582781397,302,24,6,69,0.07947019867549669,82,5,1,1,1,1,2,4
1445,47.92610340479082,793,24,6,76,0.03026481715006305,82,5,1,1,2,1,1,5
1446,86.75898251192298,629,24,6,76,0.03815580286168521,82,7,1,2,1,1,1,5
1447,180.188163265307,245,24,6,58,0.09795918367346938,82,13,1,2,3,2,2,7
1448,68.325628140705,796,24,6,76,0.03015075376884422,82,12,1,2,3,3,1,7
1449,108.80455252918189,514,24,6,65,0.04669260700389105,82,7,1,1,1,1,1,6
1450,91.26723270440286,636,24,6,75,0.03773584905660377,82,9,1,1,2,1,2,6
1451,145.28624309392345,362,24,6,65,0.06629834254143646,82,9,1,1,1,1,3,8
1452,116.89841269841386,504,24,6,66,0.047619047619047616,82,9,1,1,3,2,1,7
1453,43.11025358324068,907,24,6,76,0.026460859977949284,82,11,1,2,1,3,1,8
1454,91.8800680272095,588,24,6,75,0.04081632653061224,82,6,1,1,1,1,1,4
1455,96.98077170417886,622,24,6,74,0.03858520900321544,82,10,1,1,2,1,4,5
1456,128.3398081534763,417,24,6,66,0.05755395683453238,82,7,1,1,3,1,1,3
1457,81.96662756598249,682,24,6,74,0.03519061583577713,82,9,1,1,2,2,1,6
1458,115.02533880903472,487,24,6,74,0.049281314168377825,82,7,1,1,1,1,1,8
1459,69.05880952380791,672,24,6,75,0.03571428571428571,82,4,1,1,1,1,1,4
1460,79.78181229773418,618,24,6,74,0.038834951456310676,82,4,1,1,1,1,2,2
1461,39.711856823265336,894,24,6,76,0.026845637583892617,82,9,1,1,1,1,1,10
1462,130.8612389380521,452,24,6,72,0.05309734513274336,82,10,1,1,1,1,2,10
1463,27.706496272628456,939,24,6,76,0.025559105431309903,82,8,1,2,1,3,2,5
1464,121.77889087656783,559,24,6,76,0.04293381037567084,82,14,1,1,3,3,2,10
1465,64.97586956521619,736,24,6,72,0.03260869565217391,82,7,1,1,1,3,1,6
1466,106.69903591682325,529,24,6,75,0.045368620037807186,82,7,1,1,1,2,3,4
1467,43.664678899080414,872,24,6,71,0.027522935779816515,82,9,2,1,1,1,3,5
1468,123.03573363431306,443,24,6,65,0.05417607223476298,82,7,1,2,1,2,1,4
1469,120.92920318725173,502,24,6,73,0.04780876494023904,82,10,1,2,1,1,4,6
1470,144.0406265664169,399,24,6,67,0.06015037593984962,82,11,2,2,1,3,1,8
1471,72.4700560224099,714,24,6,73,0.03361344537815126,82,8,1,2,1,2,2,6
1472,55.86568521031027,737,24,6,73,0.032564450474898234,82,4,1,1,1,1,1,3
1473,66.5398601398584,715,24,6,76,0.033566433566433566,82,6,1,1,1,3,1,4
1474,72.65947683108968,669,24,6,75,0.03587443946188341,82,5,1,1,1,1,1,6
1475,134.8704166666674,384,24,6,65,0.0625,82,7,1,1,1,3,1,6
1476,130.62510204081684,392,24,6,69,0.061224489795918366,82,6,1,1,1,1,1,4
1477,83.26888888889006,720,24,6,73,0.03333333333333333,82,12,1,1,3,1,4,7
1478,92.2926016260148,615,24,6,73,0.03902439024390244,82,8,1,1,1,1,3,7
1479,133.77123893805384,452,24,6,71,0.05309734513274336,82,11,2,2,1,2,1,9
1480,51.37587485515705,863,24,6,70,0.027809965237543453,82,11,1,1,2,1,3,8
1481,99.89474464579949,607,24,6,73,0.039538714991762765,82,10,2,1,1,1,2,9
1482,96.46267175572746,655,24,6,75,0.0366412213740458,82,12,1,1,1,3,3,9
1483,94.02528925619983,605,24,6,70,0.03966942148760331,82,8,1,1,1,2,2,7
1484,163.66453183520733,267,24,6,57,0.0898876404494382,82,9,1,1,2,1,2,8
1485,130.70935779816415,436,24,6,68,0.05504587155963303,82,9,1,1,1,2,3,5
1486,106.49348623853321,545,24,6,75,0.044036697247706424,82,8,1,1,2,1,1,7
1487,148.2144987775087,409,24,6,69,0.05867970660146699,82,13,2,2,2,1,4,6
1488,80.25471780028857,691,24,6,75,0.03473227206946455,82,9,1,1,1,3,1,6
1489,90.48649452269181,639,24,6,73,0.03755868544600939,82,9,1,1,1,1,2,9
1490,51.123915737296684,807,24,6,76,0.02973977695167286,82,7,2,1,2,2,1,5
1491,83.75000000000017,625,24,6,67,0.0384,82,6,1,1,1,1,2,4
1492,72.04386880856578,747,24,6,75,0.0321285140562249,82,10,2,1,1,1,3,7
1493,107.63636684303455,567,24,6,70,0.042328042328042326,82,10,1,1,2,1,2,6
1494,22.822612612610904,888,24,6,75,0.02702702702702703,82,3,1,1,1,1,1,3
1495,127.35510204081649,392,24,6,66,0.061224489795918366,82,5,2,1,1,1,1,4
1496,103.85543859649013,570,24,6,68,0.042105263157894736,82,9,1,1,3,3,1,5
1497,-25.390000000001855,1033,23,5,76,0.022265246853823813,82,5,1,1,2,1,1,5
1498,134.23696682464413,422,24,6,76,0.05687203791469194,82,9,2,1,1,1,3,4
1499,63.25265335235214,701,24,6,75,0.034236804564907276,82,4,1,1,1,1,1,3
1500,81.15220700152156,657,24,6,76,0.0365296803652968,82,7,2,1,1,1,3,3
1501,94.06382352941075,544,24,6,68,0.04411764705882353,82,4,1,1,1,1,1,3
1502,87.58025641025608,624,24,6,74,0.038461538461538464,82,7,1,1,3,1,1,4
1503,123.98474178403663,426,24,6,71,0.056338028169014086,82,6,1,1,1,1,1,4
1504,58.16738853503085,785,24,6,72,0.030573248407643312,82,8,2,1,3,1,1,5
1505,59.53071895424652,765,24,6,76,0.03137254901960784,82,7,1,1,1,1,1,8
1506,120.29141649048681,473,24,6,68,0.0507399577167019,82,8,1,1,1,1,3,5
1507,87.9901501501517,666,24,6,72,0.036036036036036036,82,10,1,2,1,1,3,5
1508,83.88576323987469,642,24,6,73,0.037383177570093455,82,7,1,1,1,1,4,5
1509,59.46351134846442,749,24,6,73,0.03204272363150868,82,6,1,1,1,1,1,5
1510,75.89077170417863,622,24,6,73,0.03858520900321544,82,3,1,1,1,1,1,4
1511,54.23406947890699,806,24,6,75,0.02977667493796526,82,8,1,1,1,1,3,7
1512,61.14722646310505,786,24,6,74,0.030534351145038167,82,9,1,1,2,2,1,8
1513,97.90035775127632,587,24,6,73,0.04088586030664395,82,8,1,1,1,1,2,7
1514,78.79337423312784,652,24,6,72,0.03680981595092025,82,6,1,1,1,1,1,4
1515,114.55491803278579,488,24,6,71,0.04918032786885246,82,7,1,1,1,1,1,6
1516,-37.080000000001874,1106,23,5,75,0.020795660036166366,82,6,1,1,1,1,2,5
1517,161.69855153203534,359,24,6,74,0.06685236768802229,82,14,1,1,3,2,4,9
1518,94.27103059581174,621,24,6,75,0.03864734299516908,82,9,1,1,1,2,3,6
1519,195.04789473684235,152,24,6,47,0.15789473684210525,82,12,1,2,3,1,4,6
1520,135.002558139534,430,24,6,69,0.05581395348837209,82,10,1,1,2,1,2,9
1521,-74.70882562277838,1405,24,6,74,0.01708185053380783,82,5,1,1,1,1,2,3
1522,201.54865921787766,179,24,6,47,0.1340782122905028,82,16,1,2,3,3,3,10
1523,107.57964360586902,477,24,6,69,0.050314465408805034,82,4,1,1,2,1,1,3
1524,100.8760784313727,510,24,6,68,0.047058823529411764,82,4,1,1,1,1,2,3
1525,111.43267822735979,519,24,6,72,0.046242774566473986,82,8,1,1,1,2,4,4
1526,136.06696682464553,422,24,6,63,0.05687203791469194,82,10,1,2,1,2,1,9
1527,150.6603003003022,333,24,6,60,0.07207207207207207,82,9,1,1,2,1,1,6
1528,77.48527950310408,644,24,6,73,0.037267080745341616,82,5,1,1,1,1,1,3
1529,30.71001100109824,909,24,6,76,0.026402640264026403,82,7,1,1,1,1,3,4
1530,4.493457943925465,1070,24,6,76,0.022429906542056073,82,9,1,1,1,1,4,7
1531,68.57927576601655,718,24,6,72,0.033426183844011144,82,7,1,1,1,1,1,8
1532,121.12449877750528,409,24,6,68,0.05867970660146699,82,4,1,1,1,1,1,2
1533,76.77082956259267,663,24,6,74,0.03619909502262444,82,6,1,1,1,2,1,6
1534,33.81330578512197,968,24,6,75,0.024793388429752067,82,12,1,1,1,3,2,10
1535,113.09685039370171,508,24,6,66,0.047244094488188976,82,8,2,1,3,1,1,3
1536,83.90986013985963,715,24,6,69,0.033566433566433566,82,12,1,2,2,1,4,5
1537,123.21762845849837,506,24,6,74,0.04743083003952569,82,11,1,2,3,1,2,8
1538,130.6607505518762,453,24,6,72,0.052980132450331126,82,10,1,2,1,1,2,9
1539,26.419289617484456,915,24,6,75,0.02622950819672131,82,6,1,1,2,1,1,6
1540,102.8047446457986,607,24,6,72,0.039538714991762765,82,11,1,1,3,1,1,10
1541,176.25843049327358,223,24,6,65,0.10762331838565023,82,10,1,1,1,1,3,9
1542,106.37361111111136,576,24,6,76,0.041666666666666664,82,10,1,1,2,1,2,7
1543,-89.53243243243526,1480,24,6,76,0.016216216216216217,82,5,1,1,1,1,1,5
1544,97.13977928692582,589,24,6,69,0.04074702886247878,82,8,1,2,1,2,1,4
1545,111.00366612111537,611,24,6,72,0.03927986906710311,82,14,1,1,2,3,4,6
1546,114.11148820326572,551,24,6,73,0.043557168784029036,82,11,2,2,1,1,2,9
1547,142.77883295194724,437,24,6,71,0.05491990846681922,82,13,1,1,3,1,3,10
1548,126.72097046413683,474,24,6,75,0.05063291139240506,82,10,1,1,1,2,3,8
1549,98.21094017094019,585,24,6,72,0.041025641025641026,82,8,1,1,1,1,1,7
1550,131.63881720430055,372,24,6,69,0.06451612903225806,82,5,1,1,1,1,1,4
1551,126.85186440677862,472,24,6,72,0.05084745762711865,82,10,1,1,2,1,4,7
1552,125.15833333333488,480,24,6,71,0.05,82,10,1,1,1,2,4,5
1553,117.53761726078784,533,24,6,71,0.0450281425891182,82,11,1,1,1,2,4,8
1554,115.79833333333349,480,24,6,67,0.05,82,7,1,1,1,1,1,6
1555,145.27735632184076,348,24,6,67,0.06896551724137931,82,8,1,1,3,1,3,3
1556,145.31397260274096,365,24,6,72,0.06575342465753424,82,9,1,1,1,2,4,4
1557,39.01787486515431,927,24,6,75,0.025889967637540454,82,11,2,1,1,2,3,5
1558,81.85641288433249,683,24,6,75,0.03513909224011713,82,9,1,2,2,1,1,8
1559,100.07474464579809,607,24,6,75,0.039538714991762765,82,10,1,1,2,1,2,6
1560,-21.713494809690186,1156,24,6,76,0.020761245674740483,82,6,1,1,2,1,1,6
1561,61.2449527665299,741,24,6,75,0.032388663967611336,82,6,1,1,1,1,1,4
1562,90.55281535648874,547,24,6,69,0.043875685557586835,82,3,1,1,1,1,2,2
1563,56.83376237623664,808,24,6,75,0.0297029702970297,82,9,2,1,1,1,4,5
1564,88.06698587127005,637,24,6,75,0.03767660910518053,82,8,1,1,3,1,1,6
1565,93.98761726078698,533,24,6,76,0.0450281425891182,82,3,1,1,1,2,1,3
1566,142.09786885245887,305,24,6,69,0.07868852459016394,82,4,1,1,1,1,1,3
1567,25.42049723756714,905,24,6,75,0.026519337016574586,82,5,1,1,1,1,1,5
1568,84.05245014244876,702,24,6,75,0.03418803418803419,82,11,1,1,1,3,4,7
1569,91.62611295680927,602,24,6,70,0.03986710963455149,82,7,1,1,1,2,1,4
1570,155.75362459547085,309,24,6,63,0.07766990291262135,82,9,1,1,3,2,2,5
1571,58.23722646310251,786,24,6,75,0.030534351145038167,82,8,1,1,1,1,1,9
1572,45.43195121951029,820,24,6,75,0.02926829268292683,82,6,1,1,1,2,2,4
1573,112.8704761904759,525,24,6,68,0.045714285714285714,82,9,1,1,1,1,2,9
1574,116.97605633802985,568,24,6,76,0.04225352112676056,82,13,2,2,1,2,3,6
1575,57.95210039629933,757,24,6,74,0.031704095112285335,82,6,1,1,1,1,2,6
1576,115.7055287569586,539,24,6,64,0.04452690166975881,82,11,1,1,3,2,1,9
1577,126.52271844660102,412,24,6,68,0.05825242718446602,82,6,1,1,1,1,1,6
1578,165.5249635036509,274,24,6,60,0.08759124087591241,82,10,1,1,3,3,2,6
1579,150.4740909090925,352,24,6,67,0.06818181818181818,82,10,1,1,1,1,3,6
1580,56.43578616352151,795,24,6,75,0.03018867924528302,82,8,1,1,1,3,2,4
1581,75.65306151645076,699,24,6,75,0.034334763948497854,82,8,1,1,1,1,2,7
1582,97.84666666666755,600,24,6,68,0.04,82,9,1,2,2,1,2,5
1583,102.30241379310326,580,24,6,73,0.041379310344827586,82,9,1,1,1,1,3,6
1584,118.14231422505226,471,24,6,73,0.050955414012738856,82,7,1,1,1,2,1,4
1585,75.5921003963002,757,24,6,70,0.031704095112285335,82,12,2,1,2,3,3,6
1586,89.25792899408322,676,24,6,75,0.03550295857988166,82,11,1,1,3,3,1,8
1587,157.3144481605351,299,24,6,58,0.0802675585284281,82,9,1,1,1,1,3,6
1588,72.13661202185632,732,24,6,76,0.03278688524590164,82,9,1,1,2,1,1,9
1589,90.1999999999987,625,24,6,72,0.0384,82,8,1,1,1,3,1,7
1590,73.44513513513333,740,24,6,75,0.032432432432432434,82,10,1,1,1,3,2,8
1591,86.27233766233662,616,24,6,75,0.03896103896103896,82,6,1,1,1,1,1,7
1592,83.16792899408125,676,24,6,74,0.03550295857988166,82,9,1,1,3,1,2,5
1593,90.99331022530316,577,24,6,74,0.0415944540727903,82,5,1,1,1,1,2,5
1594,102.49857142857208,560,24,6,64,0.04285714285714286,82,8,1,1,1,1,3,5
1595,163.31087719298372,285,24,6,60,0.08421052631578947,82,10,1,1,2,1,3,5
1596,173.54619047619133,210,24,6,39,0.11428571428571428,82,9,1,1,2,1,2,7
1597,18.30141987829413,986,24,6,76,0.02434077079107505,82,8,1,2,1,1,1,7
1598,107.86691588785072,535,24,6,68,0.044859813084112146,82,8,1,1,1,1,1,9
1599,70.13755158184141,727,24,6,76,0.033012379642365884,82,8,1,1,1,1,1,7
1600,80.06822784809977,632,24,6,75,0.0379746835443038,82,5,1,1,1,2,1,4
1601,88.08015015014966,666,24,6,73,0.036036036036036036,82,10,1,1,3,1,4,5
1602,117.94881838074384,457,24,6,73,0.0525164113785558,82,6,1,1,1,1,1,4
1603,53.32330456226682,811,24,6,76,0.029593094944512947,82,8,1,1,2,1,2,7
1604,76.16064697608829,711,24,6,74,0.03375527426160337,82,9,1,1,2,1,2,6
1605,134.79929824561677,456,24,6,58,0.05263157894736842,82,12,1,1,1,3,2,10
1606,115.95883295194419,437,24,6,73,0.05491990846681922,82,4,2,1,1,1,1,3
1607,103.81482517482578,572,24,6,72,0.04195804195804196,82,9,1,2,2,1,1,6
1608,101.32123287671199,584,24,6,71,0.0410958904109589,82,9,1,1,2,2,1,7
1609,-39.92260061919646,1292,24,6,76,0.018575851393188854,82,9,1,1,1,1,2,9
1610,103.40155088853199,619,24,6,72,0.03877221324717286,82,12,1,2,2,1,4,5
1611,136.0139024390258,410,24,6,69,0.05853658536585366,82,9,1,1,2,1,2,7
1612,103.42382352941051,544,24,6,72,0.04411764705882353,82,7,1,1,1,1,2,5
1613,119.62587360594733,538,24,6,72,0.04460966542750929,82,12,1,1,3,2,2,9
1614,148.53510204081888,392,24,6,68,0.061224489795918366,82,12,2,1,2,2,4,3
1615,74.45492753623043,690,24,6,75,0.034782608695652174,82,7,1,1,3,2,1,5
1616,93.84129032258235,620,24,6,68,0.03870967741935484,82,9,1,1,1,1,2,8
1617,111.75533880903407,487,24,6,71,0.049281314168377825,82,6,2,1,1,1,2,4
1618,131.60148148148122,432,24,6,69,0.05555555555555555,82,9,1,2,1,3,2,6
1619,107.60722408026872,598,24,6,72,0.04013377926421405,82,12,1,1,1,2,4,9
1620,97.50889087656407,559,24,6,73,0.04293381037567084,82,6,1,1,1,1,1,5
1621,81.87992503747986,667,24,6,73,0.035982008995502246,82,8,1,1,1,1,1,9
1622,39.01964912280614,912,24,6,75,0.02631578947368421,82,10,1,1,3,2,2,6
1623,85.45705882352878,680,24,6,75,0.03529411764705882,82,10,1,1,1,3,2,7
1624,141.04027027027175,370,24,6,69,0.06486486486486487,82,8,1,1,1,2,3,6
1625,65.77661202185679,732,24,6,72,0.03278688524590164,82,7,1,1,1,1,2,5
1626,59.44071895424652,765,24,6,75,0.03137254901960784,82,7,1,2,1,1,1,5
1627,-45.9188311688332,1232,24,6,76,0.01948051948051948,82,3,1,1,1,1,2,2
1628,104.04193857965535,521,24,6,61,0.046065259117082535,82,6,1,1,3,1,1,3
1629,77.15105740181173,662,24,6,76,0.03625377643504532,82,6,1,1,1,2,1,5
1630,74.31224751066947,703,24,6,69,0.034139402560455195,82,8,1,1,3,1,1,3
1631,124.97691973969867,461,24,6,60,0.052060737527114966,82,9,1,1,3,1,2,5
1632,77.44605442176928,735,24,6,75,0.0326530612244898,82,11,1,1,3,2,2,8
1633,59.44605442176694,735,24,6,75,0.0326530612244898,82,5,1,1,1,1,2,3
1634,75.78447368420909,608,24,6,74,0.039473684210526314,82,2,1,1,1,1,1,2
1635,119.81248175182778,548,24,6,63,0.043795620437956206,82,13,1,1,1,3,4,6
1636,86.90182130584058,582,24,6,73,0.041237113402061855,82,4,1,1,1,1,1,4
1637,39.023378684805195,882,24,6,75,0.027210884353741496,82,8,1,1,1,1,1,6
1638,60.446986301368106,730,24,6,75,0.03287671232876712,82,5,1,1,1,1,1,6
1639,85.27103059581174,621,24,6,75,0.03864734299516908,82,6,1,2,1,1,1,4
1640,118.60696682464368,422,24,6,69,0.05687203791469194,82,4,1,1,3,1,1,3
1641,111.67379844961206,516,24,6,68,0.046511627906976744,82,8,1,1,1,1,2,7
1642,65.57927576601499,718,24,6,72,0.033426183844011144,82,6,2,1,1,1,1,6
1643,-68.79000000000224,1265,23,5,76,0.01818181818181818,82,6,2,1,1,1,1,5
1644,99.77271157167426,579,24,6,76,0.04145077720207254,82,8,1,1,1,2,1,4
1645,135.2000000000007,400,24,6,71,0.06,82,8,1,1,2,2,1,4
1646,59.34820512820318,780,24,6,74,0.03076923076923077,82,8,1,1,1,1,1,8
1647,83.19873015872868,630,24,6,72,0.0380952380952381,82,6,1,1,1,1,4,3
1648,106.02315018314891,546,24,6,72,0.04395604395604396,82,8,1,1,2,1,1,6
1649,107.26876826722324,479,24,6,70,0.05010438413361169,82,4,1,1,1,1,1,4
1650,75.57290519877623,654,24,6,74,0.03669724770642202,82,5,1,1,1,1,1,4
1651,52.82655011654841,858,24,6,75,0.027972027972027972,82,11,2,1,2,2,1,8
1652,130.31413276231356,467,24,6,66,0.05139186295503212,82,11,2,1,1,1,3,9
1653,134.27471910112507,445,24,6,61,0.05393258426966292,82,11,2,1,2,1,2,9
1654,-12.915754001686617,1187,24,6,76,0.020219039595619208,82,11,1,1,1,1,4,9
1655,114.33214936247943,549,24,6,71,0.04371584699453552,82,11,1,1,1,3,2,7
1656,149.7732551319654,341,24,6,68,0.07038123167155426,82,9,1,1,3,1,3,4
1657,124.89505376344049,465,24,6,68,0.05161290322580645,82,9,1,1,1,1,3,5
1658,14.210908173560084,991,24,6,75,0.024217961654894045,82,7,1,1,1,1,2,4
1659,121.15618556701052,485,24,6,71,0.049484536082474224,82,9,1,1,1,3,2,7
1660,54.431951219510125,820,24,6,75,0.02926829268292683,82,9,1,1,1,1,2,5
1661,109.31348623853258,545,24,6,73,0.044036697247706424,82,9,1,1,3,1,1,5
1662,50.116686114350735,857,24,6,76,0.028004667444574097,82,10,1,1,2,2,1,8
1663,103.96574692442944,569,24,6,67,0.0421792618629174,82,9,1,1,2,1,2,7
1664,11.297943192946171,1021,24,6,76,0.023506366307541625,82,8,2,1,1,1,2,4
1665,105.69051364366025,623,24,6,73,0.038523274478330656,82,13,2,2,1,2,4,5
1666,116.13161290322543,496,24,6,73,0.04838709677419355,82,8,1,1,1,1,1,9
1667,80.5357725947505,686,24,6,67,0.03498542274052478,82,9,2,1,1,3,1,5
1668,4.8049667616313805,1053,24,6,75,0.022792022792022793,82,8,1,1,1,1,4,6
1669,87.17248175182357,548,24,6,67,0.043795620437956206,82,2,1,1,1,1,1,3
1670,85.19384615384459,650,24,6,72,0.036923076923076927,82,8,1,1,1,1,2,5
1671,142.30315789473636,380,24,6,72,0.06315789473684211,82,9,1,1,1,3,1,8
1672,73.34684287811876,681,24,6,76,0.03524229074889868,82,6,1,1,2,2,1,5
1673,130.39449877750556,409,24,6,71,0.05867970660146699,82,7,1,1,1,2,1,5
1674,108.87889087656586,559,24,6,66,0.04293381037567084,82,10,1,1,1,2,4,7
1675,47.312866817154955,886,24,6,76,0.02708803611738149,82,11,1,2,2,1,3,7
1676,53.827233294254484,853,24,6,75,0.02813599062133646,82,11,1,1,1,1,4,9
1677,96.26761726078794,533,24,6,68,0.0450281425891182,82,4,1,1,1,1,1,4
1678,95.40694490817972,599,24,6,72,0.04006677796327212,82,8,1,1,1,1,1,8
1679,93.96863406408038,593,24,6,76,0.04047217537942664,82,7,1,1,2,1,1,7
1680,146.323255131965,341,24,6,63,0.07038123167155426,82,8,2,1,1,2,1,4
1681,152.72881720430303,372,24,6,70,0.06451612903225806,82,12,2,1,1,2,4,5
1682,107.3464636542228,509,24,6,71,0.047151277013752456,82,6,2,1,2,1,1,4
1683,112.7427171492195,449,24,6,64,0.053452115812917596,82,4,1,1,1,1,1,3
1684,98.68123287671122,584,24,6,75,0.0410958904109589,82,8,1,2,1,3,3,3
1685,111.89248175182469,548,24,6,75,0.043795620437956206,82,10,1,1,1,1,3,9
1686,35.13481056257078,871,24,6,74,0.027554535017221583,82,6,1,1,1,1,1,7
1687,144.15125628140953,398,24,6,66,0.06030150753768844,82,11,1,1,1,3,1,10
1688,100.90953321364489,557,24,6,73,0.04308797127468582,82,7,1,1,1,1,1,6
1689,144.18328611897937,353,24,6,66,0.0679886685552408,82,8,2,1,2,1,2,6
1690,92.64778523489804,596,24,6,68,0.040268456375838924,82,7,1,1,2,1,1,7
1691,113.84148820326836,551,24,6,70,0.043557168784029036,82,11,1,1,2,3,2,7
1692,76.44513513513405,740,24,6,75,0.032432432432432434,82,11,1,2,3,2,1,7
1693,77.28908205841337,719,24,6,71,0.03337969401947149,82,10,1,1,1,2,1,10
1694,74.1712859304069,661,24,6,74,0.036308623298033284,82,5,1,1,1,2,1,4
1695,108.66649452269223,639,24,6,75,0.03755868544600939,82,15,1,1,3,2,4,10
1696,100.40977928692686,589,24,6,72,0.04074702886247878,82,9,1,1,1,1,3,8
1697,21.037991360689663,926,24,6,73,0.02591792656587473,82,5,1,1,1,1,1,4
1698,105.1633986928104,612,24,6,76,0.0392156862745098,82,12,2,1,1,2,2,9
1699,149.9432240437182,366,24,6,59,0.06557377049180328,82,11,1,1,1,1,4,9
1700,100.09501650165122,606,24,6,73,0.039603960396039604,82,10,1,2,1,1,3,5
1701,29.711234705226104,899,24,6,76,0.026696329254727477,82,6,1,1,1,1,2,3
1702,104.01283975659253,493,24,6,65,0.0486815415821501,82,4,1,1,1,1,1,3
1703,62.48106159894967,763,24,6,71,0.03145478374836173,82,8,1,1,1,1,1,9
1704,121.78696682464371,422,24,6,71,0.05687203791469194,82,5,1,1,1,1,3,3
1705,129.61618556701274,485,24,6,65,0.049484536082474224,82,12,2,1,1,3,3,7
1706,97.58556291390585,604,24,6,74,0.039735099337748346,82,9,2,1,2,1,2,7
1707,86.76534883720883,688,24,6,74,0.03488372093023256,82,11,1,1,3,1,3,8
1708,144.1765329512909,349,24,6,57,0.06876790830945559,82,8,1,1,1,1,3,5
1709,73.0572264631024,786,24,6,73,0.030534351145038167,82,13,1,2,2,1,4,8
1710,2.5181354268872287,1019,24,6,74,0.023552502453385672,82,5,1,1,1,1,2,5
1711,74.34164305948879,706,24,6,76,0.0339943342776204,82,8,1,1,1,1,2,7
1712,60.947064803047766,787,24,6,74,0.030495552731893267,82,9,1,1,2,2,1,4
1713,141.88618556701388,485,24,6,68,0.049484536082474224,82,16,2,1,3,3,4,9
1714,130.75831050228285,438,24,6,73,0.0547945205479452,82,9,1,1,2,3,1,6
1715,21.90172939979589,983,24,6,76,0.024415055951169887,82,9,1,1,3,1,3,6
1716,64.73531799729184,739,24,6,76,0.03247631935047361,82,7,1,1,1,1,3,6
1717,113.33552875695916,539,24,6,71,0.04452690166975881,82,10,1,1,1,1,2,9
1718,102.02656716417785,536,24,6,72,0.04477611940298507,82,6,1,1,1,1,2,4
1719,127.00252525252446,396,24,6,71,0.06060606060606061,82,5,1,1,2,1,1,3
1720,20.727758620687823,928,24,6,74,0.02586206896551724,82,5,1,1,1,1,1,6
1721,104.91621973929111,537,24,6,73,0.0446927374301676,82,7,1,1,2,1,1,7
1722,75.26600624024819,641,24,6,75,0.0374414976599064,82,4,1,1,3,1,1,2
1723,45.13961722487833,836,24,6,74,0.028708133971291867,82,7,1,1,1,1,1,5
1724,56.23804097310959,781,24,6,75,0.030729833546734954,82,7,2,1,1,1,1,7
1725,72.53157894736678,760,24,6,76,0.031578947368421054,82,11,1,1,2,3,2,8
1726,58.239701686120036,771,24,6,75,0.0311284046692607,82,7,1,1,1,1,2,7
1727,104.15833333333293,480,24,6,71,0.05,82,3,1,1,2,1,1,2
1728,29.701112234580137,989,24,6,76,0.024266936299292215,82,12,2,1,1,2,3,9
1729,88.34921146953278,558,24,6,69,0.043010752688172046,82,3,1,1,1,1,1,3
1730,71.64908205841274,719,24,6,75,0.03337969401947149,82,8,1,1,1,1,1,9
1731,108.9033102253044,577,24,6,73,0.0415944540727903,82,11,1,1,3,1,4,3
1732,67.54388489208486,695,24,6,76,0.034532374100719423,82,5,1,1,1,1,1,6
1733,99.20393442622809,610,24,6,72,0.03934426229508197,82,10,1,1,1,3,1,9
1734,122.21752475247443,404,24,6,69,0.0594059405940594,82,4,1,1,1,1,1,3
1735,-11.510714285716134,1120,24,6,76,0.02142857142857143,82,7,1,2,1,2,1,4
1736,141.01491803279038,488,24,6,65,0.04918032786885246,82,16,1,1,3,3,4,10
1737,108.06408163265199,490,24,6,70,0.04897959183673469,82,5,2,1,1,1,1,5
1738,109.87123287671346,584,24,6,66,0.0410958904109589,82,12,2,1,2,3,2,8
1739,111.39832391713743,531,24,6,65,0.04519774011299435,82,9,1,1,2,1,2,4
1740,121.63630541871838,406,24,6,67,0.059113300492610835,82,4,1,1,1,1,2,4
1741,59.95386880856587,747,24,6,74,0.0321285140562249,82,6,1,1,1,2,1,5
1742,160.90222591362112,301,24,6,69,0.07973421926910298,82,10,1,1,2,2,2,8
1743,79.36084507042129,710,24,6,74,0.03380281690140845,82,10,1,1,2,2,3,7
1744,108.05230769230666,520,24,6,70,0.046153846153846156,82,7,1,1,1,1,1,8
1745,190.23444444444493,144,24,6,42,0.16666666666666666,82,10,1,1,1,1,4,4
1746,9.521626016258276,984,24,6,74,0.024390243902439025,82,5,1,1,1,1,1,4
1747,58.84550135501178,738,24,6,75,0.032520325203252036,82,5,1,1,1,1,1,6
1748,98.26242914979653,494,24,6,70,0.048582995951417005,82,2,1,1,1,1,1,3
1749,90.9666275659816,682,24,6,74,0.03519061583577713,82,12,2,2,3,2,2,6
1750,116.77691588785282,535,24,6,67,0.044859813084112146,82,11,1,1,3,3,3,3
1751,74.64351134846372,749,24,6,75,0.03204272363150868,82,11,1,1,1,2,3,7
1752,159.41761904762063,336,24,6,64,0.07142857142857142,82,12,1,1,3,2,3,7
1753,103.56064846416479,586,24,6,67,0.040955631399317405,82,10,1,1,1,3,2,6
1754,100.39857142857016,560,24,6,74,0.04285714285714286,82,7,1,1,1,1,2,5
1755,99.68271157167523,579,24,6,75,0.04145077720207254,82,8,1,1,1,3,1,7
1756,-29.060000000001523,1050,23,5,73,0.021904761904761906,82,5,1,1,1,2,1,5
1757,80.85858841010251,673,24,6,75,0.03566121842496285,82,8,2,1,1,1,2,7
1758,111.25052631578848,475,24,6,72,0.05052631578947368,82,5,1,1,1,1,1,5
1759,90.39699115044118,565,24,6,74,0.04247787610619469,82,4,1,2,1,3,1,2
1760,65.1616430594889,706,24,6,74,0.0339943342776204,82,5,1,1,1,2,1,4
1761,22.31037527593636,906,24,6,76,0.026490066225165563,82,4,1,1,1,2,1,3
1762,102.10211703958836,581,24,6,73,0.04130808950086059,82,9,1,1,2,1,3,5
1763,147.49315789473755,380,24,6,63,0.06315789473684211,82,11,1,2,1,1,2,10
1764,81.24992503747964,667,24,6,66,0.035982008995502246,82,8,1,1,3,1,1,6
1765,147.1817801047131,382,24,6,64,0.06282722513089005,82,11,1,2,3,1,2,8
1766,17.305708245241238,946,24,6,76,0.02536997885835095,82,5,1,1,1,1,1,4
1767,98.98587360594676,538,24,6,76,0.04460966542750929,82,5,1,1,2,1,1,3
1768,114.71449897750463,489,24,6,75,0.049079754601226995,82,7,1,1,1,1,2,4
1769,15.048522167488825,1015,24,6,71,0.023645320197044337,82,9,1,1,2,1,4,6
1770,90.80474464579952,607,24,6,72,0.039538714991762765,82,7,1,1,3,1,1,5
1771,129.9951020408166,392,24,6,62,0.061224489795918366,82,6,1,1,1,1,2,5
1772,85.98611295680932,602,24,6,74,0.03986710963455149,82,5,1,1,2,1,1,3
1773,35.136822429905386,856,24,6,74,0.028037383177570093,82,5,1,1,1,1,1,6
1774,72.14556040756752,687,24,6,76,0.034934497816593885,82,6,1,1,1,1,1,7
1775,61.657713920816036,783,24,6,73,0.03065134099616858,82,9,1,1,1,1,1,10
1776,124.23231422505202,471,24,6,74,0.050955414012738856,82,9,1,1,1,1,3,8
1777,92.3355604075705,687,24,6,67,0.034934497816593885,82,13,2,1,1,1,4,10
1778,143.74999999999972,400,24,6,66,0.06,82,11,1,1,2,1,2,8
1779,143.34809651474504,373,24,6,68,0.064343163538874,82,9,1,1,2,3,2,4
1780,69.39736263736214,728,24,6,70,0.03296703296703297,82,8,1,1,1,2,1,6
1781,169.19372881356028,236,24,6,49,0.1016949152542373,82,9,1,1,1,3,2,4
1782,72.90793103448306,725,24,6,69,0.03310344827586207,82,9,2,1,1,2,1,6
1783,17.612669404515508,974,24,6,75,0.024640657084188913,82,7,1,1,1,1,1,7
1784,105.88698587127293,637,24,6,73,0.03767660910518053,82,14,1,1,2,2,4,10
1785,79.17015015014854,666,24,6,74,0.036036036036036036,82,7,1,1,1,1,1,8
1786,46.84668611435025,857,24,6,73,0.028004667444574097,82,9,1,1,2,3,2,6
1787,51.52195121951016,820,24,6,76,0.02926829268292683,82,8,1,1,2,2,1,6
1788,65.67224751066688,703,24,6,73,0.034139402560455195,82,5,1,1,1,1,2,5
1789,97.29129032258098,620,24,6,73,0.03870967741935484,82,10,1,1,1,1,2,10
1790,102.7392047377337,591,24,6,69,0.04060913705583756,82,10,1,1,1,2,4,6
1791,130.58640661938634,423,24,6,71,0.05673758865248227,82,8,1,1,2,1,4,4
1792,90.66649452269252,639,24,6,75,0.03755868544600939,82,9,1,2,1,1,3,7
1793,67.18084507042087,710,24,6,72,0.03380281690140845,82,6,1,1,1,3,1,3
1794,24.104493207939477,957,24,6,76,0.025078369905956112,82,8,1,1,3,1,1,7
1795,95.09450184501722,542,24,6,75,0.04428044280442804,82,4,1,1,1,1,1,3
1796,118.22867924528273,530,24,6,72,0.045283018867924525,82,11,2,1,1,3,3,5
1797,120.19522522522432,444,24,6,69,0.05405405405405406,82,6,1,2,1,3,1,3
1798,47.53123470522579,899,24,6,74,0.026696329254727477,82,12,2,2,2,1,2,9
1799,92.5789825119228,629,24,6,74,0.03815580286168521,82,9,1,1,1,1,4,5
1800,92.12543859648991,570,24,6,71,0.042105263157894736,82,5,1,1,1,1,1,3
1801,118.10390243902351,410,24,6,70,0.05853658536585366,82,3,1,1,1,1,1,4
1802,57.89987012986824,770,24,6,69,0.03116883116883117,82,7,1,1,1,1,3,4
1803,-10.506542056076542,1070,24,6,76,0.022429906542056073,82,4,1,1,1,1,1,3
1804,77.07207455429351,617,24,6,75,0.03889789303079417,82,3,1,1,1,2,1,2
1805,1.723842159915316,963,24,6,74,0.024922118380062305,82,1,1,1,1,1,1,2
1806,74.07164305948837,706,24,6,73,0.0339943342776204,82,8,1,1,3,1,1,7
1807,162.91222591362262,301,24,6,58,0.07973421926910298,82,11,1,1,1,3,1,10
1808,74.51556040756743,687,24,6,69,0.034934497816593885,82,7,1,1,1,1,1,8
1809,83.89577259475162,686,24,6,71,0.03498542274052478,82,10,1,1,1,2,3,7
1810,94.14421602787326,574,24,6,69,0.041811846689895474,82,6,1,1,3,1,1,3
1811,135.24419203747246,427,24,6,65,0.05620608899297424,82,10,1,1,1,3,3,4
1812,121.55779043280144,439,24,6,73,0.05466970387243736,82,6,1,1,1,2,1,3
1813,70.58749262536816,678,24,6,72,0.035398230088495575,82,5,1,1,1,1,1,5
1814,69.34903225806623,775,24,6,74,0.03096774193548387,82,11,2,1,1,3,1,9
1815,110.51552875695721,539,24,6,73,0.04452690166975881,82,9,1,1,1,1,3,8
1816,35.2289060642074,841,24,6,75,0.028537455410225922,82,4,1,1,1,2,1,3
1817,107.98267822735914,519,24,6,67,0.046242774566473986,82,7,1,1,2,1,2,3
1818,157.1996503496514,286,24,6,61,0.08391608391608392,82,8,1,1,2,2,3,4
1819,54.14406947890619,806,24,6,74,0.02977667493796526,82,8,1,1,1,1,1,7
1820,72.56306151645046,699,24,6,74,0.034334763948497854,82,7,1,1,1,1,1,5
1821,120.45880715705799,503,24,6,70,0.04771371769383698,82,10,1,1,2,1,3,6
1822,62.478534704371086,778,24,6,71,0.030848329048843187,82,9,1,1,2,1,1,8
1823,122.86181818182065,550,24,6,68,0.04363636363636364,82,14,1,2,1,2,4,10
1824,34.536414435388075,859,24,6,74,0.027939464493597205,82,5,1,1,1,1,2,3
1825,19.4169518716565,935,24,6,75,0.025668449197860963,82,5,1,1,1,1,1,6
1826,112.18953321364525,557,24,6,65,0.04308797127468582,82,11,2,1,1,1,2,10
1827,86.40694490817936,599,24,6,72,0.04006677796327212,82,5,1,1,1,2,1,4
1828,6.61162601625834,984,24,6,75,0.024390243902439025,82,4,1,1,1,1,1,4
1829,75.64440860215043,744,24,6,75,0.03225806451612903,82,11,1,1,1,2,3,6
1830,125.31923444975993,418,24,6,68,0.05741626794258373,82,6,1,1,3,1,1,3
1831,54.76953367875456,772,24,6,72,0.031088082901554404,82,6,1,1,1,1,3,5
1832,64.24495276653148,741,24,6,75,0.032388663967611336,82,7,1,1,1,1,4,4
1833,90.87863406407959,593,24,6,75,0.04047217537942664,82,6,1,1,2,2,1,5
1834,95.29667844522996,566,24,6,64,0.04240282685512368,82,6,1,1,1,1,1,7
1835,77.1414427156991,707,24,6,76,0.033946251768033946,82,9,1,1,1,3,1,8
1836,51.690336943441125,831,24,6,69,0.02888086642599278,82,9,1,2,1,1,2,6
1837,97.50421602787353,574,24,6,73,0.041811846689895474,82,7,1,1,2,1,2,6
1838,131.96624434389307,442,24,6,62,0.05429864253393665,82,10,2,1,2,3,1,7
1839,122.69624434389286,442,24,6,59,0.05429864253393665,82,7,1,1,1,1,1,5
1840,151.2473796791456,374,24,6,58,0.06417112299465241,82,12,1,1,1,2,4,8
1841,40.354416475972016,874,24,6,72,0.02745995423340961,82,8,1,1,2,2,1,7
1842,119.92522522522523,444,24,6,66,0.05405405405405406,82,6,1,1,1,1,4,3
1843,105.05230769230666,520,24,6,70,0.046153846153846156,82,6,1,2,1,1,1,6
1844,121.87459227467843,466,24,6,70,0.05150214592274678,82,8,1,1,2,1,1,4
1845,26.546044538705495,943,24,6,72,0.02545068928950159,82,8,2,1,1,2,1,7
1846,40.73862396203835,843,24,6,74,0.028469750889679714,82,6,1,1,1,3,1,5
1847,89.92624999999953,640,24,6,69,0.0375,82,9,1,1,2,1,1,9
1848,91.39391304347691,575,24,6,74,0.04173913043478261,82,5,1,1,1,1,1,5
1849,92.34471780029011,691,24,6,76,0.03473227206946455,82,13,2,2,2,3,2,6
1850,113.40762845849854,506,24,6,65,0.04743083003952569,82,8,1,1,3,1,1,3
1851,125.58094688221614,433,24,6,71,0.05542725173210162,82,7,1,1,1,1,2,7
1852,76.78450867051869,692,24,6,72,0.03468208092485549,82,8,1,1,1,1,1,8
1853,143.54937655860493,401,24,6,66,0.059850374064837904,82,11,2,1,3,1,2,8
1854,136.05385224274326,379,24,6,67,0.0633245382585752,82,7,1,1,1,1,2,4
1855,71.96556040756748,687,24,6,74,0.034934497816593885,82,6,1,1,1,1,1,5
1856,97.00920473773355,591,24,6,72,0.04060913705583756,82,8,2,1,1,1,3,5
1857,98.5215265866209,583,24,6,71,0.0411663807890223,82,8,1,1,2,1,4,5
1858,66.06679890560697,731,24,6,73,0.03283173734610123,82,7,2,1,1,2,1,4
1859,70.84550135501176,738,24,6,75,0.032520325203252036,82,9,1,1,1,2,1,5
1860,100.15903591682297,529,24,6,69,0.045368620037807186,82,5,1,1,1,2,1,3
1861,117.83342359767803,517,24,6,72,0.04642166344294004,82,10,1,1,2,1,2,8
1862,139.79935779816532,436,24,6,69,0.05504587155963303,82,12,2,2,2,2,1,9
1863,119.67645021644915,462,24,6,70,0.05194805194805195,82,7,1,1,2,1,1,7
1864,108.33726591760299,534,24,6,71,0.0449438202247191,82,8,1,1,1,1,1,9
1865,119.5180198019822,505,24,6,64,0.047524752475247525,82,10,2,1,1,3,3,6
1866,109.20528925619936,605,24,6,72,0.03966942148760331,82,13,1,2,2,2,2,10
1867,136.25276595744847,470,24,6,72,0.05106382978723404,82,13,1,1,2,1,4,10
1868,139.18529411764817,425,24,6,71,0.05647058823529412,82,11,1,1,3,2,2,5
1869,65.85870012869961,777,24,6,73,0.03088803088803089,82,10,1,1,3,1,2,6
1870,36.73389521639895,878,24,6,74,0.02733485193621868,82,7,1,1,1,2,1,7
1871,128.9272386587797,507,24,6,73,0.047337278106508875,82,13,2,1,1,3,4,8
1872,102.633050193049,518,24,6,72,0.04633204633204633,82,5,2,1,1,1,1,5
1873,39.82013215859094,908,24,6,75,0.02643171806167401,82,10,2,2,1,1,1,9
1874,87.86155088852897,619,24,6,66,0.03877221324717286,82,7,1,1,1,1,3,5
1875,78.54925373134184,670,24,6,76,0.03582089552238806,82,7,2,1,1,1,1,7
1876,88.07077170417857,622,24,6,75,0.03858520900321544,82,7,2,1,1,1,2,4
1877,134.2827171492203,449,24,6,70,0.053452115812917596,82,11,1,1,3,1,1,10
1878,-20.990000000001487,1101,23,5,76,0.02089009990917348,82,11,1,1,2,1,3,9
1879,121.12881838074541,457,24,6,75,0.0525164113785558,82,7,1,2,1,1,1,6
1880,104.23366598777898,491,24,6,63,0.048879837067209775,82,4,1,1,1,1,1,4
1881,103.02832391713625,531,24,6,72,0.04519774011299435,82,6,1,1,1,1,1,4
1882,160.60985507246556,345,24,6,64,0.06956521739130435,82,13,1,1,2,3,4,6
1883,-9.260000000002195,1071,23,5,73,0.021475256769374416,82,13,1,1,2,3,4,6
1884,91.08331022530203,577,24,6,75,0.0415944540727903,82,5,1,1,1,1,3,3
1885,59.77123359579867,762,24,6,72,0.031496062992125984,82,7,1,1,1,1,1,4
1886,138.7636448598158,428,24,6,73,0.056074766355140186,82,11,1,1,2,2,4,5
1887,108.80891891892094,592,24,6,72,0.04054054054054054,82,12,1,1,2,3,3,5
1888,28.101832993888998,982,24,6,76,0.024439918533604887,82,11,1,1,1,1,4,9
1889,115.23790020789956,481,24,6,63,0.0498960498960499,82,7,1,2,1,1,1,6
1890,104.81449897750397,489,24,6,65,0.049079754601226995,82,4,1,1,1,1,1,3
1891,39.400192307692166,832,24,6,68,0.028846153846153848,82,5,1,1,1,1,1,5
1892,78.07577259475055,686,24,6,73,0.03498542274052478,82,8,2,1,3,2,1,5
1893,73.97869625520154,721,24,6,72,0.033287101248266296,82,9,1,1,3,1,1,4
1894,65.00184397162963,705,24,6,70,0.03404255319148936,82,5,1,2,1,1,3,2
1895,51.722100122098134,819,24,6,76,0.029304029304029304,82,8,1,1,2,3,1,6
1896,126.83920318725326,502,24,6,72,0.04780876494023904,82,12,1,2,1,3,2,9
1897,74.26128593040691,661,24,6,75,0.036308623298033284,82,5,2,1,1,1,1,5
1898,123.20342359768082,517,24,6,65,0.04642166344294004,82,12,2,1,2,3,2,7
1899,65.9261034047921,793,24,6,76,0.03026481715006305,82,11,2,1,1,1,2,10
1900,62.92150668286554,823,24,6,76,0.02916160388821385,82,12,1,1,2,1,4,9
1901,101.50123287671352,584,24,6,73,0.0410958904109589,82,9,1,1,1,1,4,4
1902,-3.5074074074090795,1080,24,6,76,0.022222222222222223,82,7,1,1,1,1,1,5
1903,69.88774104683137,726,24,6,71,0.03305785123966942,82,8,1,1,1,1,2,4
1904,32.917233294253734,853,24,6,76,0.02813599062133646,82,4,1,1,1,2,1,3
1905,127.1545922746802,466,24,6,62,0.05150214592274678,82,10,1,2,1,2,2,8
1906,49.020253583241754,907,24,6,75,0.026460859977949284,82,13,2,1,3,1,2,10
1907,94.75408320493176,649,24,6,76,0.03697996918335902,82,11,1,1,2,2,3,5
1908,-7.703938520654841,1041,24,6,76,0.023054755043227664,82,3,1,1,1,1,1,3
1909,72.06404825737195,746,24,6,73,0.032171581769437,82,10,1,1,1,3,1,9
1910,114.3227115716778,579,24,6,71,0.04145077720207254,82,13,1,1,3,3,3,8
1911,-28.390000000001756,1033,23,5,76,0.022265246853823813,82,4,2,1,2,1,1,2
1912,102.97761989342678,563,24,6,76,0.04262877442273535,82,8,1,1,2,1,1,8
1913,61.06495276652996,741,24,6,73,0.032388663967611336,82,6,1,1,1,1,1,7
1914,59.95386880856593,747,24,6,74,0.0321285140562249,82,6,1,1,1,1,1,5
1915,18.309769484081645,911,24,6,76,0.026344676180021953,82,3,1,1,1,1,1,3
1916,68.0456852103107,737,24,6,75,0.032564450474898234,82,8,2,1,1,2,1,6
1917,107.01064846416428,586,24,6,72,0.040955631399317405,82,11,1,1,1,3,2,9
1918,98.58858841010641,673,24,6,72,0.03566121842496285,82,14,2,1,2,2,4,7
1919,-5.990000000001171,1011,23,5,76,0.02274975272007913,82,10,1,1,1,2,1,10
1920,148.47030030030024,333,24,6,69,0.07207207207207207,82,8,1,1,3,1,1,4
1921,46.12239902080592,817,24,6,76,0.02937576499388005,82,6,1,1,1,3,1,3
1922,61.300208333332705,768,24,6,69,0.03125,82,8,1,1,1,1,3,6
1923,131.5609638554223,415,24,6,64,0.05783132530120482,82,8,1,2,3,1,2,3
1924,-30.916805324460807,1202,24,6,76,0.019966722129783693,82,6,1,1,1,1,3,4
1925,62.12787723784972,782,24,6,76,0.030690537084398978,82,9,1,1,2,2,4,3
1926,87.94970059880212,668,24,6,76,0.03592814371257485,82,10,1,1,2,1,3,6
1927,70.91184397162954,705,24,6,69,0.03404255319148936,82,7,1,1,1,2,3,4
1928,-12.879999999999937,1030,23,5,75,0.02233009708737864,82,9,2,1,2,1,1,8
1929,119.09551724137835,464,24,6,68,0.05172413793103448,82,7,1,1,1,2,1,4
1930,76.5553179972933,739,24,6,74,0.03247631935047361,82,11,2,1,2,1,4,4
1931,-20.39000000000162,1023,23,5,76,0.022482893450635387,82,6,1,1,3,1,1,5
1932,138.91529411764972,425,24,6,68,0.05647058823529412,82,11,1,1,3,1,1,10
1933,96.52301038062147,578,24,6,71,0.04152249134948097,82,7,1,1,1,2,1,7
1934,45.54210012209816,819,24,6,74,0.029304029304029304,82,6,1,1,1,1,1,6
1935,131.77364485981568,428,24,6,62,0.056074766355140186,82,9,1,1,1,1,4,7
1936,2.515328884650156,1049,24,6,74,0.022878932316491896,82,7,1,1,1,1,4,4
1937,41.13286681715362,886,24,6,74,0.02708803611738149,82,9,1,1,1,1,1,10
1938,32.509289617484306,915,24,6,76,0.02622950819672131,82,8,2,1,1,1,2,7
1939,44.92150668286558,823,24,6,76,0.02916160388821385,82,6,1,1,2,2,1,3
1940,91.68421602787323,574,24,6,75,0.041811846689895474,82,5,1,1,1,1,3,3
1941,96.69447368421024,608,24,6,73,0.039473684210526314,82,9,2,1,2,2,1,4
1942,124.54529411764727,425,24,6,75,0.05647058823529412,82,6,1,1,1,1,1,6
1943,47.689617224879356,836,24,6,69,0.028708133971291867,82,8,1,1,1,1,2,7
1944,99.97903591682424,529,24,6,67,0.045368620037807186,82,5,1,1,2,2,1,4
1945,36.52822510822375,924,24,6,74,0.025974025974025976,82,10,1,1,3,1,2,6
1946,99.85857142857016,560,24,6,68,0.04285714285714286,82,7,1,1,1,1,2,7
1947,45.42560693641405,865,24,6,75,0.027745664739884393,82,9,1,1,1,1,3,6
1948,115.70172949002227,451,24,6,68,0.05321507760532151,82,5,1,1,1,1,2,3
1949,68.19908205841323,719,24,6,70,0.03337969401947149,82,7,1,1,1,1,2,4
1950,2.8982318271101217,1018,24,6,76,0.023575638506876228,82,5,1,1,2,2,1,3
1951,72.64175230566504,759,24,6,75,0.03162055335968379,82,11,1,2,1,1,3,6
1952,-3.7020568070536104,1021,24,6,76,0.023506366307541625,82,3,1,1,1,1,1,4
1953,92.00233766233625,616,24,6,72,0.03896103896103896,82,8,1,1,1,2,1,6
1954,82.86432098765286,648,24,6,75,0.037037037037037035,82,7,1,1,1,1,2,7
1955,71.36492753623021,690,24,6,74,0.034782608695652174,82,6,1,1,1,1,1,7
1956,84.49420361247805,609,24,6,73,0.03940886699507389,82,5,1,1,3,1,2,2
1957,120.28491803278797,488,24,6,68,0.04918032786885246,82,9,2,2,1,1,2,6
1958,94.28361111111022,576,24,6,75,0.041666666666666664,82,6,1,1,1,1,1,6
1959,-16.510313901347075,1115,24,6,76,0.021524663677130046,82,5,1,1,1,1,1,4
1960,67.35793103448152,725,24,6,74,0.03310344827586207,82,7,1,1,1,1,1,7
1961,74.96556040756748,687,24,6,74,0.034934497816593885,82,7,2,1,1,2,1,4
1962,102.17600624025104,641,24,6,74,0.0374414976599064,82,13,1,2,3,2,3,4
1963,81.3340482573725,746,24,6,76,0.032171581769437,82,13,2,1,2,2,2,9
1964,60.359860139858455,715,24,6,74,0.033566433566433566,82,4,1,1,1,1,1,5
1965,74.36814814814733,675,24,6,74,0.035555555555555556,82,6,1,1,1,1,1,5
1966,95.10873015872873,630,24,6,71,0.0380952380952381,82,10,1,2,1,1,4,5
1967,77.94224751066704,703,24,6,76,0.034139402560455195,82,9,1,1,1,2,3,7
1968,39.11947431302084,837,24,6,76,0.02867383512544803,82,5,1,1,1,2,2,3
1969,17.959999999997954,1000,24,6,70,0.024,82,9,2,1,2,1,3,4
1970,98.23923566879022,628,24,6,68,0.03821656050955414,82,11,1,1,2,2,4,7
1971,86.33313213702951,613,24,6,69,0.03915171288743882,82,6,1,1,1,1,2,4
1972,163.07645569620453,316,24,6,60,0.0759493670886076,82,12,1,1,2,1,4,9
1973,94.35416206261385,543,24,6,69,0.04419889502762431,82,4,1,1,2,1,1,3
1974,106.10825311942848,561,24,6,73,0.0427807486631016,82,9,2,1,2,1,1,5
1975,119.72471910112266,445,24,6,66,0.05393258426966292,82,6,1,1,1,1,1,7
1976,100.98611295681123,602,24,6,74,0.03986710963455149,82,10,1,1,2,2,3,6
1977,67.43269938650435,815,24,6,75,0.029447852760736196,82,13,2,1,1,3,2,10
1978,18.813305785121976,968,24,6,75,0.024793388429752067,82,7,1,1,1,1,1,6
1979,66.55175230566527,759,24,6,74,0.03162055335968379,82,9,1,1,1,1,3,6
1980,120.54786492374893,459,24,6,73,0.05228758169934641,82,7,1,1,3,1,1,4
1981,94.49977928692587,589,24,6,73,0.04074702886247878,82,7,1,1,1,1,3,4
1982,57.25903225806348,775,24,6,73,0.03096774193548387,82,7,1,1,1,1,1,5
1983,134.48752475247633,404,24,6,72,0.0594059405940594,82,8,1,1,1,1,4,6
1984,28.022107623316572,892,24,6,75,0.026905829596412557,82,5,1,1,2,1,1,3
1985,51.52658227847909,790,24,6,76,0.030379746835443037,82,6,1,1,2,2,1,3
1986,77.5515151515136,660,24,6,76,0.03636363636363636,82,6,1,1,3,1,1,5
1987,92.0023376623369,616,24,6,72,0.03896103896103896,82,8,1,1,1,1,1,5
1988,104.57920318725056,502,24,6,58,0.04780876494023904,82,5,1,1,1,1,1,4
1989,10.493457943924497,1070,24,6,76,0.022429906542056073,82,11,1,1,3,1,2,5
1990,72.57458950201763,743,24,6,72,0.03230148048452221,82,10,1,1,2,1,4,7
1991,68.64351134846338,749,24,6,75,0.03204272363150868,82,9,1,1,1,3,2,7
1992,66.74936610607841,773,24,6,74,0.031047865459249677,82,10,1,1,1,1,2,8
1993,48.71990407673743,834,24,6,76,0.02877697841726619,82,8,1,1,3,1,1,4
1994,91.28384615384635,650,24,6,73,0.036923076923076927,82,10,1,1,2,3,2,5
1995,14.609601593624038,1004,24,6,75,0.02390438247011952,82,8,1,1,1,3,1,4
1996,97.56949152542238,590,24,6,76,0.04067796610169491,82,8,1,1,1,2,4,5
1997,95.14197568389154,658,24,6,67,0.0364741641337386,82,12,1,1,3,3,2,7
1998,90.21649452269055,639,24,6,70,0.03755868544600939,82,9,1,1,2,1,2,4
1999,43.61881392818171,919,24,6,75,0.026115342763873776,82,12,1,1,1,2,4,9
2000,26.70266940451534,974,24,6,76,0.024640657084188913,82,10,1,1,1,2,3,7
2001,72.6530615164521,699,24,6,75,0.034334763948497854,60,7,1,1,1,1,3,4
2002,111.92141649048526,473,24,6,75,0.0507399577167019,60,5,1,1,1,1,1,6
2003,39.11947431302083,837,24,6,76,0.02867383512544803,60,5,1,2,1,1,1,3
2004,32.2429943502814,885,24,6,73,0.02711864406779661,60,6,1,1,1,2,1,4
2005,42.092100122098216,819,24,6,69,0.029304029304029304,60,5,1,1,1,1,1,6
2006,-2.7015748031513453,1016,24,6,76,0.023622047244094488,60,3,1,1,3,1,1,2
2007,60.32406947890925,806,24,6,76,0.02977667493796526,60,10,1,1,1,1,4,8
2008,41.93337868480515,882,24,6,74,0.027210884353741496,60,9,1,1,3,2,1,7
2009,76.74151515151544,660,24,6,67,0.03636363636363636,60,6,1,1,1,1,2,3
2010,39.511731843573955,895,24,6,76,0.026815642458100558,60,9,1,1,1,3,1,8
2011,75.07265335235208,701,24,6,73,0.034236804564907276,60,8,1,2,1,1,2,6
2012,64.53245033112586,755,24,6,76,0.031788079470198675,60,8,2,1,1,1,1,5
2013,81.50313935681316,653,24,6,71,0.036753445635528334,60,7,1,1,1,1,4,3
2014,122.48964360586936,477,24,6,68,0.050314465408805034,60,9,2,1,1,1,3,7
2015,69.16577259475054,686,24,6,74,0.03498542274052478,60,5,1,1,2,1,2,3
2016,106.53416206261431,543,24,6,71,0.04419889502762431,60,8,1,1,1,1,2,8
2017,99.314203612481,609,24,6,71,0.03940886699507389,65,10,1,1,3,1,2,5
2018,-28.3158957106832,1189,24,6,76,0.020185029436501262,65,6,1,1,2,1,2,4
2019,-11.350000000002112,1036,23,5,72,0.0222007722007722,65,10,2,1,1,1,2,8
2020,81.96992503747965,667,24,6,74,0.035982008995502246,65,8,1,1,1,1,1,8
2021,75.34903129657238,671,24,6,76,0.03576751117734724,65,6,1,2,1,1,2,3
2022,88.65409221901967,694,24,6,75,0.0345821325648415,65,12,1,1,2,3,2,8
2023,-30.48000000000174,1043,23,5,75,0.02205177372962608,65,4,1,1,1,1,1,3
2024,62.37908205841276,719,24,6,72,0.03337969401947149,65,5,1,1,1,1,1,6
2025,80.4518439716295,705,24,6,75,0.03404255319148936,65,10,2,1,1,1,2,5
2026,132.00097046413492,474,24,6,67,0.05063291139240506,65,12,1,1,2,2,3,8
2027,-16.880000000001928,1005,23,5,75,0.022885572139303482,67,6,1,1,1,1,3,3
2028,184.2244444444452,225,24,6,58,0.10666666666666667,67,13,1,2,1,2,3,10
2029,-4.170000000001866,1001,23,5,74,0.022977022977022976,67,10,1,1,1,1,3,8
2030,120.34052631578933,475,24,6,73,0.05052631578947368,68,8,1,1,1,1,2,8
2031,50.47610340479005,793,24,6,71,0.03026481715006305,68,6,1,1,1,1,2,4
2032,136.77706940873952,389,24,6,64,0.061696658097686374,68,8,1,1,2,1,1,6
2033,-0.7700000000021703,1014,23,5,74,0.022682445759368838,68,12,2,1,1,2,2,10
2034,84.19999999999996,625,24,6,72,0.0384,68,6,1,1,1,1,3,4
2035,40.100039011701725,769,24,6,69,0.031209362808842653,68,1,1,1,1,1,1,2
2036,84.00598540146133,685,24,6,70,0.035036496350364967,68,10,1,1,1,1,2,9
2037,30.91389521639948,878,24,6,76,0.02733485193621868,68,5,1,1,2,1,1,5
2038,75.58970059880086,668,24,6,72,0.03592814371257485,68,6,1,1,1,1,1,4
2039,71.38610340479336,793,24,6,70,0.03026481715006305,68,13,1,1,3,1,4,9
2040,116.04161290322465,496,24,6,72,0.04838709677419355,68,8,1,2,1,2,1,4
2041,4.940000000000893,1000,23,5,73,0.023,68,13,1,2,3,3,1,9
2042,149.296410256411,390,24,6,72,0.06153846153846154,68,12,2,1,2,1,3,9
2043,63.03736263736094,728,24,6,66,0.03296703296703297,68,6,1,2,1,1,1,6
2044,31.422359550559925,890,24,6,75,0.02696629213483146,68,6,1,1,2,1,1,6
2045,23.21741138560496,931,24,6,75,0.02577873254564984,68,6,1,1,1,1,1,6
2046,105.73796992481087,532,24,6,71,0.045112781954887216,72,7,1,2,1,1,1,7
2047,35.721214574896536,988,24,6,74,0.024291497975708502,72,14,2,1,1,2,4,10
2048,60.06966480446755,716,24,6,73,0.0335195530726257,72,4,1,1,1,1,1,5
2049,119.84920318725142,502,24,6,61,0.04780876494023904,72,10,1,1,3,2,3,5
2050,62.53071895424684,765,24,6,76,0.03137254901960784,72,8,2,1,2,1,2,6
2051,124.8612389380521,452,24,6,72,0.05309734513274336,72,8,1,1,2,1,1,7
2052,9.894517958409992,1058,24,6,76,0.022684310018903593,72,10,1,2,1,1,3,8
2053,104.17083182640118,553,24,6,67,0.0433996383363472,72,8,1,1,1,2,3,6
2054,9.90172939979465,983,24,6,76,0.024415055951169887,72,5,1,1,1,2,2,3
2055,58.52987012987136,770,24,6,76,0.03116883116883117,72,7,1,1,1,1,4,3
2056,100.40155088853159,619,24,6,72,0.03877221324717286,72,11,2,1,1,3,3,7
2057,120.39154589371897,414,24,6,71,0.057971014492753624,72,4,1,1,1,1,1,5
2058,63.37717421124658,729,24,6,72,0.03292181069958848,72,6,1,1,1,1,1,7
2059,92.48393442622802,610,24,6,64,0.03934426229508197,73,8,1,1,1,3,3,4
2060,136.68089887640616,356,24,6,56,0.06741573033707865,73,6,1,1,1,1,3,4
2061,119.64271714921954,449,24,6,74,0.053452115812917596,73,6,1,1,1,1,1,5
2062,58.65300123001052,813,24,6,73,0.02952029520295203,73,10,2,1,1,1,3,8
2063,86.8292537313445,670,24,6,68,0.03582089552238806,73,10,1,1,3,3,2,5
2064,87.46267175572363,655,24,6,75,0.0366412213740458,73,9,1,2,3,1,2,6
2065,104.17083182640167,553,24,6,67,0.0433996383363472,73,8,1,2,3,1,1,6
2066,10.527066381154663,934,24,6,74,0.02569593147751606,74,2,1,1,1,1,1,3
2067,-11.111738746692112,1133,24,6,76,0.02118270079435128,74,8,1,1,1,2,2,5
2068,130.12831050228417,438,24,6,66,0.0547945205479452,74,9,2,2,1,2,2,5
2069,22.01030090270632,997,24,6,75,0.024072216649949848,74,10,1,1,1,2,1,10
2070,67.77568521031029,737,24,6,72,0.032564450474898234,74,8,1,1,1,1,2,8
2071,107.79152658662161,583,24,6,74,0.0411663807890223,74,11,1,1,1,3,2,6
2072,71.4953488372086,688,24,6,71,0.03488372093023256,74,6,1,1,2,1,3,2
2073,51.65453300124345,803,24,6,73,0.029887920298879204,74,7,1,1,1,1,2,7
2074,127.19080321285112,498,24,6,67,0.04819277108433735,74,12,1,1,1,2,3,10
2075,-16.390000000001994,1033,23,5,76,0.022265246853823813,74,8,1,1,3,1,1,6
2076,62.69880952380794,672,24,6,71,0.03571428571428571,74,2,1,1,1,1,1,2
2077,125.69691973969614,461,24,6,68,0.052060737527114966,74,9,1,1,1,1,1,10
2078,6.714517958412083,1058,24,6,74,0.022684310018903593,74,9,2,1,1,2,1,6
2079,67.32970168612232,771,24,6,76,0.0311284046692607,74,10,1,1,2,1,3,8
2080,110.68691588784922,535,24,6,66,0.044859813084112146,74,9,1,1,1,1,3,4
2081,119.5468503936996,508,24,6,71,0.047244094488188976,74,10,1,1,2,1,2,8
2082,45.553895216401614,878,24,6,72,0.02733485193621868,74,10,1,1,1,1,4,8
2083,37.02402508551691,877,24,6,75,0.027366020524515394,74,7,1,1,1,1,2,5
2084,47.725944584380954,794,24,6,76,0.030226700251889168,74,5,1,1,1,2,1,4
2085,59.66106159894962,763,24,6,73,0.03145478374836173,74,7,2,1,1,1,1,7
2086,108.44248175182582,548,24,6,70,0.043795620437956206,74,9,1,1,2,1,2,5
2087,101.43152658662093,583,24,6,70,0.0411663807890223,74,9,1,1,2,1,1,8
2088,100.46450184501725,542,24,6,68,0.04428044280442804,74,6,1,1,1,1,1,7
2089,126.03573363431215,443,24,6,65,0.05417607223476298,74,8,1,1,2,1,3,4
2090,97.00493177387797,513,24,6,65,0.04678362573099415,74,3,1,1,1,1,1,4
2091,92.39094017093903,585,24,6,74,0.041025641025641026,74,6,2,1,1,1,2,3
2092,72.78662756598081,682,24,6,72,0.03519061583577713,74,6,1,1,1,2,1,4
2093,61.955685210310286,737,24,6,74,0.032564450474898234,74,6,1,1,2,1,1,5
2094,-4.08,1001,23,5,75,0.022977022977022976,74,10,1,2,1,1,3,8
2095,102.25267822735914,519,24,6,70,0.046242774566473986,74,5,1,1,1,1,1,3
2096,108.2644989775041,489,24,6,70,0.049079754601226995,74,5,1,1,1,3,1,4
2097,7.1018329938882045,982,24,6,76,0.024439918533604887,74,4,1,1,1,1,1,5
2098,118.68509803921488,408,24,6,72,0.058823529411764705,74,3,1,1,1,2,1,2
2099,55.73655011655089,858,24,6,74,0.027972027972027972,77,12,1,1,3,3,3,6
2100,20.809700897308566,1003,24,6,75,0.023928215353938187,78,10,2,1,3,1,2,5
2101,63.97774104683016,726,24,6,72,0.03305785123966942,79,6,1,1,1,1,2,4
2102,31.91454753722627,873,24,6,76,0.027491408934707903,79,5,2,1,1,2,1,4
2103,99.33447368420904,608,24,6,69,0.039473684210526314,79,10,1,2,2,2,2,5
2104,1.6322494887508867,978,24,6,73,0.024539877300613498,79,2,1,1,1,1,1,3
2105,112.82080321285144,498,24,6,74,0.04819277108433735,79,7,1,1,1,1,3,6
2106,-42.522480620157324,1290,24,6,76,0.018604651162790697,79,8,1,1,1,2,1,7
2107,81.94326647564512,698,24,6,76,0.034383954154727794,79,10,1,1,2,1,1,10
2108,70.99888888888711,720,24,6,70,0.03333333333333333,80,8,1,1,3,1,1,7
2109,29.511111111109145,900,24,6,76,0.02666666666666667,80,6,1,1,1,1,1,6
2110,42.24363636363508,880,24,6,73,0.02727272727272727,80,9,1,1,3,1,2,4
2111,31.216837606837363,936,24,6,75,0.02564102564102564,80,9,1,1,3,3,1,4
2112,93.71474464580002,607,24,6,71,0.039538714991762765,80,8,1,1,1,3,1,5
2113,114.9930501930522,518,24,6,76,0.04633204633204633,80,9,2,1,1,3,2,4
2114,66.93531328320712,798,24,6,65,0.03007518796992481,80,12,1,1,1,1,4,10
2115,111.33214936247602,549,24,6,71,0.04371584699453552,80,10,1,1,1,2,2,9
2116,18.344821802933083,954,24,6,72,0.025157232704402517,80,6,1,1,2,1,2,4
2117,-24.879999999999928,1090,23,5,75,0.02110091743119266,80,9,1,1,3,1,3,4
2118,118.05419203746987,427,24,6,74,0.05620608899297424,80,4,1,1,1,1,1,4
2119,26.21570824524163,946,24,6,75,0.02536997885835095,80,8,1,1,1,1,3,7
2120,7.319999999998121,1004,23,5,75,0.022908366533864542,80,14,2,1,2,1,4,10
2121,86.17847860538681,631,24,6,74,0.03803486529318542,80,7,1,1,1,1,1,6
2122,49.73454753722596,873,24,6,74,0.027491408934707903,80,11,2,2,2,1,1,9
2123,68.15869625519933,721,24,6,74,0.033287101248266296,80,7,1,2,1,1,3,3
2124,-1.1022482893468482,1023,24,6,76,0.02346041055718475,80,4,1,1,1,1,1,5
2125,64.12953367875754,772,24,6,76,0.031088082901554404,80,9,1,1,1,1,4,7
2126,23.441234705226222,899,24,6,73,0.026696329254727477,80,4,1,1,2,1,1,4
2127,103.47949152542266,590,24,6,75,0.04067796610169491,80,10,2,1,1,1,3,7
2128,105.81880715705661,503,24,6,74,0.04771371769383698,80,5,1,1,2,1,1,3
2129,26.035708245241523,946,24,6,73,0.02536997885835095,80,8,1,1,1,2,1,6
2130,41.64723329425554,853,24,6,73,0.02813599062133646,80,7,1,1,1,1,2,7
2131,76.85430014429853,693,24,6,75,0.03463203463203463,80,8,1,1,2,1,3,5
2132,79.05662756598255,682,24,6,75,0.03519061583577713,80,8,2,1,1,1,1,6
2133,42.73389521640071,878,24,6,74,0.02733485193621868,80,9,1,1,2,2,1,7
2134,3.813305785122367,968,24,6,75,0.024793388429752067,80,2,1,1,1,1,2,2
2135,10.722249488750663,978,24,6,74,0.024539877300613498,80,5,1,1,1,1,1,6
2136,60.882275132273975,756,24,6,71,0.031746031746031744,80,7,1,1,1,2,2,3
2137,108.15408163265197,490,24,6,71,0.04897959183673469,80,5,1,1,2,1,1,3
2138,-50.589999999998376,1309,23,5,76,0.01757066462948816,80,15,1,1,3,3,4,5
2139,144.0710966057442,383,24,6,65,0.06266318537859007,80,10,1,1,2,1,1,10
2140,38.58165450121481,822,24,6,70,0.029197080291970802,80,4,1,1,1,1,1,4
2141,86.91778523489793,596,24,6,71,0.040268456375838924,80,5,2,1,1,1,1,4
2142,81.52698587127006,637,24,6,69,0.03767660910518053,80,6,1,1,2,1,2,5
2143,108.64281535649062,547,24,6,70,0.043875685557586835,80,9,1,1,1,1,2,9
2144,113.87691973969594,461,24,6,70,0.052060737527114966,80,5,1,1,2,1,2,4
2145,110.79408163265393,490,24,6,67,0.04897959183673469,80,6,1,1,1,1,3,5
2146,103.92985611510662,556,24,6,71,0.04316546762589928,80,8,1,1,1,1,2,7
2147,-31.719093851132524,1236,24,6,76,0.019417475728155338,80,8,1,1,1,3,2,3
2148,44.06111111110894,900,24,6,71,0.02666666666666667,81,11,1,2,2,2,3,7
2149,107.60050541516199,554,24,6,74,0.04332129963898917,81,9,1,1,1,1,4,6
2150,92.09638935108032,601,24,6,73,0.03993344425956739,81,7,1,1,2,1,1,7
2151,-38.41301770592996,1299,24,6,75,0.018475750577367205,81,10,1,1,3,1,2,8
2152,82.35015015014874,666,24,6,76,0.036036036036036036,81,8,1,2,1,1,2,5
2153,28.53061946902487,904,24,6,74,0.02654867256637168,81,6,1,1,1,3,1,5
2154,36.23989010988843,910,24,6,73,0.026373626373626374,82,9,1,2,1,1,3,4
2155,71.17888888888714,720,24,6,72,0.03333333333333333,82,8,1,1,1,1,2,8
2156,116.71052631578837,475,24,6,66,0.05052631578947368,82,7,1,1,1,1,2,5
2157,145.81201856148743,431,24,6,58,0.05568445475638051,82,14,1,2,1,2,4,10
2158,146.27498525073864,339,24,6,58,0.07079646017699115,82,8,1,2,1,1,3,5
2159,-96.82403693931657,1516,24,6,75,0.0158311345646438,82,5,1,1,1,2,1,5
2160,21.043507377977896,881,24,6,73,0.02724177071509648,82,2,1,1,1,1,1,3
2161,79.6279289940814,676,24,6,68,0.03550295857988166,82,8,1,1,2,2,2,6
2162,151.89809651474667,373,24,6,63,0.064343163538874,82,12,2,1,1,3,3,7
2163,127.78607843137293,510,24,6,67,0.047058823529411764,82,13,1,1,1,3,4,9
2164,27.05471204188403,955,24,6,71,0.025130890052356022,82,9,1,1,3,1,2,6
2165,72.97495276653156,741,24,6,72,0.032388663967611336,82,10,2,2,1,1,2,8
2166,58.03468827929977,802,24,6,75,0.029925187032418952,82,9,1,2,1,1,3,3
2167,87.01667844522848,566,24,6,72,0.04240282685512368,82,3,1,1,1,1,1,2
2168,130.1039024390235,410,24,6,70,0.05853658536585366,82,7,1,1,2,1,2,3
2169,19.29746588693855,1026,24,6,76,0.023391812865497075,82,11,1,1,3,1,1,10
2170,43.930864745010915,902,24,6,74,0.026607538802660754,82,11,2,1,3,1,1,9
2171,73.1736098310277,651,24,6,74,0.03686635944700461,82,4,1,1,1,1,1,3
2172,113.92667844522836,566,24,6,71,0.04240282685512368,82,12,1,2,1,3,3,8
2173,91.45035775127805,587,24,6,68,0.04088586030664395,82,6,1,1,1,1,2,6
2174,-62.48000000000212,1248,23,5,75,0.01842948717948718,82,7,1,1,1,1,1,8
2175,104.04161290322467,496,24,6,72,0.04838709677419355,82,4,1,1,1,1,1,5
2176,13.700603621728389,994,24,6,76,0.02414486921529175,82,7,1,1,1,1,1,6
2177,142.47584905660403,424,24,6,72,0.05660377358490566,82,12,2,1,1,1,3,10
2178,32.26507479861826,869,24,6,71,0.02761795166858458,82,5,1,1,3,1,2,3
2179,39.93600928074041,862,24,6,74,0.027842227378190254,82,7,1,2,2,1,2,3
2180,103.76155088853099,619,24,6,76,0.03877221324717286,82,12,2,1,1,2,3,6
2181,32.91325028312377,883,24,6,76,0.027180067950169876,82,6,1,1,2,1,1,6
2182,-9.770000000002067,1014,23,5,74,0.022682445759368838,82,9,1,1,3,1,3,6
2183,127.97172949002275,451,24,6,71,0.05321507760532151,82,9,1,1,2,1,2,6
2184,31.110253583239523,907,24,6,76,0.026460859977949284,82,7,2,1,2,2,1,5
2185,65.96245014244849,702,24,6,74,0.03418803418803419,82,5,1,1,1,2,1,3
2186,95.68835016835125,594,24,6,64,0.04040404040404041,82,8,1,1,2,2,1,4
2187,45.513636363634205,880,24,6,76,0.02727272727272727,82,10,1,1,2,2,2,5
2188,52.037064803047656,787,24,6,75,0.030495552731893267,82,6,1,1,1,1,2,2
2189,87.20393442622809,610,24,6,72,0.03934426229508197,82,6,1,1,1,1,1,6
2190,73.18388489208462,695,24,6,72,0.034532374100719423,82,7,1,2,2,1,1,5
2191,96.10625000000043,640,24,6,71,0.0375,82,11,2,1,2,2,2,8
2192,53.35312217194783,884,24,6,72,0.027149321266968326,82,13,1,2,3,3,1,5
2193,55.80345679012148,810,24,6,68,0.02962962962962963,82,9,1,1,3,1,2,5
2194,159.50055900621297,322,24,6,67,0.07453416149068323,82,11,1,1,3,1,4,7
2195,-7.600313901347153,1115,24,6,75,0.021524663677130046,82,8,1,1,1,2,3,4
2196,66.05245014244844,702,24,6,75,0.03418803418803419,82,5,1,1,1,1,2,3
2197,55.95682242990701,856,24,6,72,0.028037383177570093,82,12,1,1,1,1,4,10
2198,119.1598081534763,417,24,6,64,0.05755395683453238,82,4,1,1,1,1,1,3
2199,139.4801120448186,357,24,6,56,0.06722689075630252,82,7,1,1,1,1,2,5
2200,161.2731343283587,268,24,6,66,0.08955223880597014,82,8,1,2,2,1,2,3
2201,37.015042016805324,952,24,6,75,0.025210084033613446,82,12,1,1,2,1,4,5
2202,-11.198088235295963,1088,24,6,75,0.022058823529411766,82,5,1,1,1,1,1,3
2203,108.15051364366099,623,24,6,67,0.038523274478330656,82,14,2,1,2,2,3,10
2204,47.635944584380894,794,24,6,75,0.030226700251889168,82,5,1,1,1,1,1,4
2205,-12.50610328638662,1065,24,6,76,0.022535211267605635,82,3,1,1,1,1,1,4
2206,68.05562814070247,796,24,6,73,0.03015075376884422,82,12,1,1,3,1,3,8
2207,96.44248175182356,548,24,6,70,0.043795620437956206,82,5,1,1,1,2,1,5
2208,15.614821802933246,954,24,6,75,0.025157232704402517,82,5,1,1,1,2,1,4
2209,151.71573289902435,307,24,6,47,0.0781758957654723,82,8,1,1,2,1,1,5
2210,16.42487666034291,1054,24,6,73,0.022770398481973434,82,12,2,2,1,1,3,9
2211,97.00103059581537,621,24,6,72,0.03864734299516908,82,10,1,1,1,3,2,8
2212,154.72932960894036,358,24,6,61,0.0670391061452514,82,12,1,1,2,3,4,7
2213,31.930864745009334,902,24,6,74,0.026607538802660754,82,7,1,1,1,1,1,8
2214,3.756061479345796,1041,24,6,70,0.023054755043227664,82,7,1,1,1,2,2,5
2215,-2.590000000001659,1000,24,6,75,0.024,82,2,1,1,1,2,1,2
2216,94.1701501501514,666,24,6,74,0.036036036036036036,82,12,1,2,2,2,2,7
2217,96.9496007984021,501,24,6,71,0.04790419161676647,82,2,1,1,1,1,1,3
2218,-6.08000000000208,1011,23,5,75,0.02274975272007913,82,10,2,1,2,1,4,3
2219,75.9777410468306,726,24,6,72,0.03305785123966942,82,10,1,1,1,1,4,5
2220,122.35242914979645,494,24,6,71,0.048582995951417005,82,10,1,1,2,1,2,8
2221,22.298911968347984,1011,24,6,76,0.02373887240356083,82,11,2,2,1,1,2,8
2222,101.2633986928103,612,24,6,66,0.0392156862745098,82,11,1,1,1,2,2,10
2223,24.918814229247808,1012,24,6,74,0.023715415019762844,82,12,1,2,1,1,4,8
2224,119.90248175182687,548,24,6,64,0.043795620437956206,82,13,2,1,2,2,3,8
2225,20.907758620687815,928,24,6,76,0.02586206896551724,82,5,1,1,1,1,1,4
2226,135.5397802197823,455,24,6,64,0.05274725274725275,82,12,1,2,2,2,3,4
2227,40.48467889908053,872,24,6,69,0.027522935779816515,82,8,1,1,2,2,2,3
2228,54.66300123001278,813,24,6,62,0.02952029520295203,82,9,1,2,1,1,2,7
2229,30.816609808100374,938,24,6,75,0.0255863539445629,82,9,1,2,3,1,2,6
2230,49.25499999999855,800,24,6,73,0.03,82,6,1,1,1,1,1,5
2231,88.66666666666708,600,24,6,66,0.04,82,6,1,1,1,1,3,4
2232,57.467924528303534,848,24,6,71,0.02830188679245283,82,12,2,1,1,2,3,7
2233,124.72242914979932,494,24,6,64,0.048582995951417005,82,11,2,1,3,1,4,5
2234,86.28151515151382,660,24,6,73,0.03636363636363636,82,9,1,1,2,1,3,4
2235,139.2862430939237,362,24,6,65,0.06629834254143646,82,7,1,1,3,1,1,6
2236,147.52722222222172,288,24,6,58,0.08333333333333333,82,5,2,1,1,1,1,4
2237,101.15552875695735,539,24,6,69,0.04452690166975881,82,6,1,1,2,1,3,3
2238,16.81548523206569,948,24,6,75,0.02531645569620253,82,5,1,1,1,1,1,3
2239,73.38104372355409,709,24,6,72,0.03385049365303244,82,8,1,1,1,1,3,7
2240,128.91255813953467,430,24,6,68,0.05581395348837209,82,8,1,1,1,3,1,7
2241,-85.79000000000228,1290,23,5,76,0.017829457364341085,82,2,1,1,1,1,1,2
2242,146.1984713375796,314,24,6,68,0.07643312101910828,82,6,1,1,2,1,2,4
2243,64.05484394506828,801,24,6,73,0.0299625468164794,82,11,1,1,1,2,4,7
2244,37.33834319526447,845,24,6,74,0.028402366863905324,82,5,2,1,1,1,1,4
2245,85.84666666666523,600,24,6,68,0.04,82,5,1,1,1,1,1,6
2246,128.09881720430027,372,24,6,63,0.06451612903225806,82,4,1,1,1,1,1,3
2247,33.01787486515438,927,24,6,75,0.025889967637540454,82,9,1,1,2,1,3,7
2248,-5.505660377359851,1060,24,6,76,0.022641509433962263,82,5,1,1,1,1,2,5
2249,114.16000000000018,500,24,6,60,0.048,82,8,1,1,3,2,2,4
2250,22.61881392818093,919,24,6,75,0.026115342763873776,82,5,1,1,1,1,1,5
2251,25.732612612610893,888,24,6,74,0.02702702702702703,82,4,1,1,1,1,2,3
2252,-40.26000000000175,1151,23,5,73,0.01998262380538662,82,8,1,2,2,1,1,5
2253,65.74513788098533,689,24,6,76,0.03483309143686502,82,4,1,1,2,1,2,3
2254,163.41545741324913,317,24,6,66,0.07570977917981073,82,12,1,1,3,2,3,8
2255,46.925207373271846,868,24,6,65,0.027649769585253458,82,10,1,1,1,1,3,9
2256,-22.08000000000204,1076,23,5,75,0.02137546468401487,82,9,1,2,1,2,1,7
2257,106.0789189189176,592,24,6,75,0.04054054054054054,82,11,1,1,1,2,4,8
2258,128.57310023309932,429,24,6,62,0.055944055944055944,82,8,1,1,1,1,3,7
2259,-48.92520568437038,1337,24,6,76,0.01795063575168287,82,9,1,1,1,2,1,6
2260,61.037064803047656,787,24,6,75,0.030495552731893267,82,9,1,1,1,1,2,5
2261,105.40025641025878,624,24,6,72,0.038461538461538464,82,13,1,1,3,3,2,9
2262,47.061111111110215,900,24,6,71,0.02666666666666667,82,12,1,2,1,3,3,7
2263,42.51173184357322,895,24,6,76,0.026815642458100558,82,10,1,1,1,1,3,9
2264,129.36330900243368,411,24,6,64,0.058394160583941604,82,7,2,1,2,1,1,3
2265,146.78380710660124,394,24,6,53,0.06091370558375635,82,12,1,1,3,2,4,5
2266,31.95098779134107,901,24,6,72,0.026637069922308545,82,7,1,1,1,1,1,8
2267,70.39020833333143,768,24,6,70,0.03125,82,11,1,1,2,2,2,6
2268,120.16675736961417,441,24,6,62,0.05442176870748299,82,6,1,2,1,1,1,3
2269,137.45038461538545,416,24,6,65,0.057692307692307696,82,10,1,1,1,2,3,5
2270,76.28037593984801,665,24,6,73,0.03609022556390978,82,6,1,1,1,1,2,5
2271,98.58286644951013,614,24,6,74,0.03908794788273615,82,10,1,2,1,2,1,9
2272,142.2033333333327,300,24,6,59,0.08,82,4,1,1,1,2,1,4
2273,30.664025085517046,877,24,6,71,0.027366020524515394,82,5,1,1,1,2,2,3
2274,65.75106159894985,763,24,6,74,0.03145478374836173,82,9,1,1,3,1,1,7
2275,121.19779043280084,439,24,6,69,0.05466970387243736,82,6,1,1,1,1,1,7
2276,-16.314821124363164,1174,24,6,76,0.020442930153321975,82,9,1,1,3,1,2,7
2277,76.31430014429925,693,24,6,69,0.03463203463203463,82,8,1,2,3,1,1,6
2278,117.13691588784963,535,24,6,71,0.044859813084112146,82,11,1,1,1,2,2,9
2279,52.657713920815496,783,24,6,73,0.03065134099616858,82,6,1,1,1,1,1,7
2280,48.513636363634184,880,24,6,76,0.02727272727272727,82,11,1,1,3,2,2,8
2281,87.88583747926887,603,24,6,64,0.03980099502487562,82,6,1,1,1,1,2,6
2282,64.74104372355258,709,24,6,76,0.03385049365303244,82,5,1,1,1,1,1,4
2283,-21.080000000001903,1026,23,5,75,0.022417153996101363,82,6,1,2,3,1,1,4
2284,151.940877192983,285,24,6,67,0.08421052631578947,82,6,1,1,1,1,2,5
2285,99.8045525291832,514,24,6,65,0.04669260700389105,82,4,1,1,1,1,1,4
2286,64.17793103448118,725,24,6,72,0.03310344827586207,82,6,1,1,1,3,2,2
2287,92.7960563380269,568,24,6,74,0.04225352112676056,82,5,1,1,1,1,1,4
2288,103.26939393939284,528,24,6,68,0.045454545454545456,82,6,1,1,1,2,1,4
2289,-29.78000000000174,1024,22,4,76,0.021484375,82,8,1,1,1,1,2,6
2290,38.71709601873338,854,24,6,76,0.02810304449648712,82,6,1,1,1,1,1,5
2291,84.5492537313417,670,24,6,76,0.03582089552238806,82,9,1,1,1,1,1,10
2292,131.09937655860534,401,24,6,61,0.059850374064837904,82,7,1,1,1,1,3,5
2293,13.630704934539795,993,24,6,73,0.02416918429003021,82,7,1,1,1,1,2,7
2294,121.39960079840206,501,24,6,76,0.04790419161676647,82,10,1,1,2,1,2,5
2295,-5.114015477213144,1163,24,6,76,0.02063628546861565,82,12,1,1,1,2,4,9
2296,37.2826126126115,888,24,6,69,0.02702702702702703,82,8,1,2,2,1,1,6
2297,82.16077170417863,622,24,6,76,0.03858520900321544,82,5,1,1,1,1,1,4
2298,113.70408163265193,490,24,6,66,0.04897959183673469,82,7,1,1,2,2,1,6
2299,5.896805421101616,1033,24,6,76,0.023233301064859633,82,7,1,1,1,1,1,5
2300,30.71376564277406,879,24,6,76,0.027303754266211604,82,5,1,1,1,1,2,4
2301,20.49950248756191,1005,24,6,76,0.023880597014925373,82,10,1,1,2,1,3,6
2302,27.701626016258018,984,24,6,76,0.024390243902439025,82,11,1,1,1,2,2,10
2303,88.84666666666571,600,24,6,68,0.04,82,6,1,1,1,1,1,6
2304,51.66806375442525,847,24,6,71,0.02833530106257379,82,10,1,1,1,1,3,9
2305,31.508695652172054,920,24,6,76,0.02608695652173913,82,8,1,1,1,1,3,7
2306,32.105596620906766,947,24,6,76,0.025343189017951427,82,10,1,1,2,2,2,8
2307,-12.040000000001305,1009,23,5,71,0.022794846382556987,82,8,1,1,1,1,1,9
2308,160.68003300330057,303,24,6,71,0.07920792079207921,82,10,1,1,1,3,3,7
2309,43.63062726175919,829,24,6,75,0.028950542822677925,82,6,1,1,1,1,3,4
2310,18.9033057851221,968,24,6,76,0.024793388429752067,82,7,1,1,1,2,2,5
2311,151.36525198939148,377,24,6,66,0.0636604774535809,82,12,2,2,2,3,1,8
2312,72.42044943820049,712,24,6,68,0.033707865168539325,82,8,1,1,1,1,3,5
2313,-29.570000000001738,1023,23,5,74,0.022482893450635387,82,3,1,1,1,1,1,4
2314,32.0190512540874,917,24,6,75,0.026172300981461286,82,8,1,1,1,2,1,7
2315,83.93927576601777,718,24,6,76,0.033426183844011144,82,12,1,1,3,3,4,4
2316,45.722100122098155,819,24,6,76,0.029304029304029304,82,6,1,1,1,1,3,3
2317,28.018459869846694,922,24,6,75,0.026030368763557483,82,7,1,1,1,1,1,8
2318,129.78385224274328,379,24,6,64,0.0633245382585752,82,5,1,1,1,1,1,4
2319,46.42627906976574,860,24,6,75,0.027906976744186046,82,9,1,1,2,1,2,8
2320,-12.260000000002082,1056,23,5,73,0.021780303030303032,82,11,1,1,3,1,2,5
2321,101.51050541516179,554,24,6,73,0.04332129963898917,82,7,1,1,1,1,3,6
2322,124.54876826722465,479,24,6,62,0.05010438413361169,82,10,1,1,1,1,3,9
2323,55.134770889486084,742,24,6,76,0.03234501347708895,82,4,1,1,2,1,1,2
2324,-34.517012448134594,1205,24,6,76,0.01991701244813278,82,5,1,1,2,1,1,4
2325,155.1164102564129,390,24,6,70,0.06153846153846154,82,14,2,1,3,3,3,7
2326,39.61822510822309,924,24,6,75,0.025974025974025976,82,11,1,1,1,1,3,10
2327,101.18120458890897,523,24,6,67,0.045889101338432124,82,5,1,1,1,1,1,6
2328,67.34684287811892,681,24,6,76,0.03524229074889868,82,4,1,1,1,1,2,4
2329,61.66550135501175,738,24,6,73,0.032520325203252036,82,6,1,2,2,1,2,4
2330,23.96810810810682,925,24,6,70,0.025945945945945945,82,6,1,1,1,1,2,6
2331,86.28513134851006,571,24,6,75,0.04203152364273205,82,3,1,1,1,1,1,3
2332,95.08482517482386,572,24,6,75,0.04195804195804196,82,6,1,1,1,2,4,3
2333,23.310987791341233,901,24,6,76,0.026637069922308545,82,4,1,1,1,1,1,3
2334,39.51976047904005,835,24,6,76,0.02874251497005988,82,5,1,1,1,1,2,3
2335,20.837874865154568,927,24,6,73,0.025889967637540454,82,5,1,1,2,1,2,4
2336,74.65836795252085,674,24,6,75,0.03560830860534125,82,6,1,1,1,1,2,4
2337,44.62709601873327,854,24,6,75,0.02810304449648712,82,8,1,1,1,1,2,6
2338,60.35986013985854,715,24,6,74,0.033566433566433566,82,4,1,1,1,1,1,3
2339,42.74004801920569,833,24,6,74,0.028811524609843937,82,6,2,1,1,1,1,3
2340,111.2323076923065,520,24,6,72,0.046153846153846156,82,8,1,1,2,1,4,5
2341,-9.930000000001042,1013,23,5,70,0.022704837117472853,82,9,1,1,2,3,1,7
2342,71.64623978201456,734,24,6,75,0.0326975476839237,82,9,1,1,1,2,1,7
2343,101.91793594306158,562,24,6,62,0.042704626334519574,82,8,1,1,2,1,2,5
2344,84.95155088852844,619,24,6,67,0.03877221324717286,82,6,1,1,1,2,1,4
2345,30.911982082865045,893,24,6,76,0.026875699888017916,82,6,1,1,3,2,1,3
2346,29.93990009990185,1001,24,6,72,0.023976023976023976,82,13,1,2,3,1,3,8
2347,60.25422360248248,805,24,6,73,0.02981366459627329,82,10,1,1,1,1,2,10
2348,25.27893246187169,918,24,6,69,0.026143790849673203,82,6,1,1,1,1,1,4
2349,80.49224751066788,703,24,6,71,0.034139402560455195,82,10,1,1,3,3,2,6
2350,118.94011406843984,526,24,6,71,0.045627376425855515,82,11,1,1,2,1,3,8
2351,-23.35000000000178,1006,23,5,72,0.02286282306163022,82,4,1,2,1,2,1,2
2352,108.28920473773127,591,24,6,64,0.04060913705583756,82,12,1,1,3,3,2,7
2353,96.44077170417917,622,24,6,68,0.03858520900321544,82,10,1,1,2,3,2,7
2354,16.10845986984636,922,24,6,76,0.026030368763557483,82,3,1,1,1,1,1,3
2355,44.22481056256968,871,24,6,75,0.027554535017221583,82,9,1,1,2,1,4,3
2356,105.05230769230654,520,24,6,70,0.046153846153846156,82,6,1,1,1,1,1,6
2357,73.57280212483609,753,24,6,72,0.03187250996015936,82,11,1,1,1,3,3,4
2358,15.706496272628632,939,24,6,76,0.025559105431309903,82,4,1,1,1,1,1,5
2359,103.20315018314895,546,24,6,74,0.04395604395604396,82,7,1,1,1,1,3,4
2360,59.185944584382824,794,24,6,70,0.030226700251889168,82,9,1,2,2,1,2,4
2361,46.78330456226679,811,24,6,70,0.029593094944512947,82,6,1,1,1,1,1,7
2362,63.63919896640759,774,24,6,75,0.031007751937984496,82,9,1,2,1,1,3,6
2363,107.87722408027042,598,24,6,75,0.04013377926421405,82,12,1,2,1,2,4,5
2364,-17.790000000001612,1010,23,5,76,0.02277227722772277,82,6,1,1,1,3,1,3
2365,108.24726591760263,534,24,6,70,0.0449438202247191,82,8,1,1,1,1,2,7
2366,101.03094017093888,585,24,6,70,0.041025641025641026,82,9,2,1,1,1,1,9
2367,80.49224751066706,703,24,6,71,0.034139402560455195,82,10,1,2,2,1,3,7
2368,93.490256410255,624,24,6,73,0.038461538461538464,82,9,1,1,2,1,3,5
2369,65.04037809647794,767,24,6,75,0.03129074315514994,82,9,1,1,2,2,3,6
2370,22.705374077974916,949,24,6,76,0.02528977871443625,82,7,1,1,1,2,1,4
2371,33.920048019205915,833,24,6,76,0.028811524609843937,82,3,1,1,1,1,1,4
2372,129.7363054187202,406,24,6,57,0.059113300492610835,82,7,1,1,2,1,4,2
2373,42.53990407673663,834,24,6,74,0.02877697841726619,82,6,1,1,1,1,1,5
2374,90.63331022530193,577,24,6,70,0.0415944540727903,82,5,1,1,1,1,2,5
2375,29.933378684805465,882,24,6,74,0.027210884353741496,82,5,1,1,1,1,1,5
2376,33.419890109888456,910,24,6,75,0.026373626373626374,82,8,1,2,1,2,1,5
2377,85.06337423312732,652,24,6,75,0.03680981595092025,82,8,2,1,2,1,2,5
2378,49.83077294685892,828,24,6,75,0.028985507246376812,82,8,1,1,2,1,1,4
2379,84.69447368420913,608,24,6,73,0.039473684210526314,82,5,1,1,1,1,2,4
2380,55.783868808565785,747,24,6,61,0.0321285140562249,82,5,2,1,1,1,1,4
2381,82.62611295680924,602,24,6,70,0.03986710963455149,82,4,1,1,3,1,1,3
2382,155.88335689046073,283,24,6,73,0.08480565371024736,82,7,1,1,1,1,2,4
2383,137.27809523809512,420,24,6,72,0.05714285714285714,82,10,1,1,3,1,2,8
2384,-10.370000000001987,1017,23,5,74,0.02261553588987217,82,9,1,1,1,1,4,6
2385,109.93075055187558,453,24,6,75,0.052980132450331126,82,3,1,1,1,1,2,2
2386,-35.79000000000188,1115,23,5,76,0.02062780269058296,82,7,1,1,1,1,4,3
2387,104.07611295680933,602,24,6,75,0.03986710963455149,82,11,2,1,1,2,3,8
2388,36.71990407673679,834,24,6,76,0.02877697841726619,82,4,1,1,2,1,1,2
2389,141.6038522427457,379,24,6,62,0.0633245382585752,82,9,1,1,2,1,4,6
2390,128.39974025973964,385,24,6,62,0.06233766233766234,82,5,1,1,1,1,1,6
2391,85.13430014429888,693,24,6,67,0.03463203463203463,82,11,1,1,2,1,4,8
2392,-38.56000000000152,1007,22,4,74,0.021847070506454815,82,4,1,1,1,1,3,3
2393,123.76186440678117,472,24,6,71,0.05084745762711865,82,9,1,1,1,2,3,6
2394,109.24382352941049,544,24,6,70,0.04411764705882353,82,9,1,1,1,1,2,9
2395,-9.050714285715415,1120,24,6,70,0.02142857142857143,82,8,1,1,3,1,3,3
2396,72.35422818791875,745,24,6,74,0.032214765100671144,82,10,1,1,1,2,2,6
2397,41.23752688172219,930,24,6,73,0.025806451612903226,82,12,1,1,3,2,3,7
2398,93.05313935681586,653,24,6,66,0.036753445635528334,82,11,1,1,1,3,4,5
2399,-29.402967798085957,1149,24,6,75,0.020887728459530026,82,3,1,1,1,1,1,3
2400,128.77449877750524,409,24,6,53,0.05867970660146699,82,7,1,1,1,1,1,8
2401,105.57533880903387,487,24,6,69,0.049281314168377825,82,4,1,1,1,1,1,5
2402,-70.3700000000022,1257,23,5,74,0.018297533810660304,82,5,1,1,1,1,1,4
2403,101.59574692442749,569,24,6,74,0.0421792618629174,82,8,1,1,1,2,1,6
2404,38.829331742241486,838,24,6,75,0.028639618138424822,82,5,1,1,1,2,1,4
2405,2.899700897306479,1003,24,6,76,0.023928215353938187,82,4,1,1,1,1,1,3
2406,117.43761989343051,563,24,6,70,0.04262877442273535,82,13,2,1,3,3,2,4
2407,72.67953367875754,772,24,6,71,0.031088082901554404,82,12,1,2,2,1,4,8
2408,20.636044538704343,943,24,6,73,0.02545068928950159,82,6,1,1,1,1,2,6
2409,135.0720185614845,431,24,6,72,0.05568445475638051,82,10,2,1,1,1,3,8
2410,69.36925373134183,670,24,6,74,0.03582089552238806,82,4,1,1,1,1,1,3
2411,86.23552099533283,643,24,6,68,0.03732503888024884,82,8,1,1,1,1,4,6
2412,106.51459227467709,466,24,6,66,0.05150214592274678,82,3,1,1,1,1,1,4
2413,58.07064697608831,711,24,6,73,0.03375527426160337,82,3,1,1,1,2,1,2
2414,41.525932203390795,944,24,6,74,0.025423728813559324,82,13,2,1,3,2,2,7
2415,-18.79000000000012,1090,23,5,76,0.02110091743119266,82,11,1,1,2,1,4,8
2416,88.76556291390587,604,24,6,76,0.039735099337748346,82,6,1,1,1,1,1,5
2417,64.2372264631036,786,24,6,75,0.030534351145038167,82,10,1,1,1,3,1,5
2418,86.13694490817889,599,24,6,69,0.04006677796327212,82,5,1,2,1,1,1,4
2419,18.61649627262856,939,24,6,75,0.025559105431309903,82,5,1,1,1,1,1,4
2420,101.47260162601654,615,24,6,75,0.03902439024390244,82,11,2,1,1,1,4,8
2421,-24.590000000001837,1059,23,5,76,0.021718602455146365,82,7,1,1,1,1,2,6
2422,141.76364485981247,428,24,6,73,0.056074766355140186,82,12,2,1,1,1,3,10
2423,99.61698587127268,637,24,6,70,0.03767660910518053,82,12,1,2,1,3,3,5
2424,44.77160714285792,896,24,6,70,0.026785714285714284,82,11,2,1,2,2,3,5
2425,-9.706191369607726,1066,24,6,76,0.0225140712945591,82,4,1,1,1,1,1,4
2426,44.65150668286559,823,24,6,73,0.02916160388821385,82,6,1,1,1,1,1,4
2427,75.99015015014852,666,24,6,72,0.036036036036036036,82,6,1,1,1,1,1,5
2428,86.38260162601678,615,24,6,74,0.03902439024390244,82,6,1,1,2,1,1,5
2429,98.44750418760519,597,24,6,68,0.04020100502512563,82,9,1,1,1,1,4,4
2430,61.72285012284837,814,24,6,76,0.029484029484029485,82,11,1,2,2,2,1,6
2431,111.65080321285036,498,24,6,61,0.04819277108433735,82,7,1,1,2,1,1,5
2432,159.68602076124594,289,24,6,62,0.08304498269896193,82,9,1,1,1,1,3,8
2433,21.14152284263767,985,24,6,72,0.024365482233502538,82,9,1,1,2,1,3,5
2434,-32.28000000000178,1172,23,5,75,0.01962457337883959,82,12,2,1,1,3,1,10
2435,121.87459227467738,466,24,6,70,0.05150214592274678,82,8,1,1,3,1,1,7
2436,34.31614401858142,861,24,6,76,0.027874564459930314,82,5,1,1,2,2,1,4
2437,160.01759689922557,258,24,6,63,0.09302325581395349,82,7,1,1,1,1,2,7
2438,156.61496350365033,274,24,6,61,0.08759124087591241,82,7,1,1,1,2,2,6
2439,-50.670000000001444,1083,22,4,75,0.020313942751615882,82,5,1,1,2,1,1,3
2440,36.766837606835395,936,24,6,70,0.02564102564102564,82,11,1,1,1,1,2,10
2441,3.694428706324727,1059,24,6,76,0.0226628895184136,82,8,1,1,3,2,2,5
2442,160.95089887640572,356,24,6,59,0.06741573033707865,82,14,1,2,3,2,3,5
2443,84.87044943820256,712,24,6,73,0.033707865168539325,82,12,2,1,3,3,1,7
2444,48.960336943441426,831,24,6,72,0.02888086642599278,82,8,1,1,1,1,2,5
2445,73.65104372355326,709,24,6,75,0.03385049365303244,82,8,1,1,2,2,1,4
2446,31.34706638115421,934,24,6,72,0.02569593147751606,82,9,2,1,1,1,2,8
2447,68.27594458438351,794,24,6,71,0.030226700251889168,82,12,1,1,2,3,3,4
2448,71.36360939431367,809,24,6,72,0.029666254635352288,82,14,1,1,3,2,2,10
2449,103.71605633802807,568,24,6,62,0.04225352112676056,82,9,1,1,2,1,2,8
2450,84.13420361247805,609,24,6,69,0.03940886699507389,82,5,1,1,1,2,1,3
2451,-7.905392620626197,1057,24,6,76,0.02270577105014191,82,4,1,1,1,1,1,4
2452,97.98207455429633,617,24,6,74,0.03889789303079417,82,10,1,1,3,1,2,8
2453,107.65667844522847,566,24,6,68,0.04240282685512368,82,10,1,1,1,2,3,7
2454,90.66528925619896,605,24,6,66,0.03966942148760331,82,7,1,1,1,1,3,3
2455,145.30641025640944,390,24,6,61,0.06153846153846154,82,11,1,2,1,3,3,5
2456,65.29175230566516,759,24,6,60,0.03162055335968379,82,9,1,1,2,2,3,3
2457,46.34048192770877,830,24,6,74,0.02891566265060241,82,7,1,1,3,2,1,4
2458,73.07684287811884,681,24,6,73,0.03524229074889868,82,6,1,1,1,1,1,7
2459,128.93834061135422,458,24,6,64,0.05240174672489083,82,10,1,2,2,1,4,6
2460,-14.24000000000203,1035,23,5,71,0.022222222222222223,82,9,2,1,2,2,1,7
2461,93.4699999999987,625,24,6,75,0.0384,82,9,1,1,1,1,2,5
2462,53.8814060446763,761,24,6,71,0.03153745072273324,82,5,1,1,1,1,1,3
2463,117.38779043280084,439,24,6,60,0.05466970387243736,82,5,1,1,1,1,1,6
2464,60.526582278480994,790,24,6,76,0.030379746835443037,82,9,1,1,1,1,2,8
2465,104.22518518518615,540,24,6,72,0.044444444444444446,82,7,1,1,1,2,2,4
2466,70.86858841010236,673,24,6,64,0.03566121842496285,82,5,1,1,1,1,1,5
2467,42.126262626260775,792,24,6,76,0.030303030303030304,82,3,1,1,1,1,1,3
2468,91.72128593040686,661,24,6,69,0.036308623298033284,82,11,2,1,1,1,4,8
2469,116.80841269841375,504,24,6,65,0.047619047619047616,82,9,2,1,1,1,1,6
2470,80.91285714285799,700,24,6,69,0.03428571428571429,82,10,1,1,1,1,2,6
2471,117.43382352941296,544,24,6,61,0.04411764705882353,82,12,2,1,3,1,3,7
2472,66.09598540145822,685,24,6,71,0.035036496350364967,82,4,1,1,2,1,1,3
2473,79.80471780028776,691,24,6,70,0.03473227206946455,82,9,1,2,1,1,1,9
2474,40.37862396203978,843,24,6,70,0.028469750889679714,82,6,1,2,2,1,1,5
2475,93.48949152542286,590,24,6,64,0.04067796610169491,82,7,1,1,1,1,2,5
2476,52.13820330969246,846,24,6,74,0.028368794326241134,82,10,2,1,2,1,2,5
2477,46.664678899080585,872,24,6,71,0.027522935779816515,82,10,1,1,2,1,2,7
2478,59.86123359579866,762,24,6,73,0.031496062992125984,82,7,1,1,1,2,1,7
2479,31.110253583239455,907,24,6,76,0.026460859977949284,82,7,1,1,1,1,1,6
2480,146.22581039755346,327,24,6,64,0.07339449541284404,82,7,1,2,1,1,1,7
2481,8.205147478589797,1051,24,6,75,0.022835394862036156,82,9,1,1,1,1,2,5
2482,-44.28000000000178,1127,23,5,75,0.02040816326530612,82,5,1,1,1,1,1,5
2483,126.87419203746978,427,24,6,72,0.05620608899297424,82,7,1,1,1,2,3,2
2484,13.298911968346193,1011,24,6,76,0.02373887240356083,82,8,2,1,1,1,3,4
2485,15.306269925609206,941,24,6,76,0.025504782146652496,82,4,1,1,1,1,2,3
2486,21.708225108223267,924,24,6,76,0.025974025974025976,82,5,1,1,1,1,2,3
2487,146.31154589372272,414,24,6,59,0.057971014492753624,82,13,1,1,3,1,4,9
2488,32.30741138560483,931,24,6,76,0.02577873254564984,82,9,1,1,2,1,3,5
2489,50.72360939431201,809,24,6,76,0.029666254635352288,82,7,1,1,1,1,2,6
2490,86.39898251192298,629,24,6,72,0.03815580286168521,82,7,1,1,2,2,1,5
2491,66.3919261213702,758,24,6,70,0.0316622691292876,82,9,1,1,1,1,3,8
2492,84.79337423312731,652,24,6,72,0.03680981595092025,82,8,1,1,1,1,1,9
2493,129.6147252747245,364,24,6,62,0.06593406593406594,82,4,1,1,1,2,1,3
2494,148.1088172043002,372,24,6,52,0.06451612903225806,82,11,1,1,1,1,2,10
2495,-47.08000000000196,1186,23,5,75,0.0193929173693086,82,8,2,1,1,1,1,6
2496,95.36233766233624,616,24,6,76,0.03896103896103896,82,9,1,2,1,1,1,8
2497,115.58569471624236,511,24,6,67,0.046966731898238745,82,9,1,1,1,1,1,10
2498,57.43495276653007,741,24,6,66,0.032388663967611336,82,5,1,1,1,1,1,5
2499,-34.91503823279709,1177,24,6,76,0.020390824129141887,82,3,1,1,3,1,1,2
2500,77.35128593040697,661,24,6,76,0.036308623298033284,82,6,1,1,1,1,1,7
2501,58.925313283207146,798,24,6,76,0.03007518796992481,82,9,1,1,1,1,2,9
2502,79.5640922190185,694,24,6,74,0.0345821325648415,82,9,1,1,3,1,1,8
2503,11.716805421101553,1033,24,6,74,0.023233301064859633,82,9,1,1,2,1,2,7
2504,154.63735632184114,348,24,6,71,0.06896551724137931,82,11,2,1,3,1,2,6
2505,120.99083969465535,524,24,6,56,0.04580152671755725,82,12,1,1,1,1,4,10
2506,44.47376237623569,808,24,6,71,0.0297029702970297,82,5,1,1,1,1,1,5
2507,94.29528925619691,605,24,6,73,0.03966942148760331,82,8,2,1,1,1,2,6
2508,42.34195121951065,820,24,6,74,0.02926829268292683,82,5,1,1,2,1,1,3
2509,60.65224938875221,818,24,6,73,0.029339853300733496,82,11,1,1,3,2,2,7
2510,48.15140604467624,761,24,6,74,0.03153745072273324,82,3,1,1,1,1,1,3
2511,105.59977928692824,589,24,6,63,0.04074702886247878,82,11,2,1,3,1,1,9
2512,86.50197568388911,658,24,6,71,0.0364741641337386,82,9,1,1,3,3,1,5
2513,146.2197402597394,385,24,6,60,0.06233766233766234,82,11,1,1,1,1,4,7
2514,-25.150000000001796,1120,23,5,72,0.020535714285714286,82,11,2,1,3,1,4,5
2515,46.637551020406235,784,24,6,75,0.030612244897959183,82,4,1,1,1,1,1,5
2516,135.54510204081575,392,24,6,57,0.061224489795918366,82,8,1,1,2,1,3,3
2517,-20.220000000001782,1004,23,5,69,0.022908366533864542,82,5,1,2,1,1,1,4
2518,177.12593984962496,266,24,6,71,0.09022556390977443,82,13,2,1,2,3,3,4
2519,116.03656716418028,536,24,6,61,0.04477611940298507,82,11,1,1,1,3,2,6
2520,68.0918439716298,705,24,6,71,0.03404255319148936,82,6,1,1,3,1,1,3
2521,67.08245033112641,755,24,6,71,0.031788079470198675,82,9,1,1,2,1,1,6
2522,62.83150668286626,823,24,6,75,0.02916160388821385,82,12,2,1,1,1,4,9
2523,117.07841269841154,504,24,6,68,0.047619047619047616,82,9,1,1,1,2,2,5
2524,-20.400634495086628,1119,24,6,75,0.021447721179624665,82,4,1,1,1,1,1,3
2525,14.605328884649934,1049,24,6,75,0.022878932316491896,82,11,2,1,1,1,2,10
2526,147.2617391304349,368,24,6,67,0.06521739130434782,82,10,1,1,3,1,2,6
2527,126.98474178403681,426,24,6,71,0.056338028169014086,82,7,1,1,1,1,1,8
2528,120.00097046413609,474,24,6,67,0.05063291139240506,82,8,1,1,1,1,3,7
2529,59.17071895424677,765,24,6,72,0.03137254901960784,82,7,1,1,1,1,1,5
2530,-27.718765231519857,1231,24,6,76,0.01949634443541836,82,9,1,1,1,2,1,9
2531,60.66458950201708,743,24,6,73,0.03230148048452221,82,6,1,1,1,1,1,6
2532,70.31124293785304,708,24,6,69,0.03389830508474576,82,7,2,1,1,1,1,7
2533,-24.19000000000183,1102,23,5,76,0.020871143375680582,82,10,1,1,1,1,3,9
2534,105.56834061135268,458,24,6,71,0.05240174672489083,82,2,1,1,1,1,1,2
2535,70.64003901170163,769,24,6,75,0.031209362808842653,82,11,2,1,1,1,3,9
2536,66.95124293785135,708,24,6,65,0.03389830508474576,82,6,1,1,2,2,2,4
2537,-0.3900000000018906,1013,23,5,76,0.022704837117472853,82,12,2,1,1,1,4,6
2538,95.62339869280935,612,24,6,70,0.0392156862745098,82,9,1,1,2,1,1,7
2539,78.23673981191125,638,24,6,68,0.03761755485893417,82,5,1,1,1,2,2,3
2540,128.65598272138126,463,24,6,72,0.05183585313174946,82,10,1,1,1,1,3,9
2541,102.89248175182358,548,24,6,75,0.043795620437956206,82,7,1,1,1,1,3,6
2542,-14.875254237290017,1180,24,6,72,0.020338983050847456,82,10,2,1,1,1,2,7
2543,101.81974440894675,626,24,6,70,0.038338658146964855,82,12,1,2,2,1,2,10
2544,40.646550116548156,858,24,6,73,0.027972027972027972,82,7,1,2,1,1,1,5
2545,88.69450867052136,692,24,6,71,0.03468208092485549,82,12,1,1,2,2,2,10
2546,123.37796992481316,532,24,6,67,0.045112781954887216,82,13,2,1,1,1,4,10
2547,-35.570000000001855,1098,23,5,74,0.020947176684881604,82,6,1,1,1,1,1,6
2548,12.503092783503272,970,24,6,76,0.024742268041237112,82,5,1,1,1,1,2,4
2549,79.46384615384464,650,24,6,75,0.036923076923076927,82,6,1,1,1,1,1,5
2550,62.1634567901232,810,24,6,72,0.02962962962962963,82,11,1,1,1,1,4,9
2551,87.3490312965723,671,24,6,76,0.03576751117734724,82,10,1,1,2,1,2,9
2552,49.358483412320936,844,24,6,72,0.02843601895734597,82,9,1,1,1,2,1,6
2553,129.85186440677967,472,24,6,72,0.05084745762711865,82,11,1,1,2,2,2,9
2554,78.4592537313417,670,24,6,75,0.03582089552238806,82,7,1,2,1,1,3,3
2555,55.2775510204062,784,24,6,71,0.030612244897959183,82,7,1,2,1,2,1,4
2556,154.23571428571572,350,24,6,71,0.06857142857142857,82,11,1,1,1,3,3,8
2557,-6.460000000002099,1012,23,5,73,0.022727272727272728,82,10,1,1,3,1,1,7
2558,110.44876826722236,479,24,6,72,0.05010438413361169,82,5,1,1,2,1,1,5
2559,97.09482517482502,572,24,6,64,0.04195804195804196,82,7,1,1,1,2,2,4
2560,-18.480000000000476,1043,23,5,75,0.02205177372962608,82,8,1,1,1,1,2,6
2561,137.33855153203336,359,24,6,70,0.06685236768802229,82,6,1,2,1,1,2,5
2562,12.119900099898192,1001,24,6,74,0.023976023976023976,82,7,1,1,2,1,1,6
2563,-25.370000000001912,1047,23,5,74,0.021967526265520534,82,6,1,1,2,2,1,3
2564,119.85094688221618,433,24,6,74,0.05542725173210162,82,5,1,1,1,1,2,5
2565,61.66550135501184,738,24,6,73,0.032520325203252036,82,6,1,2,1,1,1,5
2566,108.33214936247595,549,24,6,71,0.04371584699453552,82,9,2,1,2,3,1,5
2567,170.2084100418407,239,24,6,67,0.100418410041841,82,9,1,1,1,3,1,5
2568,99.79698587127258,637,24,6,72,0.03767660910518053,82,12,1,1,2,1,3,10
2569,84.8744736842092,608,24,6,75,0.039473684210526314,82,5,1,1,3,1,1,2
2570,87.96421602787319,574,24,6,67,0.041811846689895474,82,4,1,1,1,1,1,5
2571,-39.48000000000185,1133,23,5,75,0.02030008826125331,82,7,1,1,1,1,2,5
2572,144.68041666666866,384,24,6,74,0.0625,82,10,1,1,3,2,2,5
2573,-48.921691464371825,1277,24,6,76,0.018794048551292093,82,5,1,1,1,1,1,5
2574,59.71123470522888,899,24,6,76,0.026696329254727477,82,16,1,2,3,2,4,10
2575,60.562249388752576,818,24,6,72,0.029339853300733496,82,11,1,1,1,1,3,10
2576,35.3128668171541,886,24,6,76,0.02708803611738149,82,7,1,1,1,1,3,4
2577,13.613734439832198,964,24,6,75,0.024896265560165973,82,5,1,1,1,1,1,4
2578,64.28812154695962,724,24,6,71,0.03314917127071823,82,6,1,1,1,1,3,3
2579,36.27437810945101,804,24,6,71,0.029850746268656716,82,2,1,1,1,1,1,3
2580,14.322564102562193,975,24,6,74,0.024615384615384615,82,6,1,1,1,1,2,6
2581,129.0978649237474,459,24,6,68,0.05228758169934641,82,10,2,1,1,2,1,8
2582,17.515328884650213,1049,24,6,74,0.022878932316491896,82,12,1,2,2,3,1,9
2583,-27.19000000000192,1072,23,5,76,0.021455223880597014,82,7,1,1,1,1,1,6
2584,101.62587360594736,538,24,6,72,0.04460966542750929,82,6,1,1,3,1,1,3
2585,41.04481056256966,871,24,6,73,0.027554535017221583,82,8,1,1,2,1,1,6
2586,91.20528925619844,605,24,6,72,0.03966942148760331,82,7,2,1,2,1,1,5
2587,134.98271844660098,412,24,6,62,0.05825242718446602,82,9,1,1,1,2,1,7
2588,38.771607142856496,896,24,6,70,0.026785714285714284,82,9,1,2,1,1,1,9
2589,83.63974440894594,626,24,6,68,0.038338658146964855,82,6,1,1,1,1,1,5
2590,133.2036752136761,468,24,6,67,0.05128205128205128,82,12,1,2,3,2,1,8
2591,24.456609808100673,938,24,6,71,0.0255863539445629,82,7,1,1,1,1,1,6
2592,76.77568521031165,737,24,6,72,0.032564450474898234,82,11,1,2,2,1,2,7
2593,104.19115942028853,552,24,6,65,0.043478260869565216,82,8,1,1,1,2,1,7
2594,-127.33898718731135,1639,24,6,76,0.01464307504575961,82,3,1,1,1,1,2,3
2595,57.30736263736084,728,24,6,69,0.03296703296703297,82,4,1,1,1,1,1,4
2596,58.37262599469325,754,24,6,72,0.03183023872679045,82,6,1,1,1,1,1,6
2597,131.5906265664152,399,24,6,62,0.06015037593984962,82,7,1,1,2,1,1,4
2598,35.64933174224157,838,24,6,73,0.028639618138424822,82,4,1,1,1,1,1,3
2599,23.71123470522622,899,24,6,76,0.026696329254727477,82,4,1,1,1,1,1,5
2600,83.01151515151443,660,24,6,70,0.03636363636363636,82,8,1,1,1,1,2,5
2601,18.10787486515462,927,24,6,76,0.025889967637540454,82,4,1,1,1,3,1,3
2602,44.026686114350305,857,24,6,75,0.028004667444574097,82,8,1,1,1,1,3,5
2603,159.91746031746067,315,24,6,56,0.0761904761904762,82,11,1,1,2,3,3,5
2604,81.10999999999859,625,24,6,71,0.0384,82,5,1,1,2,2,1,3
2605,99.61301038062247,578,24,6,72,0.04152249134948097,82,8,1,1,1,2,1,8
2606,-27.33000000000172,1085,23,5,70,0.02119815668202765,82,8,2,1,1,3,1,4
2607,81.39649452269016,639,24,6,72,0.03755868544600939,82,6,1,2,1,1,1,4
2608,-16.060000000001462,1000,23,5,73,0.023,82,6,1,1,1,3,2,4
2609,70.89792899408121,676,24,6,71,0.03550295857988166,82,5,2,1,1,1,2,3
2610,169.15037037037044,270,24,6,58,0.08888888888888889,82,11,1,1,3,2,2,7
2611,-18.590000000001112,1104,23,5,76,0.020833333333333332,82,12,1,1,1,2,4,6
2612,124.07978021977928,455,24,6,70,0.05274725274725275,82,8,1,2,2,2,1,6
2613,69.99245033112399,755,24,6,70,0.031788079470198675,82,10,1,2,1,2,1,7
2614,96.10667844522835,566,24,6,73,0.04240282685512368,82,6,1,1,1,1,3,3
2615,134.1514814814807,432,24,6,64,0.05555555555555555,82,10,1,1,1,2,4,5
2616,133.38271714922303,449,24,6,60,0.053452115812917596,82,11,1,1,3,2,2,7
2617,-44.68000000000196,1174,23,5,75,0.019591141396933562,82,8,1,1,1,1,1,9
2618,84.89474464579772,607,24,6,73,0.039538714991762765,82,5,1,1,2,1,1,5
2619,144.06571428571402,350,24,6,58,0.06857142857142857,82,8,1,1,1,2,3,4
2620,-61.18999999999963,1257,23,5,76,0.018297533810660304,82,8,1,1,1,1,3,4
2621,113.72182130584247,582,24,6,71,0.041237113402061855,82,13,1,1,1,3,4,9
2622,106.22543859649122,570,24,6,61,0.042105263157894736,82,10,1,1,3,2,4,4
2623,131.58573363431083,443,24,6,60,0.05417607223476298,82,10,1,1,1,2,2,8
2624,112.89646365422506,509,24,6,66,0.047151277013752456,82,8,1,1,1,2,2,4
2625,115.49543859649108,570,24,6,64,0.042105263157894736,82,13,1,1,3,2,2,9
2626,124.60459227467808,466,24,6,67,0.05150214592274678,82,9,1,2,1,1,1,9
2627,151.67239766082005,342,24,6,58,0.07017543859649122,82,10,1,1,2,1,4,5
2628,51.71990407673754,834,24,6,76,0.02877697841726619,82,9,1,1,1,2,2,7
2629,27.531856823264455,894,24,6,74,0.026845637583892617,82,5,1,2,1,1,1,3
2630,97.15382352941052,544,24,6,69,0.04411764705882353,82,5,1,1,3,1,2,2
2631,-35.280000000000086,1097,23,5,75,0.020966271649954422,82,6,2,1,1,1,2,5
2632,-21.480000000001567,1013,23,5,75,0.022704837117472853,82,5,1,1,1,1,1,6
2633,146.31089887640482,356,24,6,63,0.06741573033707865,82,9,1,1,1,3,3,6
2634,21.419890109888275,910,24,6,75,0.026373626373626374,82,4,1,2,1,1,1,4
2635,86.89903129657245,671,24,6,71,0.03576751117734724,82,10,1,1,2,2,2,5
2636,50.26709601873357,854,24,6,71,0.02810304449648712,82,10,1,2,1,1,2,9
2637,121.12075055187752,453,24,6,66,0.052980132450331126,82,7,1,1,1,2,2,5
2638,-14.199338168632744,1103,24,6,75,0.021758839528558477,82,5,1,1,2,1,1,5
2639,75.19267175572367,655,24,6,72,0.0366412213740458,82,5,1,1,1,1,3,4
2640,94.00501650164934,606,24,6,72,0.039603960396039604,82,8,1,1,1,1,1,8
2641,49.170619469025056,904,24,6,70,0.02654867256637168,82,13,1,2,3,2,2,9
2642,94.12408320493041,649,24,6,69,0.03697996918335902,82,11,1,1,3,1,2,9
2643,98.59923566878854,628,24,6,72,0.03821656050955414,82,11,1,1,2,2,1,10
2644,36.71001100109815,909,24,6,76,0.026402640264026403,82,9,1,1,1,1,4,5
2645,66.24404825737085,746,24,6,75,0.032171581769437,82,8,1,1,1,1,1,7
2646,32.43764262647806,929,24,6,73,0.02583423035522067,82,9,1,1,2,3,1,5
2647,93.73103059581514,621,24,6,69,0.03864734299516908,82,9,1,1,1,1,3,6
2648,85.13755158184486,727,24,6,76,0.033012379642365884,82,13,1,1,2,3,3,9
2649,27.434821802933023,954,24,6,73,0.025157232704402517,82,9,1,1,2,2,2,7
2650,55.845501355011876,738,24,6,75,0.032520325203252036,82,4,1,1,1,1,1,3
2651,50.56150668286608,823,24,6,72,0.02916160388821385,82,8,1,1,3,1,2,4
2652,15.11842519684897,1016,24,6,74,0.023622047244094488,82,9,1,1,3,1,2,4
2653,39.3135073779775,881,24,6,76,0.02724177071509648,82,8,1,1,1,2,1,5
2654,9.811729399794723,983,24,6,75,0.024415055951169887,82,5,1,1,1,3,1,2
2655,91.27084507042466,710,24,6,73,0.03380281690140845,82,14,1,1,3,2,4,9
2656,89.10503875968836,645,24,6,71,0.037209302325581395,82,9,1,1,1,1,2,8
2657,49.95682242990439,856,24,6,72,0.028037383177570093,82,10,1,2,1,3,1,6
2658,31.018459869846108,922,24,6,75,0.026030368763557483,82,8,1,1,2,1,2,4
2659,-12.680000000001758,1014,23,5,75,0.022682445759368838,82,8,1,1,1,1,2,8
2660,113.65157088122548,522,24,6,70,0.04597701149425287,82,9,1,1,1,2,2,7
2661,124.9432142857133,448,24,6,64,0.05357142857142857,82,8,1,1,1,1,1,9
2662,23.32416666666463,960,24,6,74,0.025,82,8,1,1,1,2,1,8
2663,76.3520745542936,617,24,6,67,0.03889789303079417,82,3,1,1,2,1,1,2
2664,99.6450165016523,606,24,6,68,0.039603960396039604,82,10,1,1,1,1,3,9
2665,56.65610340478996,793,24,6,73,0.03026481715006305,82,8,1,1,1,1,1,8
2666,37.62641443538811,859,24,6,75,0.027939464493597205,82,6,1,1,3,1,1,5
2667,65.3588888888872,720,24,6,74,0.03333333333333333,82,6,1,2,1,1,1,6
2668,127.85964360587039,477,24,6,61,0.050314465408805034,82,11,1,2,1,1,2,10
2669,103.53611295681081,602,24,6,69,0.03986710963455149,82,11,1,2,3,1,2,7
2670,44.74610340479037,793,24,6,74,0.03026481715006305,82,4,1,1,1,1,3,2
2671,-39.26000000000109,1071,23,5,73,0.021475256769374416,82,3,1,1,1,1,1,3
2672,-2.350000000000902,1006,23,5,72,0.02286282306163022,82,11,1,1,2,2,3,6
2673,126.29390243902348,410,24,6,61,0.05853658536585366,82,6,1,1,1,2,1,4
2674,97.43006802721223,588,24,6,70,0.04081632653061224,82,8,1,1,1,2,1,4
2675,46.23033694343965,831,24,6,75,0.02888086642599278,82,7,1,1,1,2,1,4
2676,-11.908424908426701,1092,24,6,76,0.02197802197802198,82,5,1,1,1,2,2,4
2677,35.50101010101063,990,24,6,76,0.024242424242424242,82,14,2,1,3,1,4,9
2678,109.65531249999886,512,24,6,70,0.046875,82,7,1,1,1,2,3,3
2679,55.062275132273385,756,24,6,73,0.031746031746031744,82,5,1,1,1,1,1,6
2680,71.05562814070238,796,24,6,73,0.03015075376884422,82,13,1,1,2,3,3,5
2681,95.60313213703088,613,24,6,72,0.03915171288743882,82,9,1,1,2,1,2,8
2682,105.43267822735949,519,24,6,72,0.046242774566473986,82,6,1,1,1,1,1,6
2683,67.05662756598082,682,24,6,75,0.03519061583577713,82,4,1,1,2,1,1,4
2684,70.77850415512393,722,24,6,72,0.0332409972299169,82,8,1,1,1,2,1,5
2685,104.60552875695612,539,24,6,74,0.04452690166975881,82,7,1,1,1,1,1,8
2686,-50.28000000000166,1157,23,5,75,0.019878997407087293,82,5,1,1,1,1,2,4
2687,102.70267822735967,519,24,6,75,0.046242774566473986,82,5,1,1,1,1,1,4
2688,133.15696682464494,422,24,6,64,0.05687203791469194,82,9,1,1,2,1,2,4
2689,79.00479876160836,646,24,6,61,0.03715170278637771,82,6,2,1,1,1,2,4
2690,29.33111111110916,900,24,6,74,0.02666666666666667,82,6,1,1,3,1,1,4
2691,22.857411385605033,931,24,6,71,0.02577873254564984,82,6,1,1,3,1,1,5
2692,99.84531249999962,512,24,6,61,0.046875,82,4,1,1,1,1,1,4
2693,113.79408163265207,490,24,6,67,0.04897959183673469,82,7,1,1,1,3,1,5
2694,166.82666666666728,240,24,6,65,0.1,82,8,1,2,1,2,1,5
2695,-38.64000000000189,1172,23,5,71,0.01962457337883959,82,10,1,1,1,1,4,8
2696,140.83954177897695,371,24,6,69,0.0646900269541779,82,8,1,1,1,3,1,5
2697,114.58379844961121,516,24,6,67,0.046511627906976744,82,9,1,1,1,1,1,10
2698,40.026009280740496,862,24,6,75,0.027842227378190254,82,7,1,1,1,1,2,7
2699,45.33976047903987,835,24,6,74,0.02874251497005988,82,7,1,1,1,1,1,5
2700,43.684810562569766,871,24,6,69,0.027554535017221583,82,9,2,1,3,1,2,6
2701,125.71052631578843,475,24,6,66,0.05052631578947368,82,10,1,1,1,1,3,6
2702,32.02668611435053,857,24,6,75,0.028004667444574097,82,4,1,1,1,1,1,5
2703,-6.479999999999334,1028,23,5,75,0.02237354085603113,82,11,1,1,1,1,2,10
2704,129.86752475247576,404,24,6,54,0.0594059405940594,82,7,1,1,2,1,2,4
2705,-41.19000000000173,1187,23,5,76,0.019376579612468407,82,10,1,1,1,1,3,8
2706,110.90636684303219,567,24,6,73,0.042328042328042326,82,11,1,1,2,2,3,8
2707,145.23089887640634,356,24,6,51,0.06741573033707865,82,9,1,1,1,2,2,8
2708,41.64135857460839,898,24,6,73,0.026726057906458798,82,10,1,1,2,1,3,6
2709,112.42607843137188,510,24,6,63,0.047058823529411764,82,8,1,1,2,2,2,6
2710,26.03405827263066,961,24,6,73,0.02497398543184183,82,9,1,1,1,1,2,9
2711,-9.990000000001833,1076,23,5,76,0.02137546468401487,82,13,2,1,1,3,2,10
2712,114.72097046413451,474,24,6,75,0.05063291139240506,82,6,1,1,2,1,2,5
2713,43.22820330969064,846,24,6,75,0.028368794326241134,82,7,1,1,2,2,1,6
2714,75.79337423312734,652,24,6,72,0.03680981595092025,82,5,1,1,1,1,3,3
2715,91.52822784810036,632,24,6,69,0.0379746835443038,82,9,1,1,2,1,2,6
2716,93.84315018314895,546,24,6,70,0.04395604395604396,82,4,1,1,1,1,1,4
2717,139.4158103975528,327,24,6,55,0.07339449541284404,82,5,2,1,1,1,1,4
2718,82.45128593040701,661,24,6,66,0.036308623298033284,82,8,2,1,1,1,1,6
2719,-12.489828674483292,1109,24,6,74,0.02164111812443643,82,6,1,1,1,2,1,4
2720,58.565313283206095,798,24,6,72,0.03007518796992481,82,9,1,1,1,1,2,9
2721,63.279198966406675,774,24,6,71,0.031007751937984496,82,9,1,1,1,1,1,10
2722,87.42662756598419,682,24,6,68,0.03519061583577713,82,11,1,1,2,1,2,10
2723,124.88921146953678,558,24,6,75,0.043010752688172046,82,15,2,1,1,3,4,10
2724,100.77018018017924,555,24,6,67,0.043243243243243246,82,7,1,1,1,1,1,5
2725,136.37809523809432,420,24,6,62,0.05714285714285714,82,10,1,2,1,1,1,10
2726,75.25265335235208,701,24,6,75,0.034236804564907276,82,8,1,1,1,1,4,6
2727,-31.280000000001923,1107,23,5,75,0.02077687443541102,82,8,1,1,1,1,2,7
2728,127.39075055187612,453,24,6,69,0.052980132450331126,82,9,1,1,1,1,3,8
2729,-16.892739965097856,1146,24,6,74,0.020942408376963352,82,7,1,1,1,3,1,5
2730,128.35242914979898,494,24,6,71,0.048582995951417005,82,12,1,1,1,1,4,10
2731,26.235820105818767,945,24,6,73,0.025396825396825397,82,8,1,1,1,1,4,5
2732,35.37325028312368,883,24,6,70,0.027180067950169876,82,7,1,2,1,3,1,5
2733,57.117370892016666,852,24,6,76,0.028169014084507043,82,12,2,1,2,2,4,7
2734,40.03239902080598,817,24,6,75,0.02937576499388005,82,4,2,1,1,1,1,4
2735,-2.704397705546695,1046,24,6,76,0.022944550669216062,82,5,1,1,1,1,1,6
2736,94.0283239171363,531,24,6,72,0.04519774011299435,82,3,1,1,1,2,1,3
2737,22.539206349206115,1008,24,6,72,0.023809523809523808,82,11,2,1,2,1,4,4
2738,91.14889087656402,559,24,6,69,0.04293381037567084,82,4,1,1,1,1,1,4
2739,76.05992503748013,667,24,6,75,0.035982008995502246,82,6,1,1,1,1,2,6
2740,-62.1700000000023,1291,23,5,74,0.017815646785437646,82,10,1,1,2,1,2,8
2741,119.4692050209215,478,24,6,70,0.0502092050209205,82,8,1,1,2,1,2,6
2742,11.92288065843437,972,24,6,74,0.024691358024691357,82,5,2,1,2,1,1,4
2743,111.84315018315095,546,24,6,70,0.04395604395604396,82,10,1,1,1,2,3,7
2744,12.034602510458443,956,24,6,73,0.02510460251046025,82,4,1,1,1,1,2,3
2745,79.1112903225793,620,24,6,71,0.03870967741935484,82,4,1,1,1,1,1,5
2746,59.65376237623695,808,24,6,73,0.0297029702970297,82,10,1,1,1,1,4,8
2747,16.80633911367802,1038,24,6,75,0.023121387283236993,82,11,1,1,2,1,2,10
2748,111.64321961620362,469,24,6,63,0.0511727078891258,82,5,1,1,1,1,2,3
2749,111.13691588784927,535,24,6,71,0.044859813084112146,82,9,1,2,1,1,2,5
2750,119.12964360587016,477,24,6,64,0.050314465408805034,82,8,1,1,2,1,2,4
2751,-22.860000000001833,1049,23,5,73,0.0219256434699714,82,7,1,1,1,1,3,5
2752,82.00103059581178,621,24,6,72,0.03864734299516908,82,5,1,1,1,3,1,3
2753,97.60583747926941,603,24,6,72,0.03980099502487562,82,9,1,1,2,3,2,4
2754,46.44641443538783,859,24,6,73,0.027939464493597205,82,9,1,1,1,2,2,4
2755,-32.00610738255238,1192,24,6,75,0.020134228187919462,82,5,1,2,2,1,1,3
2756,58.64594458438263,794,24,6,64,0.030226700251889168,82,9,1,1,2,1,2,5
2757,-4.570000000002037,1003,23,5,74,0.022931206380857428,82,10,1,1,1,3,2,4
2758,114.04181818181688,550,24,6,70,0.04363636363636364,82,11,1,2,3,2,2,6
2759,69.97227513227354,756,24,6,72,0.031746031746031744,82,10,1,1,3,2,2,6
2760,57.65936610607835,773,24,6,73,0.031047865459249677,82,7,1,1,1,1,4,3
2761,13.229009900988693,1010,24,6,73,0.023762376237623763,82,8,2,1,1,1,1,5
2762,50.76870012869823,777,24,6,72,0.03088803088803089,82,5,1,1,1,1,1,4
2763,36.35778563015124,849,24,6,72,0.028268551236749116,82,5,1,1,1,1,1,6
2764,82.53471780029005,691,24,6,67,0.03473227206946455,82,10,1,1,1,3,2,7
2765,95.2850387596884,645,24,6,73,0.037209302325581395,82,11,1,1,1,3,2,9
2766,13.325263157892886,950,24,6,74,0.02526315789473684,82,4,1,1,1,1,1,4
2767,48.031654501214746,822,24,6,75,0.029197080291970802,82,7,1,1,1,1,1,5
2768,122.49193857965695,521,24,6,66,0.046065259117082535,82,12,1,1,2,2,2,9
2769,109.3288908765642,559,24,6,71,0.04293381037567084,82,10,1,1,1,1,3,8
2770,114.66832391713753,531,24,6,68,0.04519774011299435,82,10,1,1,1,3,1,9
2771,42.74224938875117,818,24,6,74,0.029339853300733496,82,5,1,1,1,1,1,6
2772,62.068696255200095,721,24,6,73,0.033287101248266296,82,5,1,1,1,1,1,3
2773,155.65011204481922,357,24,6,69,0.06722689075630252,82,12,1,1,3,3,2,8
2774,-12.370000000002005,1012,23,5,74,0.022727272727272728,82,8,1,1,1,1,2,7
2775,156.62645569620312,316,24,6,55,0.0759493670886076,82,10,1,1,3,1,3,5
2776,23.92288065843429,972,24,6,74,0.024691358024691357,82,9,2,1,2,1,3,4
2777,62.55351134846279,749,24,6,74,0.03204272363150868,82,7,1,1,1,1,2,7
2778,16.903842159915055,963,24,6,76,0.024922118380062305,82,6,1,1,1,1,1,7
2779,39.31350737797746,881,24,6,76,0.02724177071509648,82,8,1,1,1,2,2,6
2780,63.27919896640639,774,24,6,71,0.031007751937984496,82,9,1,1,1,1,1,10
2781,85.98792899408232,676,24,6,72,0.03550295857988166,82,10,1,2,1,1,3,6
2782,69.95477088948644,742,24,6,74,0.03234501347708895,82,9,1,1,2,1,3,4
2783,30.03141987829486,986,24,6,73,0.02434077079107505,82,12,1,1,2,3,1,10
2784,50.96180267965727,821,24,6,72,0.029232643118148598,82,8,1,1,2,2,3,3
2785,-23.040000000000518,1064,23,5,71,0.021616541353383457,82,8,1,1,1,1,2,8
2786,72.7461988304077,684,24,6,76,0.03508771929824561,82,6,1,2,2,1,1,5
2787,10.301936799182627,981,24,6,76,0.024464831804281346,82,5,1,1,1,1,2,3
2788,61.11409221901856,694,24,6,69,0.0345821325648415,82,3,1,1,1,1,1,3
2789,48.06976047903987,835,24,6,71,0.02874251497005988,82,8,1,1,1,1,1,9
2790,34.05033694343981,831,24,6,73,0.02888086642599278,82,3,1,1,1,1,1,3
2791,124.03831050228307,438,24,6,65,0.0547945205479452,82,7,1,1,1,2,1,7
2792,26.052564102562656,975,24,6,71,0.024615384615384615,82,10,1,1,1,3,1,9
2793,157.88169014084642,355,24,6,56,0.0676056338028169,83,13,1,1,3,3,3,8
2794,-72.93472584856463,1532,24,6,76,0.015665796344647518,83,14,1,1,3,3,2,10
2795,48.524952766529886,741,24,6,67,0.032388663967611336,83,2,1,1,1,1,1,3
2796,101.34152658662032,583,24,6,69,0.0411663807890223,83,9,2,2,1,1,3,4
2797,-49.080000000001654,1121,23,5,75,0.020517395182872437,83,3,1,1,1,1,3,2
2798,107.0923376623369,616,24,6,73,0.03896103896103896,83,13,2,1,2,3,2,9
2799,20.71823182711028,1018,24,6,74,0.023575638506876228,83,11,1,1,3,1,3,5
2800,44.64351134846293,749,24,6,75,0.03204272363150868,83,1,1,1,1,1,1,2
2801,86.81243902438966,656,24,6,70,0.036585365853658534,83,9,2,1,1,1,3,4
2802,57.189198966406344,774,24,6,70,0.031007751937984496,83,7,1,1,2,2,1,5
2803,78.17698630137042,730,24,6,72,0.03287671232876712,83,11,2,1,1,2,3,7
2804,-0.39601503759588574,1064,24,6,75,0.022556390977443608,83,7,1,1,2,1,2,4
2805,72.43337423312724,652,24,6,68,0.03680981595092025,83,4,1,1,1,1,1,3
2806,48.64587485515432,863,24,6,73,0.027809965237543453,83,10,1,1,1,1,2,10
2807,62.35605442176696,735,24,6,74,0.0326530612244898,83,6,1,1,1,1,1,4
2808,101.92920473773384,591,24,6,60,0.04060913705583756,83,10,1,2,1,2,1,8
2809,114.38834061135285,458,24,6,69,0.05240174672489083,83,5,1,1,1,1,1,6
2810,-20.6599999999997,1068,23,5,73,0.02153558052434457,83,9,1,1,2,1,3,6
2811,154.13901734104098,346,24,6,61,0.06936416184971098,83,11,1,1,3,1,2,8
2812,92.11666666666527,600,24,6,71,0.04,83,7,1,1,1,2,1,6
2813,-31.039999999999687,1149,23,5,71,0.020017406440382943,83,11,1,1,2,2,2,9
2814,78.69992503747966,667,24,6,71,0.035982008995502246,83,7,1,1,1,1,1,4
2815,30.513636363634546,880,24,6,76,0.02727272727272727,83,5,1,1,1,1,3,3
2816,-18.48000000000174,1013,23,5,75,0.022704837117472853,83,6,1,2,1,1,1,5
2817,151.30700831024856,361,24,6,63,0.0664819944598338,83,11,1,1,1,3,3,6
2818,7.011832993888424,982,24,6,75,0.024439918533604887,83,4,1,1,1,1,1,3
2819,-18.240000000001714,1025,23,5,71,0.0224390243902439,83,7,1,1,1,1,1,8
2820,153.3067359050463,337,24,6,65,0.0712166172106825,83,10,1,1,3,1,2,8
2821,132.59413276231493,467,24,6,58,0.05139186295503212,83,12,1,1,3,1,4,6
2822,27.655042016805208,952,24,6,71,0.025210084033613446,83,9,1,1,3,1,2,5
2823,88.6626016260148,615,24,6,66,0.03902439024390244,83,7,1,1,1,2,1,5
2824,36.63834236186279,923,24,6,73,0.02600216684723727,83,10,1,1,1,1,4,7
2825,27.923412616338368,967,24,6,74,0.02481902792140641,83,10,2,1,1,1,2,9
2826,23.405238095235823,1050,24,6,75,0.022857142857142857,83,14,1,2,3,1,4,9
2827,31.824547537226067,873,24,6,75,0.027491408934707903,83,5,1,1,1,1,1,6
2828,15.943519668735123,966,24,6,72,0.024844720496894408,83,6,1,1,1,1,1,7
2829,125.8315708812258,522,24,6,72,0.04597701149425287,83,13,2,2,2,1,3,6
2830,120.60645021645135,462,24,6,47,0.05194805194805195,83,8,1,1,1,1,1,9
2831,92.7867398119141,638,24,6,63,0.03761755485893417,83,10,2,1,1,2,3,7
2832,-18.080000000001842,1011,23,5,75,0.02274975272007913,83,6,1,1,1,2,1,4
2833,93.08182130584056,582,24,6,75,0.041237113402061855,83,6,2,1,1,2,1,5
2834,41.46325028312405,883,24,6,71,0.027180067950169876,83,9,1,1,3,1,1,7
2835,60.15140604467621,761,24,6,74,0.03153745072273324,83,7,1,1,1,1,1,7
2836,22.747296137337177,932,24,6,72,0.02575107296137339,83,6,2,1,1,1,2,3
2837,67.44245033112456,755,24,6,75,0.031788079470198675,83,9,1,1,1,3,1,8
2838,51.44738853502989,785,24,6,64,0.030573248407643312,83,6,1,1,1,1,1,5
2839,117.8453125000015,512,24,6,61,0.046875,83,10,2,1,2,2,1,5
2840,128.43875621890578,402,24,6,67,0.05970149253731343,83,6,1,1,1,1,1,7
2841,70.60804097310962,781,24,6,68,0.030729833546734954,83,12,2,1,3,1,2,7
2842,52.635156445554955,799,24,6,75,0.030037546933667083,83,7,1,1,2,1,3,3
2843,53.93337868480825,882,24,6,74,0.027210884353741496,83,13,1,1,3,2,3,9
2844,46.378623962038226,843,24,6,70,0.028469750889679714,83,8,1,1,1,1,1,9
2845,105.97618556700938,485,24,6,69,0.049484536082474224,83,4,1,1,1,1,1,3
2846,-15.712357581071108,1141,24,6,76,0.021034180543382998,83,7,1,1,1,2,1,5
2847,23.721214574897402,988,24,6,74,0.024291497975708502,83,10,2,1,1,1,2,6
2848,97.92064846416245,586,24,6,71,0.040955631399317405,83,8,1,1,2,1,2,7
2849,96.86155088852996,619,24,6,66,0.03877221324717286,83,10,2,1,1,2,2,8
2850,142.57866348448732,419,24,6,62,0.057279236276849645,83,12,2,1,1,2,4,4
2851,58.10531799729179,739,24,6,69,0.03247631935047361,83,5,1,1,1,1,2,3
2852,32.729529025189635,913,24,6,74,0.02628696604600219,83,8,1,1,1,1,1,8
2853,5.808231827110065,1018,24,6,75,0.023575638506876228,83,6,1,1,1,1,2,3
2854,92.15313213703044,613,24,6,67,0.03915171288743882,83,8,1,1,1,1,1,7
2855,51.26574074073871,864,24,6,71,0.027777777777777776,83,11,2,1,1,3,2,8
2856,14.541214574896888,988,24,6,72,0.024291497975708502,83,7,1,1,1,1,1,8
2857,68.83717421124646,729,24,6,66,0.03292181069958848,83,8,1,1,1,1,4,4
2858,-54.790000000001825,1210,23,5,76,0.019008264462809916,83,7,1,1,1,1,1,8
2859,115.34455252918174,514,24,6,71,0.04669260700389105,83,9,1,2,1,1,2,8
2860,182.02553191489383,235,24,6,56,0.10212765957446808,83,13,1,1,2,2,4,9
2861,131.7987562189047,402,24,6,71,0.05970149253731343,83,7,1,1,1,1,4,3
2862,83.50552099533289,643,24,6,71,0.03732503888024884,83,7,2,1,1,1,2,4
2863,96.66949152542395,590,24,6,66,0.04067796610169491,83,8,1,1,1,1,1,7
2864,93.4983501683488,594,24,6,73,0.04040404040404041,83,7,2,1,1,1,1,7
2865,-18.43999999999873,1056,23,5,71,0.021780303030303032,83,9,1,1,1,1,4,6
2866,76.76155088852842,619,24,6,76,0.03877221324717286,83,3,1,1,1,1,2,2
2867,-0.46000000000142194,1012,23,5,73,0.022727272727272728,83,12,1,2,1,1,4,9
2868,117.72305019305132,518,24,6,73,0.04633204633204633,83,10,1,1,1,3,3,7
2869,75.68755158184233,727,24,6,71,0.033012379642365884,83,10,1,1,1,2,1,10
2870,32.152994350280636,885,24,6,72,0.02711864406779661,83,6,1,1,1,2,1,6
2871,53.757370892016674,852,24,6,72,0.028169014084507043,83,11,1,1,1,1,4,9
2872,-43.922898997689266,1297,24,6,76,0.018504240555127217,83,8,1,1,3,1,3,3
2873,99.96889087656396,559,24,6,67,0.04293381037567084,83,7,1,1,1,1,1,4
2874,-27.350000000001845,1086,23,5,72,0.02117863720073665,83,8,2,1,1,1,2,4
2875,120.4447417840367,426,24,6,65,0.056338028169014086,83,5,1,1,1,1,1,4
2876,-405.1676165802975,3088,24,6,76,0.007772020725388601,83,7,1,1,1,1,1,4
2877,119.67193857965563,521,24,6,68,0.046065259117082535,83,11,1,1,1,2,3,9
2878,3.695785440611129,1044,24,6,76,0.022988505747126436,83,7,2,1,2,1,2,3
2879,97.83873015872861,630,24,6,68,0.0380952380952381,83,11,1,1,1,1,4,9
2880,-9.44000000000068,1011,23,5,71,0.02274975272007913,83,9,1,1,3,3,2,3
2881,128.93246719160024,381,24,6,59,0.06299212598425197,83,5,1,2,2,1,1,3
2882,47.375207373269724,868,24,6,70,0.027649769585253458,83,10,1,1,2,1,4,6
2883,133.5502643171813,454,24,6,73,0.05286343612334802,83,11,1,1,1,2,4,7
2884,-34.37000000000176,1062,23,5,74,0.021657250470809793,83,4,2,1,1,1,1,3
2885,76.96450867051858,692,24,6,74,0.03468208092485549,83,8,1,1,1,1,2,8
2886,110.08482517482383,572,24,6,75,0.04195804195804196,83,11,1,1,2,3,2,7
2887,-51.12581602374133,1348,24,6,76,0.017804154302670624,83,9,2,1,2,1,2,3
2888,131.37920502092203,478,24,6,69,0.0502092050209205,83,12,1,1,3,2,3,5
2889,-73.48000000000218,1243,23,5,75,0.01850362027353178,83,3,1,2,2,1,1,2
2890,38.917233294254416,853,24,6,76,0.02813599062133646,83,6,1,1,1,3,1,4
2891,35.22286681715376,886,24,6,75,0.02708803611738149,83,7,1,1,2,2,1,4
2892,-5.603043478262965,1150,24,6,75,0.020869565217391306,83,11,1,1,1,2,4,4
2893,-18.840000000001993,1028,23,5,71,0.02237354085603113,83,7,1,1,1,1,1,6
2894,77.74204545454386,704,24,6,76,0.03409090909090909,83,9,1,1,1,2,3,3
2895,117.84584905660283,424,24,6,65,0.05660377358490566,83,4,1,1,1,1,2,4
2896,58.295313283207115,798,24,6,69,0.03007518796992481,83,9,1,1,2,2,2,7
2897,35.87638297872187,940,24,6,69,0.02553191489361702,83,11,1,1,2,1,4,8
2898,159.65624309392445,362,24,6,58,0.06629834254143646,83,14,1,1,1,3,4,10
2899,-31.29000000000199,1103,23,5,66,0.02085222121486854,83,8,2,1,1,1,3,5
2900,105.7328153564887,547,24,6,71,0.043875685557586835,83,8,1,1,2,1,1,8
2901,16.615374077974998,949,24,6,75,0.02528977871443625,83,5,1,1,2,1,1,3
2902,2.5126784059293783,1079,24,6,74,0.022242817423540315,83,9,2,1,3,1,2,6
2903,-8.880000000002006,1010,23,5,75,0.02277227722772277,83,9,1,1,2,1,1,9
2904,33.62185682326422,894,24,6,75,0.026845637583892617,83,7,1,1,1,2,1,6
2905,3.825969289825336,1042,24,6,73,0.023032629558541268,83,7,2,1,1,1,4,3
2906,61.237226463103276,786,24,6,75,0.030534351145038167,83,9,1,1,1,3,1,6
2907,-11.880000000002063,1025,23,5,75,0.0224390243902439,83,9,1,1,1,1,4,5
2908,76.06337423312729,652,24,6,75,0.03680981595092025,83,5,1,1,1,1,1,3
2909,-54.90758870384027,1381,24,6,74,0.017378711078928313,83,10,1,1,1,1,3,9
2910,88.93260162601588,615,24,6,69,0.03902439024390244,83,7,1,1,1,1,2,6
2911,-26.570000000001862,1038,23,5,74,0.022157996146435453,83,5,1,1,1,1,1,4
2912,159.2400330033018,303,24,6,55,0.07920792079207921,83,10,2,1,1,1,2,6
2913,2.6268054211018654,1033,24,6,73,0.023233301064859633,83,6,1,1,1,1,1,6
2914,147.86948881789073,313,24,6,51,0.07667731629392971,83,7,1,1,1,1,3,4
2915,52.752802124832336,753,24,6,74,0.03187250996015936,83,4,1,1,1,1,1,4
2916,91.40749262536728,678,24,6,70,0.035398230088495575,83,12,1,1,2,1,3,10
2917,40.62248593925611,889,24,6,75,0.02699662542182227,83,9,1,1,1,1,2,6
2918,20.161112234580134,989,24,6,70,0.024266936299292215,83,9,1,2,1,1,2,7
2919,78.4469863013694,730,24,6,75,0.03287671232876712,83,11,1,1,1,1,3,10
2920,-37.370000000000815,1152,23,5,74,0.019965277777777776,83,9,1,1,1,3,1,7
2921,97.1936111111101,576,24,6,74,0.041666666666666664,83,7,1,1,1,1,3,5
2922,20.518135426887813,1019,24,6,74,0.023552502453385672,83,11,1,1,1,1,4,9
2923,49.34738853502998,785,24,6,74,0.030573248407643312,83,5,1,1,1,1,1,4
2924,59.28089005235418,764,24,6,71,0.031413612565445025,83,7,1,1,1,1,2,7
2925,71.55908205841276,719,24,6,74,0.03337969401947149,83,8,1,2,2,1,2,4
2926,114.09786492374641,459,24,6,68,0.05228758169934641,83,5,1,1,1,1,1,6
2927,108.58960079840232,501,24,6,67,0.04790419161676647,83,6,1,1,1,1,3,5
2928,71.05804097311061,781,24,6,73,0.030729833546734954,83,12,1,2,3,3,1,5
2929,47.073456790121554,810,24,6,71,0.02962962962962963,83,6,2,1,1,1,1,5
2930,79.27388489208464,695,24,6,73,0.034532374100719423,83,9,2,1,1,1,2,7
2931,102.2647446457983,607,24,6,66,0.039538714991762765,83,11,1,1,2,1,4,5
2932,43.156279069765375,860,24,6,72,0.027906976744186046,83,8,1,1,1,1,1,6
2933,121.4041327623139,467,24,6,67,0.05139186295503212,83,8,1,1,2,2,2,5
2934,36.61482180293426,954,24,6,75,0.025157232704402517,83,12,1,1,1,3,4,7
2935,103.88202020201913,495,24,6,68,0.048484848484848485,83,4,1,1,1,1,3,3
2936,-15.17000000000207,1041,23,5,74,0.022094140249759846,83,9,1,1,2,1,2,8
2937,1.8992063492045936,1008,24,6,76,0.023809523809523808,83,4,1,1,1,1,1,3
2938,-202.5507389162542,2030,24,6,76,0.011822660098522168,83,4,1,1,1,1,1,3
2939,25.32362694300314,965,24,6,74,0.024870466321243522,83,9,1,1,1,1,2,9
2940,54.87044943820062,712,24,6,73,0.033707865168539325,83,2,1,1,1,1,1,3
2941,33.93402508551729,877,24,6,74,0.027366020524515394,83,6,1,1,1,1,1,5
2942,-38.08000000000193,1141,23,5,75,0.020157756354075372,83,8,1,1,1,2,2,4
2943,-17.71197183098772,1136,24,6,76,0.02112676056338028,83,6,1,1,1,1,1,5
2944,95.23835016834938,594,24,6,59,0.04040404040404041,83,8,2,1,1,1,2,6
2945,147.16248587570735,354,24,6,68,0.06779661016949153,83,9,1,1,2,1,3,5
2946,124.17040080160501,499,24,6,69,0.04809619238476954,83,11,1,1,1,2,4,5
2947,39.135473441106555,866,24,6,74,0.02771362586605081,83,7,1,1,1,2,3,4
2948,54.954770889486035,742,24,6,74,0.03234501347708895,83,4,1,1,2,1,1,4
2949,-52.790000000002145,1230,23,5,76,0.01869918699186992,83,9,1,1,1,1,2,9
2950,103.78583747926888,603,24,6,74,0.03980099502487562,83,11,1,1,1,3,2,9
2951,-16.08000000000191,1031,23,5,75,0.02230843840931135,83,8,1,1,2,1,2,5
2952,107.72685039369964,508,24,6,73,0.047244094488188976,83,6,1,1,1,1,1,7
2953,-23.871894273129605,1135,24,6,72,0.021145374449339206,83,4,1,1,1,1,1,4
2954,129.63097046413597,474,24,6,74,0.05063291139240506,83,11,1,1,3,2,4,6
2955,-6.769999999998994,1029,23,5,74,0.022351797862001945,83,11,1,2,1,2,3,6
2956,76.46037593984808,665,24,6,75,0.03609022556390978,83,6,1,1,1,1,1,4
2957,-43.41614475628016,1354,24,6,75,0.01772525849335303,83,12,2,1,2,3,1,9
2958,28.742354145340983,977,24,6,72,0.02456499488229273,83,11,1,1,1,1,4,6
2959,1.8992063492045723,1008,24,6,76,0.023809523809523808,83,4,1,1,1,1,1,4
2960,131.88509803921716,408,24,6,52,0.058823529411764705,83,8,1,2,1,1,1,8
2961,-42.44000000000206,1206,23,5,71,0.019071310116086235,83,11,1,1,3,3,1,5
2962,143.17069767441845,344,24,6,68,0.06976744186046512,83,7,2,1,1,1,1,3
2963,64.00285012285116,814,24,6,68,0.029484029484029485,83,12,1,1,1,3,3,8
2964,57.99513513513337,740,24,6,70,0.032432432432432434,83,5,1,1,1,1,2,4
2965,86.34948963317268,627,24,6,67,0.03827751196172249,83,7,1,1,1,1,1,7
2966,-14.680000000000772,1039,23,5,75,0.02213666987487969,83,9,1,1,1,2,4,4
2967,99.39699115044118,565,24,6,74,0.04247787610619469,83,7,1,1,2,1,2,6
2968,106.75723865877669,507,24,6,60,0.047337278106508875,83,6,2,1,1,1,2,4
2969,-28.37000000000172,1032,23,5,74,0.022286821705426358,83,4,1,1,1,1,1,3
2970,111.92342359767838,517,24,6,73,0.04642166344294004,83,8,1,1,1,2,3,5
2971,24.034602510458853,956,24,6,73,0.02510460251046025,83,8,1,1,1,1,2,6
2972,117.49960079840284,501,24,6,66,0.04790419161676647,83,9,2,2,2,2,1,6
2973,69.31326647564319,698,24,6,69,0.034383954154727794,83,6,1,1,1,1,1,6
2974,106.7566784452299,566,24,6,58,0.04240282685512368,83,10,1,1,1,1,2,10
2975,47.69642225031421,791,24,6,69,0.03034134007585335,83,5,1,1,1,1,1,6
2976,161.53248587570786,354,24,6,61,0.06779661016949153,83,14,2,1,3,1,4,9
2977,102.48949152542474,590,24,6,64,0.04067796610169491,83,10,2,1,3,2,2,6
2978,25.964166666664614,960,24,6,70,0.025,83,9,1,1,1,1,1,10
2979,-37.39000000000169,1093,23,5,76,0.021043000914913082,83,5,1,1,2,1,2,3
2980,37.044155251139586,876,24,6,73,0.0273972602739726,83,7,1,1,3,1,1,6
2981,96.4533102253019,577,24,6,68,0.0415944540727903,83,7,1,1,1,1,3,6
2982,163.63069767442084,344,24,6,62,0.06976744186046512,83,14,1,2,3,2,4,6
2983,-18.350000000001817,1011,23,5,72,0.02274975272007913,83,6,1,1,1,2,1,4
2984,117.37491803278581,488,24,6,69,0.04918032786885246,83,8,1,1,1,1,2,8
2985,59.66368983957054,748,24,6,73,0.03208556149732621,83,6,1,1,1,2,1,4
2986,-32.77000000000175,1084,23,5,74,0.021217712177121772,83,6,1,2,1,1,1,5
2987,88.23421602787326,574,24,6,70,0.041811846689895474,83,4,1,1,1,1,1,4
2988,89.22694490817887,599,24,6,70,0.04006677796327212,83,6,1,2,1,1,1,5
2989,50.75642564802006,733,24,6,74,0.03274215552523874,83,2,1,2,1,1,1,2
2990,78.0059854014582,685,24,6,70,0.035036496350364967,83,8,1,2,1,1,1,7
2991,105.03193857965334,521,24,6,72,0.046065259117082535,83,6,1,1,2,1,2,3
2992,115.48120724346013,497,24,6,68,0.0482897384305835,83,8,1,1,1,1,1,9
2993,2.62541984732699,1048,24,6,73,0.022900763358778626,83,7,1,1,1,1,4,3
2994,55.45285012284815,814,24,6,73,0.029484029484029485,83,9,1,2,1,1,1,5
2995,128.61421524663652,446,24,6,67,0.053811659192825115,83,9,1,2,1,1,4,4
2996,120.98248175182549,548,24,6,76,0.043795620437956206,83,13,1,1,1,3,4,9
2997,142.76752475247665,404,24,6,64,0.0594059405940594,83,11,1,2,3,1,2,5
2998,80.09492753623036,690,24,6,71,0.034782608695652174,83,9,1,1,1,3,1,4
2999,76.27388489208494,695,24,6,73,0.034532374100719423,83,8,1,1,2,1,3,5
3000,43.43499999999846,800,24,6,75,0.03,83,4,1,1,1,1,1,3
3001,44.537096018733344,854,24,6,74,0.02810304449648712,62,8,1,1,2,3,1,5
3002,19.71441647597095,874,24,6,76,0.02745995423340961,62,1,1,1,1,1,1,2
3003,49.65077294685829,828,24,6,73,0.028985507246376812,62,8,1,1,1,1,3,6
3004,0.9173709834452524,1027,24,6,74,0.023369036027263874,62,5,1,1,1,1,1,4
3005,47.31286681715464,886,24,6,76,0.02708803611738149,62,11,1,2,1,2,3,8
3006,91.00920473773128,591,24,6,72,0.04060913705583756,63,6,1,2,1,2,3,2
3007,90.31970059880386,668,24,6,69,0.03592814371257485,63,11,1,1,2,1,4,8
3008,12.611626016258414,984,24,6,75,0.024390243902439025,63,6,2,1,1,1,1,6
3009,-19.88000000000151,1050,23,5,75,0.021904761904761906,63,8,1,1,3,1,1,4
3010,98.78313213702982,613,24,6,74,0.03915171288743882,63,10,1,1,1,1,3,7
3011,52.0395336787547,772,24,6,75,0.031088082901554404,63,5,1,1,1,1,1,3
3012,44.14562814070175,796,24,6,74,0.03015075376884422,63,4,1,1,1,1,2,3
3013,82.7147178002886,691,24,6,69,0.03473227206946455,63,10,2,1,1,1,4,7
3014,20.42111111110939,900,24,6,75,0.02666666666666667,64,3,1,1,1,1,1,4
3015,113.27182130584396,582,24,6,66,0.041237113402061855,64,13,1,1,1,3,3,10
3016,72.94326647564313,698,24,6,76,0.034383954154727794,65,7,1,2,1,2,1,4
3017,44.54135922329899,824,24,6,74,0.02912621359223301,65,6,1,1,1,1,2,4
3018,85.18084507042377,710,24,6,72,0.03380281690140845,65,12,1,2,1,1,3,10
3019,103.87047619047497,525,24,6,68,0.045714285714285714,65,6,1,1,1,1,3,5
3020,132.00330900243426,411,24,6,60,0.058394160583941604,65,8,1,1,2,3,1,4
3021,-13.31258741258922,1144,24,6,76,0.02097902097902098,65,8,1,1,2,2,1,7
3022,27.037991360689198,926,24,6,73,0.02591792656587473,65,7,1,1,1,3,1,6
3023,22.905485232066464,948,24,6,76,0.02531645569620253,65,7,1,1,1,1,2,3
3024,43.072699386501114,815,24,6,71,0.029447852760736196,65,5,2,1,1,1,1,5
3025,47.62918951132142,839,24,6,75,0.028605482717520857,65,8,1,1,3,1,3,3
3026,74.75642564802214,733,24,6,74,0.03274215552523874,65,10,1,1,1,1,4,5
3027,-16.370000000001898,1002,23,5,74,0.022954091816367265,65,6,1,1,1,1,2,6
3028,74.18814814814654,675,24,6,72,0.035555555555555556,65,6,1,1,1,1,1,6
3029,23.704275286755003,959,24,6,76,0.02502606882168926,65,8,1,1,1,1,2,7
3030,56.02876484560471,842,24,6,75,0.028503562945368172,65,11,1,1,1,2,4,6
3031,2.907950747579129,1137,24,6,74,0.021108179419525065,65,13,1,1,2,1,4,10
3032,93.37999999999947,625,24,6,74,0.0384,65,9,1,1,1,3,1,4
3033,66.25265335235213,701,24,6,75,0.034236804564907276,66,5,1,2,1,1,2,4
3034,171.34650406504025,246,24,6,62,0.0975609756097561,74,10,1,1,3,2,2,7
3035,28.126837606835664,936,24,6,74,0.02564102564102564,76,8,1,1,1,3,1,7
3036,27.92672358591055,937,24,6,74,0.025613660618996798,76,8,1,1,1,1,2,5
3037,30.858577633007773,921,24,6,71,0.026058631921824105,76,8,1,1,2,2,2,3
3038,-6.199747292420756,1108,24,6,75,0.021660649819494584,76,8,1,1,1,1,2,7
3039,74.84306151645063,699,24,6,66,0.034334763948497854,76,8,1,2,1,2,2,4
3040,-24.57000000000189,1028,23,5,74,0.02237354085603113,76,5,1,1,1,1,1,5
3041,95.88152658661959,583,24,6,75,0.0411663807890223,76,7,1,1,1,1,1,8
3042,80.08128593040692,661,24,6,73,0.036308623298033284,76,7,1,1,2,1,2,5
3043,58.50297872340262,752,24,6,69,0.031914893617021274,76,6,1,1,1,1,3,3
3044,46.71061946902678,904,24,6,76,0.02654867256637168,76,12,1,1,3,1,3,9
3045,4.700603621728561,994,24,6,76,0.02414486921529175,76,4,2,1,1,1,1,3
3046,32.55325028312473,883,24,6,72,0.027180067950169876,76,6,1,1,1,1,2,3
3047,83.081285930407,661,24,6,73,0.036308623298033284,76,8,1,1,1,1,4,3
3048,13.922354145341021,977,24,6,74,0.02456499488229273,76,6,1,1,1,1,1,4
3049,31.620619469024533,904,24,6,75,0.02654867256637168,76,7,1,1,1,3,1,6
3050,59.57534025374929,867,24,6,70,0.02768166089965398,76,14,2,1,3,2,3,6
3051,76.76124293785365,708,24,6,74,0.03389830508474576,76,9,1,1,1,1,2,7
3052,-21.910071942447665,1112,24,6,76,0.02158273381294964,76,3,1,1,1,1,2,3
3053,35.28325028312375,883,24,6,69,0.027180067950169876,76,7,1,1,1,2,2,5
3054,108.767728706627,634,24,6,65,0.03785488958990536,76,15,1,2,2,2,4,10
3055,143.84246719160046,381,24,6,58,0.06299212598425197,76,10,1,1,1,2,2,9
3056,107.13645021644925,462,24,6,64,0.05194805194805195,76,3,1,1,3,1,1,2
3057,27.45210012209853,819,24,6,73,0.029304029304029304,76,0,1,1,1,1,1,1
3058,73.90128593040691,661,24,6,71,0.036308623298033284,76,5,1,1,1,2,1,5
3059,-33.07999999999943,1191,23,5,75,0.019311502938706968,76,13,2,2,3,1,1,10
3060,53.3613592232989,824,24,6,72,0.02912621359223301,76,9,1,2,1,1,1,9
3061,96.95155088853068,619,24,6,67,0.03877221324717286,76,10,1,2,1,3,1,8
3062,166.7154820936653,363,24,6,72,0.06611570247933884,76,16,2,1,3,2,4,10
3063,50.74376237623597,808,24,6,74,0.0297029702970297,76,7,1,1,1,2,3,3
3064,-21.69967871485971,1245,24,6,74,0.01927710843373494,76,12,1,1,3,3,3,6
3065,-42.590000000001844,1149,23,5,76,0.020017406440382943,76,7,1,1,1,1,1,8
3066,106.22413276231163,467,24,6,65,0.05139186295503212,76,3,1,1,1,1,1,3
3067,102.97903591682295,529,24,6,67,0.045368620037807186,76,6,1,1,1,3,1,3
3068,-11.689999999999301,1005,23,5,66,0.022885572139303482,76,8,1,1,2,1,2,7
3069,68.17605442176696,735,24,6,72,0.0326530612244898,76,8,1,1,1,1,3,7
3070,146.29954177897503,371,24,6,63,0.0646900269541779,76,10,1,2,3,1,1,6
3071,-24.55000000000194,1087,23,5,72,0.021159153633854646,76,9,1,1,1,1,3,8
3072,96.82920473773127,591,24,6,70,0.04060913705583756,76,8,1,1,1,1,1,9
3073,25.837296137337695,932,24,6,73,0.02575107296137339,76,7,1,2,1,1,1,4
3074,69.3304494382005,712,24,6,67,0.033707865168539325,76,7,1,1,1,1,2,7
3075,19.035152471081155,951,24,6,73,0.025236593059936908,76,6,1,1,1,1,2,4
3076,12.526496272628707,939,24,6,74,0.025559105431309903,76,3,1,1,1,1,1,3
3077,98.63182130584124,582,24,6,70,0.041237113402061855,76,8,1,1,1,3,2,4
3078,111.0369911504421,565,24,6,70,0.04247787610619469,76,11,2,1,1,1,3,7
3079,103.38985611510691,556,24,6,65,0.04316546762589928,76,8,1,2,1,1,2,5
3080,3.229999999998224,1000,24,6,73,0.024,76,4,1,1,1,1,1,5
3081,22.305152471081144,951,24,6,76,0.025236593059936908,76,7,1,1,1,1,1,5
3082,137.10154518950372,343,24,6,65,0.06997084548104957,76,5,1,1,1,1,3,4
3083,75.67025245441647,713,24,6,73,0.033660589060308554,76,9,1,1,3,1,2,6
3084,-73.79000000000217,1245,23,5,76,0.018473895582329317,76,3,1,1,1,1,2,2
3085,103.69903591682302,529,24,6,75,0.045368620037807186,76,6,1,1,2,2,1,3
3086,8.898231827110568,1018,24,6,76,0.023575638506876228,76,7,1,1,1,1,2,7
3087,-11.390000000001848,1038,23,5,76,0.022157996146435453,77,10,2,1,2,3,2,5
3088,108.91281535648875,547,24,6,73,0.043875685557586835,77,9,1,1,3,1,2,5
3089,61.14970168612202,771,24,6,74,0.0311284046692607,77,8,1,1,2,2,1,7
3090,73.99888888888738,720,24,6,70,0.03333333333333333,77,9,1,1,1,3,3,3
3091,17.531234705226264,899,24,6,74,0.026696329254727477,77,2,1,1,1,1,1,2
3092,55.66668611435026,857,24,6,71,0.028004667444574097,77,12,1,1,2,3,2,9
3093,37.54285012284841,814,24,6,74,0.029484029484029485,77,3,1,1,1,1,1,3
3094,35.13682242990464,856,24,6,74,0.028037383177570093,77,5,1,1,1,1,1,3
3095,37.95481056256974,871,24,6,72,0.027554535017221583,77,7,1,1,1,3,1,4
3096,65.73285714285544,700,24,6,67,0.03428571428571429,77,5,1,1,2,1,1,3
3097,-10.509090909092734,1100,24,6,76,0.02181818181818182,77,6,1,1,1,1,1,6
3098,13.815485232065718,948,24,6,75,0.02531645569620253,77,4,1,1,1,1,2,4
3099,11.234166666664834,960,24,6,73,0.025,77,4,1,1,1,1,1,3
3100,104.10115942029122,552,24,6,64,0.043478260869565216,77,8,1,2,1,2,3,4
3101,108.27305019304906,518,24,6,68,0.04633204633204633,77,7,1,1,1,1,1,6
3102,36.265740740739425,864,24,6,71,0.027777777777777776,78,6,1,1,1,1,2,5
3103,87.75129032257914,620,24,6,67,0.03870967741935484,78,7,1,1,1,3,1,4
3104,72.42082956259269,663,24,6,59,0.03619909502262444,78,5,2,1,2,1,1,2
3105,108.45880715705658,503,24,6,70,0.04771371769383698,78,6,1,1,1,1,1,5
3106,35.54121457489726,988,24,6,72,0.024291497975708502,78,14,2,2,2,1,4,9
3107,138.9125252525259,396,24,6,70,0.06060606060606061,78,9,1,1,1,2,2,8
3108,38.13286681715395,886,24,6,74,0.02708803611738149,78,8,1,1,1,2,4,5
3109,61.01531799729192,739,24,6,68,0.03247631935047361,78,6,1,1,1,1,1,7
3110,125.39390243902345,410,24,6,51,0.05853658536585366,78,6,1,1,1,1,4,3
3111,14.538231827109959,1018,24,6,72,0.023575638506876228,78,9,1,1,1,2,3,7
3112,-12.60228070175598,1140,24,6,75,0.021052631578947368,78,8,1,1,1,1,2,8
3113,73.9614427156987,707,24,6,74,0.033946251768033946,78,8,1,2,1,2,2,4
3114,-33.68000000000167,1104,23,5,75,0.020833333333333332,78,7,2,1,2,1,1,6
3115,57.929366106078334,773,24,6,76,0.031047865459249677,78,7,1,1,2,1,1,4
3116,92.91366612111152,611,24,6,71,0.03927986906710311,78,8,1,2,1,1,3,5
3117,132.5141920374719,427,24,6,68,0.05620608899297424,78,9,1,1,1,2,2,7
3118,117.06929824561458,456,24,6,61,0.05263157894736842,78,6,2,1,1,2,1,5
3119,96.00778523489791,596,24,6,72,0.040268456375838924,78,8,2,1,1,1,1,8
3120,-11.460000000001783,1022,23,5,73,0.022504892367906065,78,9,1,1,3,2,3,5
3121,56.959470013945264,717,24,6,74,0.03347280334728033,78,3,1,1,1,1,1,3
3122,98.81182130584057,582,24,6,72,0.041237113402061855,78,8,1,1,1,1,2,7
3123,-21.4933448873502,1154,24,6,74,0.02079722703639515,78,6,1,1,1,1,3,4
3124,69.48290519877523,654,24,6,73,0.03669724770642202,78,3,1,1,1,1,1,3
3125,48.654533001243365,803,24,6,73,0.029887920298879204,78,6,1,1,2,1,1,3
3126,-51.37000000000151,1117,23,5,74,0.020590868397493287,78,2,1,1,1,1,1,2
3127,99.242149362476,549,24,6,70,0.04371584699453552,78,6,1,1,1,1,2,3
3128,69.96432098765284,648,24,6,65,0.037037037037037035,78,3,1,1,1,1,1,4
3129,55.32568521031029,737,24,6,67,0.032564450474898234,78,4,1,1,3,1,1,3
3130,72.90360983102765,651,24,6,71,0.03686635944700461,78,4,1,1,1,1,1,4
3131,31.686822429904694,856,24,6,69,0.028037383177570093,78,4,2,1,1,1,1,3
3132,115.57120724346176,497,24,6,69,0.0482897384305835,78,8,1,1,2,2,1,7
3133,36.23471204188346,955,24,6,73,0.025130890052356022,78,12,1,1,3,1,2,10
3134,12.816609808100827,938,24,6,75,0.0255863539445629,78,3,1,1,1,1,1,3
3135,81.48290519877553,654,24,6,73,0.03669724770642202,78,7,1,1,1,1,2,4
3136,6.81020040079979,998,24,6,75,0.02404809619238477,78,5,1,1,1,2,2,4
3137,39.874843945066814,801,24,6,71,0.0299625468164794,78,3,1,1,1,1,1,3
3138,104.51050541516116,554,24,6,73,0.04332129963898917,78,8,1,1,1,1,1,8
3139,116.5060784313714,510,24,6,75,0.047058823529411764,78,9,1,2,1,1,2,4
3140,-7.601504424780472,1130,24,6,75,0.021238938053097345,78,9,1,1,2,1,1,8
3141,-48.11856677524639,1228,24,6,76,0.019543973941368076,78,2,1,1,1,1,1,2
3142,110.02484288354776,541,24,6,72,0.04436229205175601,78,9,1,1,1,1,4,6
3143,-15.990000000001851,1016,23,5,76,0.022637795275590553,78,7,1,1,2,1,1,6
3144,110.03413276231163,467,24,6,74,0.05139186295503212,78,4,1,1,1,1,1,4
3145,66.75458950201707,743,24,6,74,0.03230148048452221,78,8,1,1,2,1,2,6
3146,35.42904761904584,840,24,6,75,0.02857142857142857,78,4,1,1,2,1,2,3
3147,40.82261261261049,888,24,6,75,0.02702702702702703,78,9,2,1,1,2,2,6
3148,69.10440860214976,744,24,6,69,0.03225806451612903,78,9,1,1,1,1,2,7
3149,67.42771048744304,677,24,6,68,0.03545051698670606,78,4,1,1,1,1,1,4
3150,50.629032258062644,775,24,6,66,0.03096774193548387,78,5,1,1,1,2,1,4
3151,96.37501650164909,606,24,6,65,0.039603960396039604,78,9,1,1,1,3,3,6
3152,86.105038759689,645,24,6,71,0.037209302325581395,78,8,1,1,2,2,1,5
3153,99.91281535648874,547,24,6,73,0.043875685557586835,78,6,1,1,1,1,1,4
3154,-20.570000000002086,1083,23,5,74,0.02123730378578024,78,10,2,2,1,1,1,9
3155,86.51313213702952,613,24,6,71,0.03915171288743882,78,6,1,1,1,1,2,3
3156,76.16367816091801,696,24,6,74,0.034482758620689655,78,8,1,1,1,3,3,3
3157,45.92224938875227,818,24,6,76,0.029339853300733496,78,6,1,1,1,1,2,5
3158,-17.39000000000179,1023,23,5,76,0.022482893450635387,78,7,1,1,1,1,1,7
3159,64.2449527665299,741,24,6,75,0.032388663967611336,78,7,1,1,3,1,1,5
3160,91.37384615384467,650,24,6,74,0.036923076923076927,78,10,1,1,2,1,2,6
3161,-9.680000000001993,1014,23,5,75,0.022682445759368838,78,9,1,1,1,3,3,6
3162,91.47129032257924,620,24,6,75,0.03870967741935484,78,8,1,1,2,1,3,5
3163,15.618225108223303,924,24,6,75,0.025974025974025976,78,3,1,1,2,1,1,2
3164,60.56690355329779,788,24,6,72,0.030456852791878174,78,9,1,1,2,1,4,3
3165,93.18925373134438,670,24,6,72,0.03582089552238806,78,12,1,1,3,1,4,8
3166,118.74064846416613,586,24,6,69,0.040955631399317405,78,15,2,1,2,3,3,10
3167,-4.750000000001629,1033,23,5,72,0.022265246853823813,78,12,1,1,1,2,3,10
3168,127.08505376344183,465,24,6,59,0.05161290322580645,78,10,1,1,1,1,2,6
3169,21.733895216399333,878,24,6,74,0.02733485193621868,78,2,1,1,1,1,1,3
3170,67.36084507042084,710,24,6,74,0.03380281690140845,78,6,1,1,1,1,1,7
3171,60.92690355329786,788,24,6,76,0.030456852791878174,78,9,1,1,1,2,1,9
3172,60.99793103448101,725,24,6,70,0.03310344827586207,78,5,1,1,1,1,1,4
3173,62.48642564802007,733,24,6,71,0.03274215552523874,78,6,1,1,1,1,2,4
3174,62.77661202185652,732,24,6,72,0.03278688524590164,78,6,1,1,1,1,3,3
3175,-10.350000000001973,1016,23,5,72,0.022637795275590553,78,9,1,1,1,3,1,8
3176,108.13366598777894,491,24,6,73,0.048879837067209775,78,5,1,1,2,1,1,4
3177,65.15586956521572,736,24,6,74,0.03260869565217391,78,7,2,1,1,1,1,7
3178,28.54384215991537,963,24,6,72,0.024922118380062305,78,10,1,1,1,2,4,5
3179,36.31961722487855,836,24,6,76,0.028708133971291867,79,4,1,1,1,1,1,5
3180,37.716414435388,859,24,6,76,0.027939464493597205,79,6,1,1,1,3,1,4
3181,81.5967398119108,638,24,6,72,0.03761755485893417,79,6,1,1,2,1,2,5
3182,-16.37000000000119,1047,23,5,74,0.021967526265520534,79,9,1,1,1,1,2,7
3183,100.84120724345966,497,24,6,72,0.0482897384305835,79,3,1,1,1,2,1,2
3184,78.23210039630099,757,24,6,66,0.031704095112285335,79,13,1,1,3,1,4,9
3185,57.3599040767398,834,24,6,72,0.02877697841726619,79,11,1,2,2,2,2,8
3186,21.528225108223285,924,24,6,74,0.025974025974025976,79,5,1,1,1,1,2,5
3187,52.53641443538887,859,24,6,74,0.027939464493597205,79,11,1,1,3,1,2,9
3188,64.07367816091786,696,24,6,73,0.034482758620689655,79,4,1,1,1,1,1,3
3189,5.006432015427281,1037,24,6,75,0.023143683702989394,79,7,1,1,1,1,1,8
3190,52.91454753722584,873,24,6,76,0.027491408934707903,79,12,1,1,1,2,3,10
3191,27.676837606835594,936,24,6,69,0.02564102564102564,79,8,1,1,1,1,2,5
3192,146.1223976608188,342,24,6,63,0.07017543859649122,79,8,1,1,2,1,3,5
3193,-13.3125874125886,1144,24,6,76,0.02097902097902098,79,8,1,1,2,1,2,7
3194,115.7601140684414,526,24,6,69,0.045627376425855515,79,10,1,1,1,1,4,8
3195,69.50477088948608,742,24,6,69,0.03234501347708895,79,9,1,2,1,3,2,4
3196,-24.660000000001965,1103,23,5,73,0.02085222121486854,79,10,2,1,2,1,2,5
3197,148.5866666666663,375,24,6,64,0.064,79,11,1,1,1,3,2,9
3198,68.13037809647824,767,24,6,76,0.03129074315514994,79,10,1,1,2,1,4,4
3199,76.45388489208467,695,24,6,75,0.034532374100719423,79,8,1,1,3,1,1,7
3200,33.15363636363453,880,24,6,72,0.02727272727272727,79,6,1,1,1,1,2,4
3201,32.636044538704716,943,24,6,73,0.02545068928950159,79,10,1,1,1,1,4,8
3202,66.24404825737194,746,24,6,75,0.032171581769437,79,8,1,1,3,2,1,4
3203,36.55389521639981,878,24,6,72,0.02733485193621868,79,7,1,1,2,1,1,7
3204,43.15627906976536,860,24,6,72,0.027906976744186046,79,8,1,1,1,1,3,7
3205,99.87051364366029,623,24,6,75,0.038523274478330656,79,11,1,1,3,3,1,5
3206,-36.79000000000161,1090,23,5,76,0.02110091743119266,79,5,1,1,1,1,1,5
3207,64.86850415512423,722,24,6,73,0.0332409972299169,79,6,1,1,1,1,1,5
3208,64.94642564802054,733,24,6,65,0.03274215552523874,79,7,1,1,1,1,2,7
3209,-21.680000000002043,1074,23,5,75,0.021415270018621976,79,9,1,1,1,1,2,7
3210,132.26937655860308,401,24,6,74,0.059850374064837904,79,7,2,1,2,1,2,4
3211,67.1606469760883,711,24,6,74,0.03375527426160337,79,6,1,1,2,1,2,4
3212,41.68961722487849,836,24,6,69,0.028708133971291867,79,6,1,1,1,1,2,6
3213,-9.240000000001437,1010,23,5,71,0.02277227722772277,79,9,1,1,1,3,1,6
3214,-24.660000000001418,1073,23,5,73,0.021435228331780055,79,8,1,1,1,2,2,4
3215,185.05454545454538,220,24,6,56,0.10909090909090909,79,13,1,1,2,2,4,9
3216,84.43698587127002,637,24,6,68,0.03767660910518053,79,7,1,1,1,1,3,3
3217,41.51904761904619,840,24,6,76,0.02857142857142857,79,6,1,1,1,1,2,3
3218,30.84600928074066,862,24,6,73,0.027842227378190254,79,4,1,1,1,1,1,4
3219,51.44269938650129,815,24,6,64,0.029447852760736196,79,8,1,1,2,1,1,8
3220,69.92037593984804,665,24,6,69,0.03609022556390978,79,4,1,1,1,1,1,3
3221,126.19491803278632,488,24,6,67,0.04918032786885246,79,11,1,1,1,2,3,5
3222,19.120401606424387,996,24,6,74,0.024096385542168676,79,9,1,1,1,3,1,8
3223,41.24904761904641,840,24,6,73,0.02857142857142857,79,6,1,1,1,2,2,4
3224,46.56729613734006,932,24,6,70,0.02575107296137339,79,14,2,1,1,3,3,10
3225,-21.260000000001583,1011,23,5,73,0.02274975272007913,79,5,1,1,1,1,1,6
3226,125.79646365422342,509,24,6,76,0.047151277013752456,79,12,2,1,2,2,3,6
3227,125.24213075060509,413,24,6,56,0.05811138014527845,79,6,1,1,2,1,1,6
3228,-121.93964996982767,1657,24,6,76,0.01448400724200362,79,6,1,1,1,1,1,7
3229,128.02866348448595,419,24,6,67,0.057279236276849645,79,7,1,1,3,1,2,5
3230,24.418108108106296,925,24,6,75,0.025945945945945945,79,6,1,1,1,1,2,6
3231,-47.17000000000115,1231,23,5,74,0.01868399675060926,79,11,2,1,1,1,3,9
3232,103.10342359767779,517,24,6,75,0.04642166344294004,79,5,1,1,1,1,3,3
3233,45.51976047903991,835,24,6,76,0.02874251497005988,79,7,1,1,1,2,2,6
3234,90.93528925619697,605,24,6,69,0.03966942148760331,79,7,1,1,1,1,3,6
3235,14.304058272630837,961,24,6,76,0.02497398543184183,79,5,1,1,1,1,1,6
3236,159.8163003663012,273,24,6,61,0.08791208791208792,79,8,1,1,2,3,1,6
3237,93.21290519877591,654,24,6,70,0.03669724770642202,79,11,2,1,1,2,4,7
3238,-107.88000000000302,1535,23,5,75,0.01498371335504886,79,11,1,1,1,1,3,10
3239,-38.68000000000188,1159,23,5,75,0.01984469370146678,79,9,1,2,1,2,2,7
3240,122.20120724346118,497,24,6,76,0.0482897384305835,79,10,1,1,1,1,3,7
3241,57.534999999998085,800,24,6,65,0.03,79,9,1,1,3,2,1,7
3242,48.94468827929984,802,24,6,74,0.029925187032418952,79,6,1,1,1,1,4,3
3243,15.816609808100546,938,24,6,75,0.0255863539445629,79,4,1,1,1,1,1,3
3244,61.3928021248353,753,24,6,70,0.03187250996015936,79,7,1,1,2,1,1,4
3245,44.195207373272034,868,24,6,68,0.027649769585253458,79,9,2,1,3,2,1,3
3246,53.47853470436824,778,24,6,71,0.030848329048843187,79,6,1,1,1,1,1,5
3247,72.41477088948888,742,24,6,68,0.03234501347708895,79,10,1,1,2,1,3,6
3248,-50.460000000002,1187,23,5,73,0.019376579612468407,79,7,1,1,2,1,2,6
3249,85.07474464579768,607,24,6,75,0.039538714991762765,79,5,1,1,1,1,2,3
3250,19.148695652172123,920,24,6,72,0.02608695652173913,79,4,1,2,1,2,1,2
3251,38.74376237623586,808,24,6,74,0.0297029702970297,79,3,1,1,1,1,1,3
3252,144.18328611898022,353,24,6,66,0.0679886685552408,79,8,1,2,1,1,2,4
3253,-20.89638795986827,1196,24,6,74,0.020066889632107024,79,9,1,1,1,1,2,8
3254,42.31961722487951,836,24,6,76,0.028708133971291867,79,6,1,1,1,1,2,4
3255,86.21174506828368,659,24,6,70,0.036418816388467376,79,9,1,1,1,1,1,10
3256,48.85019230769047,832,24,6,73,0.028846153846153848,79,8,1,1,1,1,1,9
3257,-17.59000000000168,1069,23,5,76,0.021515434985968196,79,10,1,1,3,1,1,6
3258,96.91281535648866,547,24,6,73,0.043875685557586835,79,5,1,1,1,1,1,4
3259,65.25345679012162,810,24,6,73,0.02962962962962963,79,12,1,1,1,3,3,6
3260,-24.57000000000168,1043,23,5,74,0.02205177372962608,79,6,2,1,1,1,1,5
3261,161.7873584905662,265,24,6,65,0.09056603773584905,79,8,1,1,1,1,1,9
3262,101.16152658662145,583,24,6,67,0.0411663807890223,79,9,1,1,1,1,2,7
3263,36.79627906976546,860,24,6,68,0.027906976744186046,79,6,1,1,1,1,1,3
3264,104.0063668430326,567,24,6,63,0.042328042328042326,79,9,1,1,1,1,3,5
3265,90.7189189189176,592,24,6,71,0.04054054054054054,79,6,2,1,1,1,2,3
3266,-67.63999999999965,1287,23,5,71,0.017871017871017872,79,8,1,1,2,1,1,5
3267,8.099304865936466,1007,24,6,76,0.023833167825223437,79,6,1,1,1,1,1,7
3268,140.68027027026966,370,24,6,65,0.06486486486486487,79,8,1,1,3,1,1,4
3269,83.20260162601478,615,24,6,72,0.03902439024390244,79,5,1,1,2,1,2,2
3270,41.164275286758205,959,24,6,70,0.02502606882168926,79,14,2,1,3,1,4,6
3271,-33.480000000001795,1073,23,5,75,0.021435228331780055,79,5,1,1,1,1,3,4
3272,58.947877237849724,782,24,6,74,0.030690537084398978,79,8,1,1,1,2,3,5
3273,36.02947431302085,837,24,6,75,0.02867383512544803,79,4,1,1,1,1,2,3
3274,20.631214574898163,988,24,6,73,0.024291497975708502,79,9,1,1,3,1,3,6
3275,2.4980392156845195,1020,24,6,76,0.023529411764705882,79,5,1,1,1,1,1,6
3276,-24.860000000001772,1059,23,5,73,0.021718602455146365,79,7,2,1,1,1,3,3
3277,103.25452006980746,573,24,6,68,0.041884816753926704,79,9,1,1,1,2,1,8
3278,149.4967359050453,337,24,6,56,0.0712166172106825,79,9,1,1,2,3,1,4
3279,57.19755102040882,784,24,6,59,0.030612244897959183,79,8,1,2,1,1,2,5
3280,102.2239130434776,575,24,6,61,0.04173913043478261,79,9,2,2,1,2,2,5
3281,43.716414435388,859,24,6,76,0.027939464493597205,79,8,1,1,1,1,2,7
3282,-4.7500000000011315,1003,23,5,72,0.022931206380857428,79,10,1,2,1,1,3,6
3283,82.59432098765278,648,24,6,72,0.037037037037037035,79,7,1,1,2,1,2,4
3284,43.04415525113969,876,24,6,73,0.0273972602739726,79,9,1,2,2,1,1,7
3285,93.89452006980733,573,24,6,64,0.041884816753926704,79,6,1,1,1,1,1,7
3286,121.57746887966826,482,24,6,69,0.04979253112033195,79,9,1,1,1,1,1,10
3287,80.50552099533297,643,24,6,71,0.03732503888024884,79,6,1,1,1,2,2,3
3288,-107.33861264579821,1629,24,6,76,0.014732965009208104,79,9,1,1,3,2,2,4
3289,87.73717421125053,729,24,6,76,0.03292181069958848,79,14,1,2,3,1,3,10
3290,78.96297872340547,752,24,6,63,0.031914893617021274,79,13,1,1,2,2,2,10
3291,119.75920318725186,502,24,6,60,0.04780876494023904,79,10,1,2,1,1,2,6
3292,1.4047867298558696,1055,24,6,75,0.022748815165876776,79,7,1,1,3,1,2,3
3293,-5.800793933989507,1121,24,6,75,0.021409455842997322,79,9,1,1,1,1,1,10
3294,99.92361111110992,576,24,6,71,0.041666666666666664,79,8,1,1,3,1,4,4
3295,-90.08000000000209,1341,23,5,75,0.01715137956748695,79,4,1,1,1,1,1,4
3296,41.316822429904505,856,24,6,76,0.028037383177570093,79,7,1,1,1,1,1,8
3297,-4.17000000000199,1001,23,5,74,0.022977022977022976,79,10,1,1,1,3,2,8
3298,73.8643209876528,648,24,6,75,0.037037037037037035,79,4,1,1,1,1,1,3
3299,10.7551474785897,1051,24,6,70,0.022835394862036156,79,10,1,1,2,1,2,9
3300,-16.711582670205107,1131,24,6,76,0.021220159151193633,79,6,1,1,3,2,1,4
3301,24.8720408163246,980,24,6,69,0.024489795918367346,79,10,1,1,1,3,1,9
3302,48.51764705882296,850,24,6,76,0.02823529411764706,79,9,1,1,1,2,2,4
3303,-26.350000000001874,1111,23,5,72,0.020702070207020702,79,10,1,1,1,1,2,10
3304,122.34505376344153,465,24,6,73,0.05161290322580645,79,8,1,1,1,3,1,4
3305,47.271359223298894,824,24,6,71,0.02912621359223301,79,7,1,1,1,2,2,4
3306,168.85900369003775,271,24,6,57,0.08856088560885608,79,11,1,1,2,2,4,4
3307,-25.880000000001935,1080,23,5,75,0.021296296296296296,79,8,1,1,1,1,2,6
3308,-78.28000000000222,1312,23,5,75,0.01753048780487805,79,6,2,1,1,1,1,3
3309,132.34739130434963,460,24,6,73,0.05217391304347826,79,11,1,1,3,1,3,7
3310,3.409999999998327,1000,24,6,75,0.024,79,4,1,1,1,1,1,3
3311,161.8766812227075,229,24,6,52,0.10480349344978165,79,6,1,1,1,1,1,7
3312,-130.39000000000294,1573,23,5,76,0.014621741894469168,79,6,1,1,1,2,2,4
3313,69.15966480446752,716,24,6,74,0.0335195530726257,79,7,1,1,2,1,1,4
3314,39.38004801920574,833,24,6,70,0.028811524609843937,79,5,1,1,2,1,1,4
3315,42.33560693641421,865,24,6,74,0.027745664739884393,79,8,1,1,2,1,2,6
3316,-22.891582670205064,1131,24,6,74,0.021220159151193633,79,4,1,1,2,1,2,3
3317,84.28624999999853,640,24,6,73,0.0375,79,7,1,1,3,3,1,3
3318,77.11513788098524,689,24,6,69,0.03483309143686502,79,8,1,1,1,1,1,9
3319,112.0434862385322,545,24,6,70,0.044036697247706424,79,10,1,1,1,2,3,8
3320,108.86348623853128,545,24,6,68,0.044036697247706424,79,9,1,1,1,1,2,6
3321,63.61774104683073,726,24,6,68,0.03305785123966942,79,6,1,1,1,1,2,5
3322,-20.95000000000195,1024,23,5,72,0.0224609375,79,6,1,1,1,2,1,6
3323,37.88299435028142,885,24,6,69,0.02711864406779661,79,8,1,1,1,1,2,8
3324,104.55778523490179,596,24,6,67,0.040268456375838924,79,11,1,1,1,3,3,8
3325,17.8112145748969,988,24,6,75,0.024291497975708502,79,8,2,1,2,2,1,4
3326,-33.550000000001845,1117,23,5,72,0.020590868397493287,79,8,2,2,2,1,1,6
3327,43.14033694343985,831,24,6,74,0.02888086642599278,79,6,1,1,2,1,2,4
3328,128.66325203252018,492,24,6,70,0.04878048780487805,79,12,2,1,2,2,2,9
3329,-6.159584086801264,1106,24,6,71,0.0216998191681736,79,8,1,1,2,1,1,5
3330,74.40858841010238,673,24,6,70,0.03566121842496285,79,6,1,1,1,1,1,5
3331,20.162669404516492,974,24,6,70,0.024640657084188913,79,8,1,1,1,1,1,9
3332,-46.121752738656134,1278,24,6,76,0.018779342723004695,79,6,1,2,1,1,1,5
3333,50.14106537530068,826,24,6,74,0.029055690072639227,79,8,1,1,2,1,2,5
3334,58.04820330969055,846,24,6,73,0.028368794326241134,79,12,1,1,3,2,1,10
3335,-7.9700000000012405,1020,23,5,74,0.022549019607843137,79,10,1,1,2,1,1,10
3336,138.82529411764833,425,24,6,67,0.05647058823529412,79,11,2,1,3,3,2,4
3337,-0.39467111534987964,1049,24,6,75,0.022878932316491896,79,6,1,1,3,1,2,4
3338,125.56096385542172,415,24,6,64,0.05783132530120482,79,6,1,1,1,2,1,4
3339,106.59518518518493,540,24,6,65,0.044444444444444446,79,8,1,1,1,1,2,4
3340,4.426246390758697,1039,24,6,73,0.023099133782483156,79,7,1,1,3,1,1,4
3341,33.91013215858831,908,24,6,76,0.02643171806167401,79,8,1,1,1,1,2,6
3342,150.99303030303238,330,24,6,57,0.07272727272727272,79,9,1,1,2,3,2,4
3343,116.40699115044447,565,24,6,63,0.04247787610619469,79,13,1,1,3,3,2,8
3344,59.08071895424653,765,24,6,71,0.03137254901960784,79,7,1,1,3,1,2,4
3345,31.752739571587945,887,24,6,72,0.02705749718151071,79,6,1,1,1,1,1,4
3346,-10.201347517732433,1128,24,6,75,0.02127659574468085,79,8,1,2,3,1,2,5
3347,35.15904761904592,840,24,6,72,0.02857142857142857,79,4,1,1,1,1,1,5
3348,68.33556040756753,687,24,6,67,0.034934497816593885,79,5,1,1,1,1,1,3
3349,-12.57000000000204,1013,23,5,74,0.022704837117472853,80,8,1,1,2,2,1,5
3350,123.66584905660285,424,24,6,63,0.05660377358490566,80,6,2,2,1,1,1,5
3351,27.50810810810612,925,24,6,76,0.025945945945945945,80,7,1,1,2,1,3,4
3352,45.29224938875193,818,24,6,69,0.029339853300733496,80,6,1,1,1,1,2,4
3353,85.30408320492907,649,24,6,71,0.03697996918335902,80,8,1,2,1,2,1,5
3354,41.43593220339128,944,24,6,73,0.025423728813559324,80,13,2,2,1,1,3,10
3355,75.57129032257934,620,24,6,65,0.03870967741935484,80,3,1,1,1,2,1,3
3356,38.841482720176266,897,24,6,73,0.026755852842809364,80,9,1,1,2,2,1,7
3357,52.91862396203925,843,24,6,76,0.028469750889679714,80,10,2,1,1,1,2,7
3358,-45.070000000001656,1085,22,4,75,0.020276497695852536,80,7,1,1,1,1,3,5
3359,-2.1912833168820676,1013,24,6,75,0.023692003948667325,80,3,1,1,1,1,1,3
3360,63.89987012986821,770,24,6,69,0.03116883116883117,80,9,1,2,2,1,4,5
3361,18.01449320793956,957,24,6,75,0.025078369905956112,80,6,1,1,1,1,1,5
3362,97.44083969465558,524,24,6,61,0.04580152671755725,80,4,1,1,1,1,2,3
3363,-30.118566775246364,1228,24,6,76,0.019543973941368076,80,8,2,1,1,1,2,5
3364,-10.170000000001755,1001,23,5,74,0.022977022977022976,80,8,1,1,2,1,3,3
3365,92.67286644950997,614,24,6,75,0.03908794788273615,80,8,1,1,2,1,2,7
3366,134.50371364653313,447,24,6,68,0.053691275167785234,81,11,2,1,2,3,1,5
3367,-14.9900000000004,1041,23,5,76,0.022094140249759846,81,9,1,1,1,1,1,10
3368,86.87313213702959,613,24,6,75,0.03915171288743882,81,6,1,1,2,1,1,6
3369,32.34266940451566,974,24,6,72,0.024640657084188913,81,12,1,2,1,2,4,7
3370,78.40025641025511,624,24,6,72,0.038461538461538464,81,4,1,1,1,1,1,5
3371,-47.86000000000178,1189,23,5,73,0.01934398654331371,81,8,1,1,1,1,1,9
3372,84.5724137931021,580,24,6,76,0.041379310344827586,81,3,1,1,1,1,2,2
3373,-29.15000000000182,1050,23,5,72,0.021904761904761906,81,5,1,1,1,1,1,6
3374,75.15966480446754,716,24,6,74,0.0335195530726257,81,9,2,1,3,2,1,6
3375,115.53416206261525,543,24,6,71,0.04419889502762431,81,11,1,1,2,2,3,6
3376,33.61649627262831,939,24,6,75,0.025559105431309903,82,10,2,1,1,2,3,7
3377,14.522669404515513,974,24,6,74,0.024640657084188913,82,6,1,2,1,1,1,4
3378,54.62376564277605,879,24,6,75,0.027303754266211604,82,13,1,2,1,2,4,5
3379,74.66927576601498,718,24,6,73,0.033426183844011144,82,9,2,1,1,1,3,3
3380,57.88834319526653,845,24,6,69,0.028402366863905324,82,12,1,1,2,3,3,6
3381,-31.61000000000213,1250,24,6,75,0.0192,82,9,1,1,1,1,3,6
3382,21.743412616337228,967,24,6,72,0.02481902792140641,82,8,1,1,1,1,3,4
3383,58.477713920815575,783,24,6,71,0.03065134099616858,82,8,2,1,1,1,3,4
3384,99.49391304347975,575,24,6,64,0.04173913043478261,82,8,1,1,1,2,2,6
3385,125.30325203252262,492,24,6,66,0.04878048780487805,82,11,1,1,3,1,2,9
3386,121.31011406844345,526,24,6,64,0.045627376425855515,82,12,2,1,3,1,3,8
3387,42.047508813159396,851,24,6,73,0.0282021151586369,82,7,1,1,1,1,1,6
3388,8.652880658434698,972,24,6,71,0.024691358024691357,82,4,1,1,1,1,2,4
3389,122.16646365422436,509,24,6,69,0.047151277013752456,82,11,1,1,1,1,3,10
3390,-1.557663896585474,1083,24,6,71,0.0221606648199446,82,8,1,2,1,2,1,7
3391,16.950987791341163,901,24,6,72,0.026637069922308545,82,2,1,1,1,1,1,2
3392,72.00925373134172,670,24,6,70,0.03582089552238806,82,5,1,1,1,2,1,5
3393,53.32386880856578,747,24,6,67,0.0321285140562249,82,4,1,1,1,1,1,3
3394,67.7814427156985,707,24,6,72,0.033946251768033946,82,6,1,1,1,1,1,7
3395,84.48290519877634,654,24,6,73,0.03669724770642202,82,8,2,1,1,1,3,4
3396,-11.370000000001532,1007,23,5,74,0.022840119165839126,82,8,1,1,1,2,1,7
3397,100.70833333333223,480,24,6,66,0.05,82,2,1,1,1,1,1,2
3398,-22.660000000001716,1018,23,5,73,0.022593320235756387,82,5,1,1,2,1,1,4
3399,100.50421602787323,574,24,6,73,0.041811846689895474,82,8,1,2,1,1,1,8
3400,44.07345679012156,810,24,6,71,0.02962962962962963,82,5,1,2,1,1,1,5
3401,30.324712041883338,955,24,6,74,0.025130890052356022,82,10,1,1,1,3,3,7
3402,83.62577259475164,686,24,6,68,0.03498542274052478,82,10,2,2,1,1,2,5
3403,79.30408320492947,649,24,6,71,0.03697996918335902,82,6,1,1,1,1,2,4
3404,54.0540694789062,806,24,6,73,0.02977667493796526,82,8,1,1,1,1,4,6
3405,-25.316943521596425,1204,24,6,76,0.019933554817275746,82,8,1,2,1,2,2,6
3406,-82.7800000000022,1259,22,4,76,0.017474185861795076,82,6,1,1,1,1,1,4
3407,115.90988505747191,435,24,6,68,0.05517241379310345,82,4,2,1,1,1,1,2
3408,-39.9900000000015,1091,23,5,76,0.021081576535288724,82,4,1,1,1,1,1,5
3409,131.30000000000035,400,24,6,61,0.06,82,7,1,1,2,1,1,4
3410,-39.97000000000193,1135,23,5,74,0.02026431718061674,82,7,1,1,1,2,1,5
3411,134.11866348448604,419,24,6,68,0.057279236276849645,82,9,1,1,1,3,3,5
3412,15.139999999997974,1000,24,6,72,0.024,82,8,1,1,1,1,1,9
3413,46.328695652173636,920,24,6,74,0.02608695652173913,82,13,1,1,1,2,4,10
3414,22.565596620906227,947,24,6,70,0.025343189017951427,82,7,1,1,1,1,3,5
3415,76.4218122977333,618,24,6,70,0.038834951456310676,82,3,1,1,1,1,2,2
3416,-5.770000000002063,1009,23,5,74,0.022794846382556987,82,10,1,1,2,2,1,5
3417,51.02947431302078,837,24,6,75,0.02867383512544803,82,9,1,1,1,1,1,10
3418,81.87797788309538,633,24,6,64,0.037914691943127965,82,6,1,1,1,1,1,7
3419,112.50417475728048,515,24,6,75,0.04660194174757282,82,8,1,1,2,1,3,4
3420,30.89871668312097,1013,24,6,76,0.023692003948667325,82,14,2,2,3,3,2,7
3421,-28.75000000000147,1123,23,5,72,0.020480854853072127,82,10,1,1,2,3,1,8
3422,47.31890606420774,841,24,6,76,0.028537455410225922,82,8,1,1,1,1,2,8
3423,46.286550116548014,858,24,6,69,0.027972027972027972,82,9,1,1,1,1,2,9
3424,-57.99000000000198,1181,23,5,76,0.01947502116850127,82,4,1,1,1,1,1,4
3425,65.13850415512292,722,24,6,76,0.0332409972299169,82,6,1,1,1,1,1,4
3426,63.313266475643104,698,24,6,69,0.034383954154727794,82,4,1,1,1,1,1,3
3427,102.66949152542553,590,24,6,66,0.04067796610169491,82,10,1,1,1,3,1,5
3428,114.3137984496112,516,24,6,64,0.046511627906976744,82,9,1,1,2,1,3,4
3429,104.30148820326548,551,24,6,64,0.043557168784029036,82,8,1,1,1,2,3,4
3430,90.56947683109013,669,24,6,74,0.03587443946188341,82,11,1,1,1,3,4,4
3431,4.82930486593682,1007,24,6,73,0.023833167825223437,82,5,1,1,1,1,1,4
3432,86.49858841010312,673,24,6,71,0.03566121842496285,82,10,1,2,2,1,1,9
3433,-115.08000000000163,1556,23,5,75,0.014781491002570694,82,10,1,1,3,2,1,6
3434,50.886798905607165,731,24,6,71,0.03283173734610123,82,2,1,1,1,1,1,2
3435,109.89083969465601,524,24,6,66,0.04580152671755725,82,8,1,1,1,2,2,7
3436,-30.860000000001808,1059,23,5,73,0.021718602455146365,82,5,1,2,1,1,2,4
3437,112.36222222222122,450,24,6,62,0.05333333333333334,82,4,1,1,1,1,1,4
3438,-115.59000000000286,1499,23,5,76,0.015343562374916611,82,6,1,1,2,1,1,4
3439,153.15875621890808,402,24,6,75,0.05970149253731343,82,14,1,1,3,3,3,9
3440,39.62185682326436,894,24,6,75,0.026845637583892617,82,9,1,1,1,2,1,6
3441,68.41123359580106,762,24,6,68,0.031496062992125984,82,10,1,1,1,1,4,6
3442,32.719700897307945,1003,24,6,74,0.023928215353938187,82,14,1,2,2,3,2,10
3443,121.09222222222182,450,24,6,59,0.05333333333333334,82,7,1,1,1,1,1,8
3444,-14.69000000000038,1005,23,5,66,0.022885572139303482,82,7,1,1,2,1,3,5
3445,98.36233766233917,616,24,6,76,0.03896103896103896,82,10,1,1,2,1,2,8
3446,67.38077294686008,828,24,6,70,0.028985507246376812,82,14,2,1,2,1,4,10
3447,-21.280000000001817,1027,23,5,75,0.022395326192794548,82,6,1,1,3,1,1,5
3448,-74.93112947658632,1452,24,6,76,0.01652892561983471,82,8,1,1,1,2,2,5
3449,40.59481056256972,871,24,6,68,0.027554535017221583,82,8,1,1,2,1,3,3
3450,-69.07000000000204,1205,22,4,75,0.018257261410788383,82,7,1,1,1,3,2,4
3451,83.04858841010409,673,24,6,66,0.03566121842496285,82,9,2,1,2,3,1,3
3452,58.23033694343961,831,24,6,75,0.02888086642599278,82,11,2,1,3,3,1,7
3453,26.98822510822317,924,24,6,68,0.025974025974025976,82,7,1,1,2,2,2,5
3454,-61.9500000000014,1229,23,5,72,0.01871440195280716,82,6,1,1,1,2,1,6
3455,36.14989010988808,910,24,6,72,0.026373626373626374,82,9,1,1,2,1,1,8
3456,11.959999999998004,1000,24,6,70,0.024,82,7,1,1,1,1,1,7
3457,76.99888888888754,720,24,6,70,0.03333333333333333,82,10,1,1,2,2,4,4
3458,112.03391304347755,575,24,6,70,0.04173913043478261,82,12,1,1,3,3,3,3
3459,81.78044943820079,712,24,6,72,0.033707865168539325,82,11,1,2,3,3,1,4
3460,80.09492753623022,690,24,6,71,0.034782608695652174,82,9,1,1,1,3,1,5
3461,-0.9949429657813909,1052,24,6,75,0.022813688212927757,82,6,1,2,3,1,2,3
3462,25.062359550560053,890,24,6,71,0.02696629213483146,82,4,1,1,1,1,1,5
3463,23.742880658434633,972,24,6,72,0.024691358024691357,82,9,1,1,2,1,1,9
3464,89.48927576601646,718,24,6,71,0.033426183844011144,82,14,1,1,1,3,4,10
3465,-1.7724390243920123,1025,24,6,73,0.023414634146341463,82,4,1,1,1,1,3,2
3466,-7.620000000000385,1001,23,5,69,0.022977022977022976,82,9,1,1,1,1,4,5
3467,42.63437810945118,804,24,6,75,0.029850746268656716,82,4,1,1,1,1,1,3
3468,34.1160092807406,862,24,6,76,0.027842227378190254,82,5,1,1,1,1,3,3
3469,68.55623978201464,734,24,6,74,0.0326975476839237,82,8,1,1,1,1,1,9
3470,69.71064697608844,711,24,6,69,0.03375527426160337,82,7,1,1,1,1,2,5
3471,2.918328416910642,1017,24,6,74,0.02359882005899705,82,5,1,1,1,1,1,6
3472,63.594770889486654,742,24,6,70,0.03234501347708895,82,7,1,1,1,1,3,6
3473,129.5038071065993,394,24,6,61,0.06091370558375635,82,6,1,1,1,1,3,5
3474,-27.60000000000184,1040,23,5,67,0.022115384615384617,82,5,1,1,1,2,1,4
3475,85.45035775127675,587,24,6,68,0.04088586030664395,82,4,1,1,1,1,3,3
3476,65.99698630136811,730,24,6,70,0.03287671232876712,82,7,1,1,1,1,1,5
3477,42.544931794333245,953,24,6,72,0.025183630640083946,82,14,1,2,1,3,4,9
3478,-117.93946731235135,1652,24,6,76,0.014527845036319613,82,7,1,1,2,1,1,5
3479,104.40762845849771,506,24,6,65,0.04743083003952569,82,5,1,1,1,1,1,3
3480,26.302459016391417,976,24,6,76,0.02459016393442623,82,10,1,1,1,1,2,10
3481,-63.680000000002245,1284,23,5,75,0.01791277258566978,82,9,1,2,1,1,1,9
3482,71.84927576601497,718,24,6,75,0.033426183844011144,82,8,2,2,1,1,2,4
3483,62.358888888887186,720,24,6,74,0.03333333333333333,82,5,1,1,2,1,1,5
3484,96.65361111110978,576,24,6,68,0.041666666666666664,82,7,1,1,1,2,3,4
3485,74.30527950310412,644,24,6,71,0.037267080745341616,82,4,1,1,1,2,1,4
3486,35.59547344110749,866,24,6,68,0.02771362586605081,82,6,1,1,1,1,2,4
3487,25.232866817153912,886,24,6,64,0.02708803611738149,82,4,1,1,1,1,1,5
3488,-9.389999999999294,1088,23,5,76,0.021139705882352942,82,14,1,1,2,3,4,6
3489,109.64551724137826,464,24,6,63,0.05172413793103448,82,4,1,1,1,1,1,3
3490,110.23366598777893,491,24,6,63,0.048879837067209775,82,6,1,1,1,1,1,5
3491,23.32752688171858,930,24,6,74,0.025806451612903226,82,6,1,1,1,1,2,5
3492,65.39368983957081,748,24,6,70,0.03208556149732621,82,8,1,2,1,1,2,7
3493,72.32406947890864,806,24,6,76,0.02977667493796526,82,14,2,1,1,2,4,10
3494,-25.517012448134594,1205,24,6,76,0.01991701244813278,82,8,1,2,1,1,3,5
3495,66.0117523056665,759,24,6,68,0.03162055335968379,82,9,1,1,2,3,2,3
3496,-34.91610738255205,1192,24,6,76,0.020134228187919462,82,4,1,1,1,1,1,3
3497,101.0518181818199,550,24,6,59,0.04363636363636364,82,7,1,1,1,1,3,4
3498,77.00814814814693,675,24,6,70,0.035555555555555556,82,7,1,1,1,1,1,8
3499,55.84467889908193,872,24,6,73,0.027522935779816515,82,13,2,2,1,2,4,7
3500,-23.515254237290094,1180,24,6,76,0.020338983050847456,82,7,1,1,1,2,2,6
3501,106.27847860538829,631,24,6,64,0.03803486529318542,82,14,1,2,3,3,3,6
3502,-13.750000000001942,1003,23,5,72,0.022931206380857428,82,7,1,2,1,1,1,7
3503,-48.59000000000191,1164,23,5,76,0.019759450171821305,82,6,1,1,2,1,3,4
3504,148.94120481927877,332,24,6,72,0.07228915662650602,82,8,1,1,2,1,2,7
3505,113.4405263157884,475,24,6,63,0.05052631578947368,82,6,1,1,1,1,2,4
3506,81.80474464579773,607,24,6,72,0.039538714991762765,82,4,1,1,1,1,1,3
3507,65.72698630136809,730,24,6,67,0.03287671232876712,82,7,1,1,1,3,1,4
3508,-38.28000000000188,1142,23,5,75,0.020140105078809107,82,8,2,1,1,1,3,6
3509,92.38625000000015,640,24,6,63,0.0375,82,10,1,1,3,1,3,4
3510,33.728342361861586,923,24,6,74,0.02600216684723727,82,9,1,1,3,1,2,3
3511,-34.850000000001714,1033,22,4,73,0.021297192642787996,82,7,1,1,1,2,2,6
3512,-13.280000000001923,1002,23,5,75,0.022954091816367265,82,7,1,1,1,1,1,6
3513,64.64812154695964,724,24,6,75,0.03314917127071823,82,6,1,1,1,2,1,6
3514,67.26513513513544,740,24,6,73,0.032432432432432434,82,8,1,1,3,1,2,3
3515,-58.590000000001815,1169,23,5,76,0.019674935842600515,82,3,1,1,1,1,1,4
3516,11.005057034220759,1052,24,6,75,0.022813688212927757,82,10,1,1,3,3,1,7
3517,31.15834319526453,845,24,6,72,0.028402366863905324,82,3,2,1,1,1,1,3
3518,-38.44000000000187,1126,23,5,71,0.020426287744227355,82,7,1,1,3,1,2,3
3519,86.89083182640019,553,24,6,75,0.0433996383363472,82,2,1,1,1,1,1,3
3520,-43.99000000000163,1156,23,5,76,0.019896193771626297,82,7,2,1,1,1,1,7
3521,88.2912903225793,620,24,6,73,0.03870967741935484,82,7,1,1,1,1,2,4
3522,84.60992503747981,667,24,6,70,0.035982008995502246,82,9,1,1,1,1,3,4
3523,6.701626016258331,984,24,6,76,0.024390243902439025,82,4,1,1,1,1,1,4
3524,109.80083969465538,524,24,6,65,0.04580152671755725,82,8,1,2,1,1,2,7
3525,24.101982082864893,893,24,6,67,0.026875699888017916,82,4,1,1,1,2,2,3
3526,-14.110000000000383,1018,23,5,68,0.022593320235756387,82,8,1,1,1,2,1,8
3527,99.5376172607868,533,24,6,71,0.0450281425891182,82,5,1,1,1,1,1,5
3528,-7.750000000002054,1003,23,5,72,0.022931206380857428,82,9,1,2,1,1,2,5
3529,115.35939393939276,528,24,6,69,0.045454545454545456,82,10,1,1,1,1,2,9
3530,45.93600928074032,862,24,6,74,0.027842227378190254,82,9,1,1,1,1,3,5
3531,17.3210101010081,990,24,6,74,0.024242424242424242,82,8,2,1,1,1,2,5
3532,74.90684287811976,681,24,6,60,0.03524229074889868,82,7,1,1,1,1,1,6
3533,54.54674271229214,789,24,6,74,0.030418250950570342,82,7,1,1,1,1,2,5
3534,-40.17000000000159,1166,23,5,74,0.01972555746140652,82,9,2,1,1,2,2,7
3535,98.07605633802906,568,24,6,66,0.04225352112676056,82,7,2,1,3,1,1,4
3536,56.91723329425406,853,24,6,76,0.02813599062133646,82,12,2,1,1,3,2,5
3537,102.29806722688961,595,24,6,73,0.040336134453781515,82,10,2,1,3,1,2,6
3538,77.93642564802191,733,24,6,76,0.03274215552523874,82,11,1,1,2,1,3,6
3539,-28.330000000001885,1045,23,5,70,0.02200956937799043,82,5,1,1,2,1,1,4
3540,15.032986611738554,971,24,6,73,0.024716786817713696,82,6,1,1,1,2,2,3
3541,112.15618556700922,485,24,6,71,0.049484536082474224,82,6,1,2,1,1,2,4
3542,62.30106159894971,763,24,6,69,0.03145478374836173,82,8,1,1,1,1,4,5
3543,-47.55000000000177,1142,23,5,72,0.020140105078809107,82,5,1,1,2,1,2,2
3544,148.3622259136222,301,24,6,63,0.07973421926910298,82,6,1,1,1,1,3,3
3545,119.68371364653164,447,24,6,70,0.053691275167785234,82,6,1,1,1,1,1,4
3546,-30.40000000000038,1084,23,5,67,0.021217712177121772,82,7,1,1,1,1,3,6
3547,82.40749262536721,678,24,6,70,0.035398230088495575,82,9,1,1,1,3,1,6
3548,88.77082956259268,663,24,6,74,0.03619909502262444,82,10,1,1,2,1,4,4
3549,-19.770000000001872,1034,23,5,74,0.022243713733075435,82,7,1,1,3,1,2,5
3550,73.86568521031109,737,24,6,73,0.032564450474898234,82,10,2,2,2,2,2,5
3551,136.21831050228394,438,24,6,67,0.0547945205479452,82,11,1,1,2,3,4,6
3552,84.28084507042072,710,24,6,62,0.03380281690140845,82,12,1,1,3,1,4,7
3553,-5.460000000000357,1037,23,5,73,0.022179363548698167,82,12,1,1,2,1,2,10
3554,49.36285012284816,814,24,6,72,0.029484029484029485,82,7,2,1,1,1,1,6
3555,76.26723270440117,636,24,6,75,0.03773584905660377,82,4,1,1,1,1,1,5
3556,-42.59150706436643,1274,24,6,73,0.018838304552590265,82,7,1,1,1,1,1,8
3557,55.30280212483218,753,24,6,69,0.03187250996015936,82,5,1,1,1,1,3,3
3558,97.14889087656458,559,24,6,69,0.04293381037567084,82,6,1,2,1,1,1,6
3559,103.51903591682297,529,24,6,73,0.045368620037807186,82,6,1,1,1,2,1,6
3560,122.95186440677895,472,24,6,62,0.05084745762711865,82,9,1,1,2,1,2,8
3561,28.66086474500973,902,24,6,71,0.026607538802660754,82,6,1,1,2,1,1,4
3562,19.207465886938166,1026,24,6,75,0.023391812865497075,82,11,2,2,1,1,2,5
3563,-15.880000000001896,1015,23,5,75,0.022660098522167486,82,7,1,1,1,1,1,5
3564,80.4053488372077,688,24,6,70,0.03488372093023256,82,9,1,1,1,2,2,5
3565,130.9579002079029,481,24,6,71,0.0498960498960499,82,12,1,2,1,2,3,6
3566,56.37520737327217,868,24,6,70,0.027649769585253458,82,13,1,2,3,1,4,8
3567,100.09705882353236,680,24,6,71,0.03529411764705882,82,15,1,2,2,2,4,10
3568,71.0959445843827,794,24,6,69,0.030226700251889168,82,13,1,1,3,2,2,10
3569,117.06417475728036,515,24,6,59,0.04660194174757282,82,10,1,2,2,1,2,8
3570,20.409502487561163,1005,24,6,75,0.023880597014925373,82,10,2,2,1,3,2,4
3571,-11.060000000001002,1080,23,5,73,0.021296296296296296,82,13,1,1,1,3,4,9
3572,95.00638935108013,601,24,6,72,0.03993344425956739,82,8,1,1,1,1,2,6
3573,97.81479876161124,646,24,6,70,0.03715170278637771,82,12,1,1,3,2,3,8
3574,64.97054830287048,766,24,6,72,0.031331592689295036,82,9,1,1,2,1,3,6
3575,34.15049723756707,905,24,6,72,0.026519337016574586,82,8,1,1,1,2,1,6
3576,-62.880000000001736,1280,23,5,75,0.01796875,82,9,1,1,2,1,4,4
3577,62.08333333333165,750,24,6,71,0.032,82,7,1,1,2,2,2,3
3578,16.255374077975,949,24,6,71,0.02528977871443625,82,5,1,1,1,1,1,5
3579,26.929649122805117,912,24,6,74,0.02631578947368421,82,6,1,1,2,1,1,3
3580,-57.01000000000115,1082,22,4,69,0.02033271719038817,82,3,1,1,3,1,1,2
3581,82.08207455429589,617,24,6,64,0.03889789303079417,82,5,1,1,1,2,1,5
3582,29.312866817153914,886,24,6,76,0.02708803611738149,82,5,1,2,1,1,1,5
3583,-17.28000000000193,1007,23,5,75,0.022840119165839126,82,6,1,1,1,1,1,7
3584,125.73920502092,478,24,6,73,0.0502092050209205,82,10,1,1,1,3,3,5
3585,6.208425196848456,1016,24,6,75,0.023622047244094488,82,6,1,1,1,1,1,5
3586,59.633609394313495,809,24,6,75,0.029666254635352288,82,10,1,1,1,1,4,8
3587,97.97822784809976,632,24,6,74,0.0379746835443038,82,11,1,1,2,1,3,7
3588,75.29005602240893,714,24,6,71,0.03361344537815126,82,9,1,2,1,1,2,5
3589,-25.880000000000813,1080,23,5,75,0.021296296296296296,82,8,2,1,1,1,4,5
3590,112.0102643171796,454,24,6,67,0.05286343612334802,82,4,1,1,1,1,1,3
3591,104.38484288354778,541,24,6,76,0.04436229205175601,82,7,1,1,1,1,2,6
3592,-15.460000000001928,1027,23,5,73,0.022395326192794548,82,8,1,1,2,1,1,8
3593,85.57772870662312,634,24,6,74,0.03785488958990536,82,7,1,1,1,1,2,7
3594,130.0170393374763,483,24,6,65,0.049689440993788817,82,12,2,1,2,1,3,9
3595,92.49694490817956,599,24,6,73,0.04006677796327212,82,7,1,1,1,2,1,4
3596,104.86391304347686,575,24,6,57,0.04173913043478261,82,10,1,1,2,3,1,8
3597,29.479649122805164,912,24,6,69,0.02631578947368421,82,7,1,1,2,3,1,3
3598,152.58231884058017,276,24,6,54,0.08695652173913043,82,6,1,1,1,1,2,6
3599,56.57106159894966,763,24,6,72,0.03145478374836173,82,6,1,1,1,1,3,4
3600,108.18793594306072,562,24,6,65,0.042704626334519574,82,10,2,1,1,3,1,7
3601,3.957560975607924,1025,24,6,70,0.023414634146341463,82,6,1,2,1,1,1,4
3602,108.31420361248114,609,24,6,71,0.03940886699507389,82,13,1,1,1,3,3,10
3603,-10.583718723037858,1159,24,6,73,0.02070750647109577,82,10,1,1,1,1,4,5
3604,151.3964102564126,390,24,6,62,0.06153846153846154,82,13,1,1,2,2,4,6
3605,24.143092783503143,970,24,6,72,0.024742268041237112,82,9,1,1,1,3,3,4
3606,77.96673981191084,638,24,6,65,0.03761755485893417,82,5,1,1,1,1,1,4
3607,6.3046025104585794,956,24,6,76,0.02510460251046025,82,2,1,1,1,1,1,2
3608,60.65453300124392,803,24,6,73,0.029887920298879204,82,10,1,1,1,2,3,6
3609,-12.970000000002065,1060,23,5,74,0.02169811320754717,82,11,1,1,1,3,2,8
3610,99.04025641025646,624,24,6,68,0.038461538461538464,82,11,1,1,1,1,3,10
3611,40.84668611435042,857,24,6,73,0.028004667444574097,82,7,1,1,1,1,1,6
3612,24.62185682326458,894,24,6,75,0.026845637583892617,82,4,1,1,1,1,3,3
3613,-43.19000000000169,1152,23,5,76,0.019965277777777776,82,7,1,1,3,1,2,5
3614,166.76152263374533,243,24,6,71,0.09876543209876543,82,8,1,1,1,1,2,8
3615,18.454931794332353,953,24,6,71,0.025183630640083946,82,6,1,1,1,1,2,4
3616,42.234712041884094,955,24,6,73,0.025130890052356022,82,14,1,1,3,2,3,10
3617,46.25048192770886,830,24,6,73,0.02891566265060241,82,7,1,1,1,1,1,8
3618,33.73013215858827,908,24,6,74,0.02643171806167401,82,8,1,1,1,1,1,9
3619,70.05037809647926,767,24,6,64,0.03129074315514994,82,11,1,2,1,3,1,6
3620,60.04947001394544,717,24,6,75,0.03347280334728033,82,4,1,1,1,1,2,4
3621,82.14432098765283,648,24,6,67,0.037037037037037035,82,7,1,1,1,3,2,4
3622,146.05027027026966,370,24,6,58,0.06486486486486487,82,10,1,2,2,1,4,3
3623,-20.780000000001465,1020,23,5,65,0.022549019607843137,82,6,1,1,1,1,1,6
3624,-105.93718592965133,1592,24,6,76,0.01507537688442211,82,7,2,1,1,1,2,5
3625,-49.66000000000167,1168,23,5,73,0.019691780821917807,82,6,1,1,1,1,2,5
3626,133.25276595744705,470,24,6,72,0.05106382978723404,82,12,2,1,1,2,3,6
3627,30.553895216399034,878,24,6,72,0.02733485193621868,82,5,1,1,2,1,1,3
3628,81.99015015014861,666,24,6,72,0.036036036036036036,82,8,1,1,1,2,2,5
3629,53.571061598949704,763,24,6,72,0.03145478374836173,82,5,1,1,1,1,2,4
3630,71.97140604467694,761,24,6,72,0.03153745072273324,82,11,2,1,1,2,2,9
3631,-33.87000000000173,1044,22,4,75,0.0210727969348659,82,8,1,1,1,1,2,4
3632,89.90974440894416,626,24,6,71,0.038338658146964855,82,8,1,1,3,1,1,6
3633,74.30927576601692,718,24,6,69,0.033426183844011144,82,9,1,1,3,1,1,6
3634,29.52764262647908,929,24,6,74,0.02583423035522067,82,8,1,1,1,1,4,5
3635,56.63594458438094,794,24,6,75,0.030226700251889168,82,8,1,1,1,2,1,6
3636,90.6169858712732,637,24,6,70,0.03767660910518053,82,9,1,1,1,1,3,5
3637,14.814384133609785,958,24,6,75,0.025052192066805846,82,5,1,1,2,1,1,4
3638,122.6258736059487,538,24,6,72,0.04460966542750929,82,13,1,1,1,3,4,7
3639,89.73015015015193,666,24,6,58,0.036036036036036036,82,11,1,2,2,2,2,7
3640,25.09384215991505,963,24,6,67,0.024922118380062305,82,9,1,2,1,2,1,8
3641,45.34903225806281,775,24,6,74,0.03096774193548387,82,3,1,1,1,1,1,4
3642,-9.970000000002026,1000,23,5,74,0.023,82,8,1,1,1,1,3,5
3643,125.59371364653143,447,24,6,69,0.053691275167785234,82,8,1,2,1,1,1,7
3644,-56.260000000001924,1246,23,5,73,0.018459069020866775,82,9,1,1,1,2,1,6
3645,145.5415434083606,311,24,6,54,0.07717041800643087,82,6,1,1,2,1,1,5
3646,43.18515644555508,799,24,6,70,0.030037546933667083,82,4,1,1,1,1,1,3
3647,50.15904761904592,840,24,6,72,0.02857142857142857,82,9,2,1,1,1,1,5
3648,73.61105740181111,662,24,6,70,0.03625377643504532,82,5,1,1,2,1,1,4
3649,68.28623978201543,734,24,6,71,0.0326975476839237,82,8,1,1,1,1,1,9
3650,128.23459227467873,466,24,6,74,0.05150214592274678,82,10,2,1,2,1,3,4
3651,30.258225108225165,924,24,6,71,0.025974025974025976,82,8,1,2,1,2,2,3
3652,83.84619883041037,684,24,6,66,0.03508771929824561,82,10,1,1,1,1,3,9
3653,17.434275286755135,959,24,6,73,0.02502606882168926,82,6,1,1,1,1,3,5
3654,70.50568521031273,737,24,6,69,0.032564450474898234,82,9,1,1,2,1,2,7
3655,66.22953367875536,772,24,6,66,0.031088082901554404,82,10,1,1,1,2,2,9
3656,99.33863406408182,593,24,6,69,0.04047217537942664,82,9,1,1,1,3,3,6
3657,-33.250000000001705,1025,22,4,73,0.021463414634146343,82,7,2,1,2,1,1,4
3658,-24.390000000001795,1028,23,5,76,0.02237354085603113,82,5,1,1,1,1,1,5
3659,23.906044538704634,943,24,6,76,0.02545068928950159,82,7,2,1,1,1,2,4
3660,77.33556040756844,687,24,6,67,0.034934497816593885,82,8,2,1,1,2,1,4
3661,3.7202004007997864,998,24,6,74,0.02404809619238477,82,4,1,1,1,1,2,3
3662,38.110864745009025,902,24,6,76,0.026607538802660754,82,9,1,1,1,3,1,8
3663,68.5535113484628,749,24,6,74,0.03204272363150868,82,9,1,1,1,2,2,5
3664,72.25227513227553,756,24,6,64,0.031746031746031744,82,11,1,1,2,1,4,8
3665,110.27685039369962,508,24,6,68,0.047244094488188976,82,7,1,1,1,1,2,6
3666,-17.660000000001837,1008,23,5,73,0.022817460317460316,82,6,1,1,1,1,3,5
3667,87.60447368420978,608,24,6,72,0.039473684210526314,82,6,1,1,1,1,1,4
3668,12.414712041882986,955,24,6,75,0.025130890052356022,82,4,2,1,1,1,2,2
3669,40.51627906976547,860,24,6,76,0.027906976744186046,82,7,1,1,1,1,3,5
3670,-46.18783073130827,1217,24,6,73,0.01972062448644207,82,2,1,1,1,1,1,3
3671,-10.108925318763239,1098,24,6,76,0.02185792349726776,82,6,1,1,1,1,1,6
3672,31.826550116548283,858,24,6,75,0.027972027972027972,82,4,1,1,1,1,1,4
3673,42.742249388752114,818,24,6,74,0.029339853300733496,82,5,2,1,1,1,1,5
3674,16.543842159914984,963,24,6,72,0.024922118380062305,82,6,1,1,1,1,2,4
3675,-61.19000000000176,1227,23,5,76,0.018744906275468622,82,6,1,1,2,1,1,3
3676,123.4100840336138,476,24,6,76,0.05042016806722689,82,9,2,1,2,1,1,4
3677,53.523456790121465,810,24,6,76,0.02962962962962963,82,8,1,1,2,2,1,7
3678,-15.440000000001932,1026,23,5,71,0.022417153996101363,82,8,1,1,1,1,2,7
3679,115.13569471624277,511,24,6,62,0.046966731898238745,82,9,1,1,2,3,1,3
3680,79.50082956259266,663,24,6,71,0.03619909502262444,82,7,1,1,1,1,1,8
3681,97.52006802720956,588,24,6,71,0.04081632653061224,82,8,1,1,1,3,1,5
3682,-16.170000000001927,1016,23,5,74,0.022637795275590553,82,7,2,1,1,1,1,6
3683,144.59761904762013,336,24,6,66,0.07142857142857142,82,7,1,1,1,1,3,6
3684,80.69556040756751,687,24,6,71,0.034934497816593885,82,9,1,1,3,1,3,5
3685,-44.59000000000124,1099,23,5,76,0.020928116469517744,82,3,1,1,2,1,1,3
3686,147.72727272727536,440,24,6,66,0.05454545454545454,82,15,1,1,3,3,3,10
3687,-11.860000000002039,1039,23,5,73,0.02213666987487969,82,10,1,1,2,1,3,7
3688,120.223665987779,491,24,6,74,0.048879837067209775,82,9,2,1,2,1,2,7
3689,-11.950000000002072,1024,23,5,72,0.0224609375,82,9,1,1,1,3,1,5
3690,111.99040080160205,499,24,6,67,0.04809619238476954,82,7,1,1,1,1,4,4
3691,-40.440000000001945,1166,23,5,71,0.01972555746140652,82,9,1,1,1,2,1,6
3692,84.48649452269018,639,24,6,73,0.03755868544600939,82,7,1,1,1,1,2,4
3693,57.72437810945075,804,24,6,76,0.029850746268656716,82,9,1,1,1,1,3,6
3694,96.20393442622823,610,24,6,72,0.03934426229508197,82,9,1,2,1,2,2,5
3695,4.916432015427203,1037,24,6,74,0.023143683702989394,82,7,2,1,2,2,1,5
3696,60.16658227847962,790,24,6,72,0.030379746835443037,82,9,1,1,1,3,2,5
3697,141.51706940874203,389,24,6,50,0.061696658097686374,82,10,1,1,2,1,3,5
3698,-90.73468321358887,1531,24,6,76,0.015676028739386023,82,8,2,2,1,1,1,4
3699,94.92873015872865,630,24,6,69,0.0380952380952381,82,10,1,1,1,2,3,4
3700,6.6057854406112995,1044,24,6,75,0.022988505747126436,82,8,1,1,1,2,1,5
3701,-33.080000000001675,1041,23,5,75,0.022094140249759846,82,3,1,2,1,1,1,3
3702,77.46908205841272,719,24,6,73,0.03337969401947149,82,10,1,2,2,1,1,6
3703,115.3417294900212,451,24,6,64,0.05321507760532151,82,5,1,1,1,1,1,4
3704,-81.08000000000229,1311,23,5,75,0.017543859649122806,82,5,1,1,1,1,3,4
3705,133.9269135802489,405,24,6,68,0.05925925925925926,82,8,1,1,1,3,1,5
3706,-3.5099099099119453,1110,24,6,76,0.021621621621621623,82,9,1,1,1,3,1,5
3707,53.44918951132316,839,24,6,73,0.028605482717520857,82,10,1,1,3,2,1,4
3708,47.25121212121013,825,24,6,73,0.02909090909090909,82,7,1,1,1,2,4,3
3709,-230.3535747446575,2154,24,6,76,0.011142061281337047,82,3,1,1,2,1,2,2
3710,149.184985250739,339,24,6,57,0.07079646017699115,82,9,1,1,3,2,1,7
3711,37.35441647597058,874,24,6,72,0.02745995423340961,82,7,2,1,1,1,2,5
3712,-85.28000000000264,1407,23,5,75,0.016346837242359632,82,10,1,1,1,1,4,6
3713,134.35201856148535,431,24,6,64,0.05568445475638051,82,10,1,2,2,1,3,5
3714,63.47224938875422,818,24,6,71,0.029339853300733496,82,12,2,2,1,2,2,8
3715,8.53407337723218,1063,24,6,72,0.022577610536218252,82,10,1,1,1,2,1,10
3716,-40.950000000001396,1139,23,5,72,0.02019315188762072,82,7,1,1,1,1,1,4
3717,94.9579002078991,481,24,6,71,0.0498960498960499,82,0,1,1,1,1,1,1
3718,79.75204545454682,704,24,6,65,0.03409090909090909,82,10,1,1,2,1,4,4
3719,-9.350000000002062,1011,23,5,72,0.02274975272007913,82,9,1,1,1,3,1,7
3720,109.55450184501788,542,24,6,69,0.04428044280442804,82,9,2,2,3,1,1,4
3721,156.87003300329977,303,24,6,62,0.07920792079207921,82,9,1,1,3,1,1,5
3722,51.465874855155484,863,24,6,71,0.027809965237543453,82,11,1,1,2,3,1,8
3723,8.31950248756035,1005,24,6,74,0.023880597014925373,82,6,2,1,1,1,2,5
3724,-66.32826398852447,1394,24,6,76,0.01721664275466284,82,7,1,1,1,3,2,4
3725,70.23850415512594,722,24,6,66,0.0332409972299169,82,8,2,1,3,1,1,5
3726,8.935602294453005,1046,24,6,72,0.022944550669216062,82,9,1,1,3,1,1,7
3727,-54.170000000002005,1206,23,5,74,0.019071310116086235,82,7,1,1,1,3,2,5
3728,65.2405483028702,766,24,6,75,0.031331592689295036,82,9,1,2,3,1,1,7
3729,63.79227513227326,756,24,6,70,0.031746031746031744,82,8,1,1,2,1,1,6
3730,0.7145179584102461,1058,24,6,74,0.022684310018903593,82,7,2,2,1,1,1,4
3731,31.413626943005795,965,24,6,75,0.024870466321243522,82,11,1,1,2,1,4,8
3732,21.104493207939527,957,24,6,76,0.025078369905956112,82,7,1,1,1,1,3,6
3733,-10.106367041200102,1068,24,6,76,0.02247191011235955,82,4,1,1,2,1,1,3
3734,-2.9071494893241265,1077,24,6,76,0.022284122562674095,82,7,1,1,1,1,1,8
3735,18.101317122591983,987,24,6,76,0.0243161094224924,82,8,1,2,1,1,1,6
3736,57.07903225806286,775,24,6,71,0.03096774193548387,82,7,1,1,3,1,1,3
3737,-7.440000000000199,1001,23,5,71,0.022977022977022976,82,9,1,2,1,2,3,4
3738,130.35727272727237,440,24,6,73,0.05454545454545454,82,9,1,1,1,2,3,4
3739,126.69123893805207,452,24,6,59,0.05309734513274336,82,9,1,1,1,2,2,7
3740,-22.66000000000172,1048,23,5,73,0.02194656488549618,82,7,1,1,1,1,1,6
3741,95.85699115044122,565,24,6,68,0.04247787610619469,82,6,1,1,3,1,1,4
3742,72.04947001394524,717,24,6,75,0.03347280334728033,82,8,1,1,3,1,2,5
3743,-0.7961913696079641,1066,24,6,75,0.0225140712945591,82,7,1,2,3,1,1,4
3744,-0.37974729241972227,1108,24,6,73,0.021660649819494584,82,10,1,1,1,2,3,8
3745,-13.150000000001349,1015,23,5,72,0.022660098522167486,82,8,1,1,1,1,2,6
3746,96.0121170395856,581,24,6,72,0.04130808950086059,82,7,1,1,2,1,2,5
3747,72.57458950201706,743,24,6,72,0.03230148048452221,82,10,1,1,1,1,3,9
3748,62.78642225031533,791,24,6,70,0.03034134007585335,82,10,1,2,3,1,1,6
3749,46.844678899080435,872,24,6,73,0.027522935779816515,82,10,1,1,3,1,1,7
3750,21.920300902706803,997,24,6,74,0.024072216649949848,82,10,1,1,1,2,4,6
3751,64.78144271569849,707,24,6,72,0.033946251768033946,82,5,1,1,1,2,2,4
3752,132.38809523809581,420,24,6,51,0.05714285714285714,82,9,1,2,1,1,4,3
3753,-41.59000000000001,1174,23,5,76,0.019591141396933562,82,9,1,1,3,2,2,5
3754,65.01089005235413,764,24,6,68,0.031413612565445025,82,9,1,1,1,1,2,8
3755,81.5840832049291,649,24,6,63,0.03697996918335902,82,7,1,1,2,1,2,4
3756,72.5134720229538,697,24,6,69,0.03443328550932568,82,7,1,1,2,1,1,5
3757,-7.880000000002036,1020,23,5,75,0.022549019607843137,82,10,1,2,1,1,2,6
3758,57.870449438200495,712,24,6,73,0.033707865168539325,82,3,1,1,1,1,1,4
3759,62.44071895424827,765,24,6,75,0.03137254901960784,82,8,1,1,1,2,3,4
3760,-83.22234100135573,1478,24,6,75,0.016238159675236806,82,7,1,1,2,2,1,6
3761,49.95682242990439,856,24,6,72,0.028037383177570093,82,10,1,1,1,1,2,10
3762,-26.370000000001724,1022,23,5,74,0.022504892367906065,82,4,1,1,1,1,1,4
3763,99.50730496453772,564,24,6,73,0.0425531914893617,82,7,1,1,1,3,1,5
3764,33.307991360689854,926,24,6,76,0.02591792656587473,82,9,1,1,2,1,2,7
3765,76.14992503747965,667,24,6,76,0.035982008995502246,82,6,2,2,1,1,1,4
3766,0.33057971014358145,1104,24,6,72,0.021739130434782608,82,10,2,1,2,1,3,5
3767,3.4271817298328617,1029,24,6,73,0.023323615160349854,82,6,1,1,1,3,2,4
3768,62.87180267965863,821,24,6,71,0.029232643118148598,82,12,2,1,3,2,2,6
3769,-25.88000000000169,1020,23,5,75,0.022549019607843137,82,4,1,1,1,1,1,4
3770,105.98891891891834,592,24,6,74,0.04054054054054054,82,11,1,1,2,1,4,6
3771,44.18360939431199,809,24,6,70,0.029666254635352288,82,5,1,1,3,1,1,2
3772,-20.97000000000184,1010,23,5,74,0.02277227722772277,82,5,1,1,1,1,2,3
3773,89.53605442177076,735,24,6,76,0.0326530612244898,82,15,1,2,2,3,4,5
3774,92.8277852348979,596,24,6,70,0.040268456375838924,82,7,1,1,1,1,3,5
3775,-37.390000000001635,1063,23,5,76,0.021636876763875823,82,3,1,1,1,1,2,3
3776,147.48089887640623,356,24,6,76,0.06741573033707865,82,9,1,2,2,1,3,4
3777,44.336959064325484,855,24,6,74,0.028070175438596492,82,8,1,1,1,1,2,7
3778,-31.24000000000157,1090,23,5,71,0.02110091743119266,82,7,2,1,3,1,1,5
3779,49.79904761904557,840,24,6,68,0.02857142857142857,82,9,2,1,1,3,3,4
3780,-42.260000000001796,1131,23,5,73,0.020335985853227233,82,6,1,1,1,1,2,6
3781,38.42695906432571,855,24,6,75,0.028070175438596492,82,6,1,2,1,1,1,6
3782,-18.060000000001935,1010,23,5,73,0.02277227722772277,82,6,1,1,1,1,1,4
3783,119.85094688221615,433,24,6,74,0.05542725173210162,82,5,1,1,1,1,1,4
3784,30.433199174407335,969,24,6,73,0.02476780185758514,82,11,1,1,1,2,4,8
3785,9.700100100098293,999,24,6,76,0.024024024024024024,82,6,1,1,1,1,1,7
3786,106.54482517482546,572,24,6,69,0.04195804195804196,82,10,1,2,2,1,2,8
3787,114.21645021644929,462,24,6,76,0.05194805194805195,82,5,1,1,1,1,1,4
3788,-30.260000000001888,1086,23,5,73,0.02117863720073665,82,7,1,1,2,1,1,7
3789,87.15863406407956,593,24,6,67,0.04047217537942664,82,5,2,1,1,1,1,3
3790,132.21322404371512,366,24,6,62,0.06557377049180328,82,5,1,1,1,2,2,2
3791,-48.750000000001904,1148,23,5,72,0.02003484320557491,82,5,1,1,1,1,1,5
3792,71.94224751066685,703,24,6,76,0.034139402560455195,82,7,1,2,2,1,2,3
3793,26.32752688171848,930,24,6,74,0.025806451612903226,82,7,1,1,1,1,1,6
3794,7.759403578527529,1006,24,6,70,0.02385685884691849,82,6,1,1,3,1,1,4
3795,42.93806375442537,847,24,6,74,0.02833530106257379,82,7,1,1,1,3,1,6
3796,68.99157894736653,760,24,6,70,0.031578947368421054,82,10,1,2,1,1,4,7
3797,64.23033694344082,831,24,6,75,0.02888086642599278,82,13,2,1,1,3,4,5
3798,-3.7948525214100073,1051,24,6,75,0.022835394862036156,82,5,1,1,1,2,1,3
3799,116.15148148148054,432,24,6,64,0.05555555555555555,82,4,1,1,1,2,1,4
3800,143.48362459546865,309,24,6,60,0.07766990291262135,82,5,1,1,1,1,1,6
3801,142.32777777777835,360,24,6,61,0.06666666666666667,82,8,1,1,1,1,4,3
3802,-34.75000000000022,1108,23,5,72,0.02075812274368231,82,7,2,1,1,2,2,3
3803,-24.781111111112878,1125,24,6,73,0.021333333333333333,82,3,1,1,1,1,1,3
3804,-18.46000000000142,1027,23,5,73,0.022395326192794548,82,7,1,1,2,2,1,3
3805,-3.506103286386862,1065,24,6,76,0.022535211267605635,82,6,1,2,1,1,1,4
3806,15.324712041882966,955,24,6,74,0.025130890052356022,82,5,2,1,1,1,2,3
3807,-22.080000000001416,1001,23,5,75,0.022977022977022976,82,4,1,1,2,1,1,4
3808,150.32602076124525,289,24,6,58,0.08304498269896193,82,6,1,1,1,1,3,3
3809,31.530619469024842,904,24,6,74,0.02654867256637168,82,7,1,1,2,1,1,7
3810,109.72876826722474,479,24,6,64,0.05010438413361169,82,5,1,1,1,1,1,4
3811,16.965820105818473,945,24,6,70,0.025396825396825397,82,5,1,1,1,1,1,5
3812,11.228039215684332,1020,24,6,73,0.023529411764705882,82,8,1,1,3,3,2,3
3813,44.743762376235686,808,24,6,74,0.0297029702970297,82,5,1,1,1,2,1,2
3814,162.60393364928876,211,24,6,53,0.11374407582938388,82,5,1,1,2,1,1,4
3815,88.32082956259262,663,24,6,69,0.03619909502262444,82,10,1,1,2,1,2,5
3816,60.95755158184144,727,24,6,74,0.033012379642365884,82,5,1,1,1,1,1,5
3817,-10.446279287724058,1067,24,6,70,0.022492970946579195,82,4,1,1,1,1,1,3
3818,-68.1086733238257,1402,24,6,74,0.017118402282453638,82,7,1,1,2,1,2,5
3819,-16.590000000001897,1004,23,5,76,0.022908366533864542,82,6,1,1,2,2,1,4
3820,75.47393442622818,610,24,6,75,0.03934426229508197,82,2,1,1,1,1,1,3
3821,23.122459016391865,976,24,6,74,0.02459016393442623,82,9,1,1,2,1,1,8
3822,114.85379844961138,516,24,6,70,0.046511627906976744,82,9,2,1,1,3,2,6
3823,-53.57000000000217,1233,23,5,74,0.0186536901865369,82,9,1,1,3,2,2,5
3824,131.31094688221748,433,24,6,68,0.05542725173210162,82,9,1,1,1,1,3,7
3825,67.85927576601591,718,24,6,64,0.033426183844011144,82,7,1,1,1,2,2,4
3826,46.4528501228489,814,24,6,73,0.029484029484029485,82,6,2,1,1,2,1,4
3827,159.94910505836566,257,24,6,60,0.0933852140077821,82,7,1,1,1,1,2,7
3828,59.20853470436823,778,24,6,68,0.030848329048843187,82,8,1,1,2,1,3,6
3829,46.86481056257114,871,24,6,71,0.027554535017221583,82,10,2,1,1,2,2,5
3830,80.80750418760329,597,24,6,72,0.04020100502512563,82,3,1,1,1,1,1,4
3831,-53.53000000000178,1141,23,5,70,0.020157756354075372,82,3,1,1,2,1,1,3
3832,33.32638297872347,940,24,6,74,0.02553191489361702,82,10,1,1,1,2,3,5
3833,142.9217801047132,382,24,6,50,0.06282722513089005,82,10,1,1,1,1,3,9
3834,106.51903591682296,529,24,6,73,0.045368620037807186,82,7,1,2,1,1,1,5
3835,118.14790020790036,481,24,6,62,0.0498960498960499,82,8,1,1,1,3,2,6
3836,39.84806375442547,847,24,6,73,0.02833530106257379,82,6,2,1,1,1,1,5
3837,-42.790000000001676,1120,23,5,76,0.020535714285714286,82,5,1,1,1,1,1,4
3838,102.51447368420978,608,24,6,71,0.039473684210526314,82,11,1,1,2,2,2,7
3839,88.08015015014904,666,24,6,73,0.036036036036036036,82,10,1,1,3,2,2,7
3840,-14.060000000001928,1020,23,5,73,0.022549019607843137,82,8,2,1,1,1,2,7
3841,100.045562913906,604,24,6,68,0.039735099337748346,82,10,1,1,2,2,2,6
3842,31.846686114350607,857,24,6,73,0.028004667444574097,82,4,1,1,1,2,1,2
3843,-39.260000000001725,1086,23,5,73,0.02117863720073665,82,4,1,1,1,1,1,4
3844,91.83064846416246,586,24,6,70,0.040955631399317405,82,6,1,1,1,1,2,5
3845,99.33051364365879,623,24,6,69,0.038523274478330656,82,11,1,1,1,1,4,6
3846,117.3341747572834,515,24,6,62,0.04660194174757282,82,10,1,2,1,1,2,9
3847,86.13286644950995,614,24,6,69,0.03908794788273615,82,6,1,1,1,3,1,4
3848,-8.19000000000111,1007,23,5,76,0.022840119165839126,82,9,1,1,1,2,1,5
3849,87.91501650164876,606,24,6,71,0.039603960396039604,82,6,2,1,1,1,1,4
3850,-35.8094198227257,1241,24,6,75,0.019339242546333603,82,7,1,1,1,2,1,5
3851,62.741752305663454,759,24,6,65,0.03162055335968379,82,8,1,1,1,2,1,5
3852,143.75239766081805,342,24,6,70,0.07017543859649122,82,7,1,1,1,2,1,7
3853,109.52833333333228,480,24,6,64,0.05,82,5,1,1,1,1,2,3
3854,-4.403718723037059,1159,24,6,75,0.02070750647109577,82,12,2,2,1,2,2,8
3855,71.36698630136883,730,24,6,63,0.03287671232876712,82,9,1,1,2,1,2,7
3856,-117.82997599039888,1666,24,6,75,0.014405762304921969,82,8,1,1,1,1,4,6
3857,43.34537407797535,949,24,6,72,0.02528977871443625,82,14,2,1,2,3,3,8
3858,118.65691358024691,405,24,6,65,0.05925925925925926,82,3,1,1,1,1,1,4
3859,66.05245014244849,702,24,6,75,0.03418803418803419,82,5,1,1,1,1,1,3
3860,86.57174506828369,659,24,6,74,0.036418816388467376,82,9,1,1,2,1,3,4
3861,-14.439999999998093,1096,23,5,71,0.020985401459854013,82,13,2,1,3,3,2,6
3862,118.51459227467764,466,24,6,66,0.05150214592274678,82,7,1,1,1,2,1,4
3863,-18.62000000000183,1011,23,5,69,0.02274975272007913,82,6,1,1,1,1,3,4
3864,64.73262599469331,754,24,6,76,0.03183023872679045,82,8,1,1,1,1,2,5
3865,30.936009280740684,862,24,6,74,0.027842227378190254,82,4,2,1,1,1,1,4
3866,41.34121212121022,825,24,6,74,0.02909090909090909,82,5,1,1,1,1,2,3
3867,35.7131221719437,884,24,6,76,0.027149321266968326,82,7,1,1,1,1,3,4
3868,84.78044943820348,712,24,6,72,0.033707865168539325,82,12,1,1,3,1,4,8
3869,11.698135426887124,1019,24,6,76,0.023552502453385672,82,8,1,1,2,1,2,5
3870,60.836903553297546,788,24,6,75,0.030456852791878174,82,9,1,1,2,2,2,3
3871,91.87197568389105,658,24,6,64,0.0364741641337386,82,11,2,1,1,2,4,5
3872,6.337181729832819,1029,24,6,72,0.023323615160349854,82,7,1,1,1,3,1,5
3873,11.41101010100822,990,24,6,75,0.024242424242424242,82,6,1,1,1,1,2,5
3874,54.80987012986828,770,24,6,68,0.03116883116883117,82,6,1,1,2,1,1,3
3875,91.71939393939286,528,24,6,73,0.045454545454545456,82,2,1,1,1,1,1,3
3876,122.7653388090338,487,24,6,60,0.049281314168377825,82,10,1,1,1,3,2,8
3877,-24.330000000001718,1070,23,5,70,0.02149532710280374,82,8,1,1,1,1,3,7
3878,113.22193857965586,521,24,6,63,0.046065259117082535,82,9,1,1,2,2,3,5
3879,-32.56000000000169,1022,22,4,74,0.021526418786692758,82,7,1,1,2,1,1,4
3880,45.229617224878346,836,24,6,75,0.028708133971291867,82,7,1,2,1,2,1,4
3881,30.15560693641435,865,24,6,72,0.027745664739884393,82,4,1,1,2,1,1,4
3882,30.911982082864803,893,24,6,76,0.026875699888017916,82,6,1,1,1,1,2,4
3883,-132.94308480364452,1757,24,6,76,0.013659647125782584,82,9,1,2,3,2,1,3
3884,-39.28000000000202,1192,23,5,75,0.01929530201342282,82,11,1,2,1,1,2,10
3885,79.37037593984809,665,24,6,74,0.03609022556390978,82,7,1,1,1,1,1,5
3886,68.76534883720763,688,24,6,74,0.03488372093023256,82,5,2,1,1,1,1,3
3887,39.85668611435034,857,24,6,62,0.028004667444574097,82,7,1,1,3,2,1,4
3888,75.380056022409,714,24,6,72,0.03361344537815126,82,9,1,1,2,1,3,6
3889,-49.25000000000176,1105,22,4,73,0.019909502262443438,82,7,1,2,1,1,3,5
3890,56.321065375302474,826,24,6,76,0.029055690072639227,82,10,2,1,1,2,3,6
3891,55.646550116548006,858,24,6,73,0.027972027972027972,82,12,1,2,1,3,1,10
3892,27.820132158588372,908,24,6,75,0.02643171806167401,82,6,1,1,2,1,1,6
3893,103.22556291390791,604,24,6,70,0.039735099337748346,82,11,2,1,1,1,3,5
3894,50.08709601873335,854,24,6,69,0.02810304449648712,82,10,1,1,1,2,4,4
3895,45.33033694343959,831,24,6,65,0.02888086642599278,82,7,1,2,1,1,1,5
3896,100.19450184501723,542,24,6,65,0.04428044280442804,82,6,1,1,1,1,1,5
3897,23.589769484081522,911,24,6,68,0.026344676180021953,82,5,1,1,1,3,1,3
3898,93.448918918918,592,24,6,68,0.04054054054054054,82,7,1,1,1,2,2,5
3899,39.1375088131591,851,24,6,74,0.0282021151586369,82,6,1,1,1,1,4,3
3900,1.6909918107372892,1099,24,6,76,0.02183803457688808,82,10,1,1,2,1,4,4
3901,-36.39000000000179,1178,23,5,76,0.019524617996604415,82,11,2,1,3,2,3,4
3902,98.26587360594672,538,24,6,68,0.04460966542750929,82,5,1,1,2,1,1,4
3903,39.578063754425436,847,24,6,70,0.02833530106257379,82,6,1,2,1,1,1,6
3904,-16.280000000001962,1032,23,5,75,0.022286821705426358,82,8,1,1,1,1,1,9
3905,103.18920473773318,591,24,6,74,0.04060913705583756,82,10,1,1,2,2,1,9
3906,102.03699115044114,565,24,6,70,0.04247787610619469,82,8,2,1,1,1,1,6
3907,-39.990000000001785,1136,23,5,76,0.020246478873239437,82,7,1,2,1,1,2,6
3908,98.08953321364329,557,24,6,75,0.04308797127468582,82,6,1,1,1,1,1,7
3909,58.457551020406285,784,24,6,73,0.030612244897959183,82,8,1,1,1,2,1,5
3910,-39.170000000001615,1056,23,5,74,0.021780303030303032,82,2,1,1,1,1,1,3
3911,56.86123359579866,762,24,6,73,0.031496062992125984,82,6,1,1,1,1,3,5
3912,75.16265335235208,701,24,6,74,0.034236804564907276,82,8,1,1,1,1,2,7
3913,44.271359223299164,824,24,6,71,0.02912621359223301,82,6,1,1,1,1,2,5
3914,81.07577259475116,686,24,6,73,0.03498542274052478,82,9,1,2,2,3,1,5
3915,-16.602663755460288,1145,24,6,75,0.02096069868995633,82,7,1,1,2,1,3,4
3916,76.66513788098526,689,24,6,64,0.03483309143686502,82,8,1,1,1,1,2,6
3917,-32.880000000001466,1025,23,5,75,0.0224390243902439,82,2,1,1,1,1,1,3
3918,41.92376237623574,808,24,6,76,0.0297029702970297,82,4,1,1,1,1,1,3
3919,58.87804097311017,781,24,6,71,0.030729833546734954,82,8,1,1,1,1,4,4
3920,67.85642564802077,733,24,6,64,0.03274215552523874,82,8,1,1,2,1,3,6
3921,168.18630036630145,273,24,6,54,0.08791208791208792,82,11,2,1,1,3,3,4
3922,-33.86000000000178,1074,23,5,73,0.021415270018621976,82,5,1,1,1,3,1,3
3923,91.90479876161028,646,24,6,71,0.03715170278637771,82,10,1,1,3,1,2,6
3924,-0.3018645731124856,1019,24,6,76,0.023552502453385672,82,4,1,1,1,1,1,5
3925,83.30898251192217,629,24,6,71,0.03815580286168521,82,6,1,1,1,1,2,5
3926,-8.17925589836841,1102,24,6,73,0.021778584392014518,82,7,1,1,2,1,2,6
3927,-14.470000000001988,1003,23,5,64,0.022931206380857428,82,7,1,2,1,1,1,4
3928,114.12193857965337,521,24,6,73,0.046065259117082535,82,9,1,1,1,1,1,10
3929,167.99679738562253,306,24,6,59,0.0784313725490196,82,13,1,1,3,3,4,6
3930,67.2372264631029,786,24,6,75,0.030534351145038167,82,11,1,2,2,3,3,5
3931,106.27953321364431,557,24,6,66,0.04308797127468582,82,9,1,1,1,1,2,9
3932,163.44194092827092,237,24,6,54,0.10126582278481013,82,7,1,1,3,1,2,4
3933,58.285317997291855,739,24,6,71,0.03247631935047361,82,5,1,1,1,1,1,4
3934,-120.08000000000234,1581,23,5,75,0.01454775458570525,82,10,1,1,3,2,1,7
3935,-17.97000000000129,1070,23,5,74,0.02149532710280374,84,10,1,1,1,1,4,8
3936,56.77123359579888,762,24,6,72,0.031496062992125984,84,6,1,1,1,2,1,5
3937,55.835313283207554,798,24,6,75,0.03007518796992481,84,8,1,1,1,1,3,6
3938,-10.797918968694177,1086,24,6,75,0.022099447513812154,84,5,1,1,1,1,2,3
3939,102.19281535648871,547,24,6,65,0.043875685557586835,84,7,1,2,1,1,1,6
3940,81.85772870662433,634,24,6,66,0.03785488958990536,84,6,1,1,1,1,1,7
3941,46.37261261261119,888,24,6,70,0.02702702702702703,84,11,2,1,1,1,3,9
3942,105.66949152542276,590,24,6,66,0.04067796610169491,84,11,2,2,1,1,2,8
3943,-65.37000000000135,1247,23,5,74,0.018444266238973536,84,6,1,1,1,1,3,5
3944,0.3143396226396007,1060,24,6,74,0.022641509433962263,84,7,1,1,1,2,2,3
3945,115.90988505747043,435,24,6,68,0.05517241379310345,84,4,1,1,2,1,1,3
3946,-33.080000000001874,1101,23,5,75,0.02089009990917348,84,7,1,1,1,1,2,5
3947,77.19151515151356,660,24,6,72,0.03636363636363636,84,6,1,1,2,1,1,3
3948,90.83638935108007,601,24,6,59,0.03993344425956739,84,7,1,1,2,1,1,6
3949,30.8430012300107,813,24,6,64,0.02952029520295203,84,1,1,1,1,1,1,2
3950,163.12910505836578,257,24,6,62,0.0933852140077821,84,8,1,1,1,1,2,5
3951,-22.460000000001834,1017,23,5,73,0.02261553588987217,84,5,1,1,1,2,1,3
3952,43.88299435028135,885,24,6,69,0.02711864406779661,84,10,2,2,1,1,1,9
3953,53.99422818791806,745,24,6,70,0.032214765100671144,84,4,1,1,1,2,1,3
3954,-20.5500000000019,1022,23,5,72,0.022504892367906065,84,6,1,1,2,1,2,5
3955,83.58224751066925,703,24,6,72,0.034139402560455195,84,11,1,1,1,3,4,4
3956,88.53207455429383,617,24,6,69,0.03889789303079417,84,7,1,1,2,1,1,4
3957,56.008369704747764,779,24,6,68,0.03080872913992298,84,7,1,1,1,1,1,7
3958,57.0171742112465,729,24,6,68,0.03292181069958848,84,4,1,2,1,1,1,4
3959,-12.750000000001295,1043,23,5,72,0.02205177372962608,84,10,1,1,3,2,2,6
3960,100.92531249999915,512,24,6,73,0.046875,84,4,1,1,1,1,1,5
3961,112.31569471624324,511,24,6,64,0.046966731898238745,84,8,1,1,3,1,2,4
3962,-22.84000000000169,1048,23,5,71,0.02194656488549618,84,7,1,1,1,1,2,6
3963,132.25109660574336,383,24,6,67,0.06266318537859007,84,6,1,1,2,1,1,5
3964,64.28360939431474,809,24,6,60,0.029666254635352288,84,12,1,2,3,1,4,5
3965,-7.270071942447515,1112,24,6,72,0.02158273381294964,84,8,1,1,1,1,1,7
3966,-4.679999999999468,1034,23,5,75,0.022243713733075435,84,12,1,1,1,3,3,9
3967,84.35761726078678,533,24,6,69,0.0450281425891182,84,0,1,1,1,1,1,1
3968,43.824547537225975,873,24,6,75,0.027491408934707903,84,9,1,1,1,1,1,10
3969,140.93974025973992,385,24,6,68,0.06233766233766234,84,9,1,1,2,1,2,6
3970,-34.66000000000163,1048,23,5,73,0.02194656488549618,84,3,1,1,1,1,1,3
3971,124.59883295194419,437,24,6,69,0.05491990846681922,84,7,1,1,1,1,2,7
3972,-10.35000000000197,1001,23,5,72,0.022977022977022976,84,8,1,1,1,3,2,4
3973,61.78144271569846,707,24,6,72,0.033946251768033946,84,4,1,1,1,1,1,4
3974,-35.390000000001926,1128,23,5,76,0.020390070921985817,84,8,1,1,1,1,3,5
3975,118.55703933747414,483,24,6,71,0.049689440993788817,84,8,1,1,1,1,1,8
3976,106.1828153564887,547,24,6,76,0.043875685557586835,84,8,1,1,1,1,1,9
3977,42.25195121951031,820,24,6,73,0.02926829268292683,84,5,1,1,1,1,2,4
3978,-27.2200000000014,1114,23,5,69,0.02064631956912029,84,10,1,1,2,1,2,7
3979,68.04850415512288,722,24,6,75,0.0332409972299169,84,7,1,1,3,1,1,4
3980,20.01235414534097,977,24,6,75,0.02456499488229273,84,8,2,1,2,1,1,7
3981,83.8439344262283,610,24,6,68,0.03934426229508197,84,5,1,1,2,1,1,5
3982,-23.220000000001857,1049,23,5,69,0.0219256434699714,84,7,1,1,1,1,2,7
3983,103.16276595744583,470,24,6,71,0.05106382978723404,84,2,1,1,1,1,1,3
3984,23.22950248756261,1005,24,6,73,0.023880597014925373,84,11,2,1,1,2,3,6
3985,27.620011001098202,909,24,6,75,0.026402640264026403,84,6,1,1,1,2,2,3
3986,18.61822510822331,924,24,6,75,0.025974025974025976,84,4,1,1,1,1,1,5
3987,-6.370000000001527,1027,23,5,74,0.022395326192794548,84,11,1,1,1,2,4,8
3988,107.60552875695743,539,24,6,74,0.04452690166975881,84,8,2,1,1,1,2,4
3989,28.532485939255785,889,24,6,74,0.02699662542182227,84,5,1,1,1,2,1,5
3990,-12.004310197088566,1167,24,6,75,0.02056555269922879,84,10,1,1,2,1,1,10
3991,-251.5571734475329,2335,24,6,76,0.010278372591006424,84,8,1,1,1,1,2,5
3992,129.02834061135363,458,24,6,65,0.05240174672489083,84,10,2,1,3,1,1,8
3993,78.6099250374797,667,24,6,70,0.035982008995502246,84,7,1,1,2,1,1,4
3994,46.66876484560398,842,24,6,71,0.028503562945368172,84,8,1,1,2,1,2,5
3995,53.788865979380574,776,24,6,70,0.030927835051546393,84,6,1,1,1,1,1,7
3996,116.309643605869,477,24,6,66,0.050314465408805034,84,7,1,1,1,2,2,5
3997,-46.610948616603025,1265,24,6,75,0.018972332015810278,84,5,1,1,1,1,2,4
3998,-41.61000000000156,1020,22,4,69,0.021568627450980392,84,4,1,1,1,1,1,3
3999,109.37026431717969,454,24,6,71,0.05286343612334802,84,3,1,1,2,1,1,2
4000,-61.72458521870517,1326,24,6,76,0.01809954751131222,84,4,1,1,1,1,1,5
4001,58.05484394506862,801,24,6,73,0.0299625468164794,49,9,1,1,1,2,3,5
4002,85.83925373134163,670,24,6,57,0.03582089552238806,49,10,1,1,1,2,2,9
4003,108.84315018315,546,24,6,70,0.04395604395604396,55,9,1,1,1,3,2,7
4004,-49.570000000001826,1168,23,5,74,0.019691780821917807,55,6,1,1,1,1,2,4
4005,58.275156445556235,799,24,6,71,0.030037546933667083,58,9,2,1,2,1,2,6
4006,86.77552099533517,643,24,6,74,0.03732503888024884,59,8,1,1,2,2,2,3
4007,147.79850746268787,335,24,6,66,0.07164179104477612,59,8,1,2,2,2,1,4
4008,-15.440000000001605,1041,23,5,71,0.022094140249759846,69,9,1,1,3,1,2,7
4009,62.87886597937954,776,24,6,71,0.030927835051546393,69,9,1,1,3,2,1,7
4010,42.50471204188258,955,24,6,76,0.025130890052356022,69,14,1,1,3,2,4,9
4011,76.87181229773331,618,24,6,75,0.038834951456310676,69,3,1,1,1,1,1,3
4012,147.75573363431351,443,24,6,73,0.05417607223476298,70,15,1,1,3,3,4,7
4013,-16.270000000002025,1012,23,5,64,0.022727272727272728,70,7,2,1,1,2,1,5
4014,77.32197568388902,658,24,6,69,0.0364741641337386,70,6,1,1,1,1,1,5
4015,38.35312217194368,884,24,6,72,0.027149321266968326,70,8,2,1,1,2,1,4
4016,26.23416666666473,960,24,6,73,0.025,70,9,1,1,2,2,1,8
4017,86.41197568388988,658,24,6,70,0.0364741641337386,70,9,1,1,3,1,2,5
4018,35.46933174224158,838,24,6,71,0.028639618138424822,71,4,1,1,1,1,1,3
4019,81.56005602240755,714,24,6,74,0.03361344537815126,71,11,1,1,1,2,3,9
4020,-55.460000000002054,1197,23,5,73,0.01921470342522974,71,6,1,1,1,2,2,3
4021,55.64531799729237,739,24,6,75,0.03247631935047361,73,4,2,1,2,1,1,2
4022,64.88586956521581,736,24,6,71,0.03260869565217391,73,7,1,1,1,1,1,7
4023,-77.99000000000227,1326,23,5,76,0.017345399698340876,73,7,2,1,1,1,2,4
4024,144.02959752321928,323,24,6,64,0.07430340557275542,74,6,1,1,1,1,3,5
4025,79.70455950540861,647,24,6,71,0.03709428129829984,76,6,1,1,2,1,1,4
4026,-51.97000000000205,1195,23,5,74,0.019246861924686193,76,7,1,1,1,1,1,5
4027,118.93598272138165,463,24,6,64,0.05183585313174946,76,7,1,1,3,2,1,2
4028,124.62752969121058,421,24,6,67,0.057007125890736345,76,6,1,1,3,1,1,3
4029,42.85019230769058,832,24,6,73,0.028846153846153848,76,6,1,1,1,2,1,6
4030,-26.510000000001764,1005,23,5,68,0.022885572139303482,77,3,1,1,1,1,1,4
4031,77.67290519877521,654,24,6,64,0.03669724770642202,77,6,1,1,1,1,2,3
4032,59.255786163520156,795,24,6,73,0.03018867924528302,77,9,1,1,2,1,2,5
4033,-79.41927864215248,1414,24,6,75,0.016973125884016973,77,4,1,1,1,1,1,4
4034,61.69144271569844,707,24,6,71,0.033946251768033946,77,4,1,1,3,1,1,3
4035,80.98337423312728,652,24,6,63,0.03680981595092025,77,7,1,1,2,3,1,4
4036,78.95749262536819,678,24,6,65,0.035398230088495575,77,8,1,2,1,2,1,4
4037,-18.020000000001865,1023,23,5,69,0.022482893450635387,77,7,1,1,1,1,2,7
4038,84.49420361247812,609,24,6,73,0.03940886699507389,77,5,1,1,1,1,3,3
4039,-151.43547437295564,1834,24,6,75,0.013086150490730643,77,8,2,1,2,2,1,4
4040,71.20204545454375,704,24,6,70,0.03409090909090909,77,7,1,1,1,1,2,4
4041,-3.313344887348528,1154,24,6,76,0.02079722703639515,77,12,1,1,2,1,3,10
4042,-27.260000000001433,1041,23,5,73,0.022094140249759846,77,5,1,1,1,2,1,3
4043,52.14033694343958,831,24,6,74,0.02888086642599278,77,9,1,1,2,2,1,7
4044,115.29367521367419,468,24,6,68,0.05128205128205128,77,6,1,1,1,1,2,6
4045,-14.170000000002062,1036,23,5,74,0.0222007722007722,77,9,2,1,1,1,1,9
4046,63.707741046830165,726,24,6,69,0.03305785123966942,77,6,1,1,2,1,1,4
4047,70.46492753623028,690,24,6,64,0.034782608695652174,77,6,1,1,1,1,1,6
4048,14.806805421101501,1033,24,6,75,0.023233301064859633,77,10,1,1,3,3,2,4
4049,22.25706638115445,934,24,6,71,0.02569593147751606,77,6,1,1,1,1,3,3
4050,86.68574692442759,569,24,6,75,0.0421792618629174,77,3,1,1,1,1,1,3
4051,-81.97000000000212,1300,23,5,74,0.01769230769230769,77,4,1,1,1,2,1,4
4052,133.12449877750527,409,24,6,68,0.05867970660146699,77,8,1,1,2,1,2,5
4053,51.641982082864885,893,24,6,73,0.026875699888017916,77,13,1,1,2,2,3,10
4054,44.334942528733514,870,24,6,74,0.027586206896551724,77,9,1,1,1,1,3,5
4055,18.219769484081873,911,24,6,75,0.026344676180021953,77,3,1,1,1,1,1,3
4056,107.96008403361242,476,24,6,71,0.05042016806722689,77,4,1,1,1,1,1,4
4057,142.9777319587625,388,24,6,64,0.061855670103092786,77,10,2,1,2,1,2,8
4058,-15.930000000001694,1013,23,5,70,0.022704837117472853,77,7,2,1,1,2,3,4
4059,61.072699386501185,815,24,6,71,0.029447852760736196,77,11,1,1,1,1,4,9
4060,91.08331022530197,577,24,6,75,0.0415944540727903,77,5,2,1,2,1,1,3
4061,-143.34472084024463,1809,24,6,76,0.013266998341625208,77,9,1,1,1,1,1,10
4062,91.3355209953331,643,24,6,58,0.03732503888024884,77,10,1,1,1,3,3,7
4063,-24.530000000001987,1071,23,5,70,0.021475256769374416,77,8,1,1,1,1,3,7
4064,44.22682242990526,856,24,6,75,0.028037383177570093,77,8,1,1,1,1,3,6
4065,-19.99000000000196,1156,23,5,76,0.019896193771626297,77,15,2,1,2,3,4,8
4066,58.857877237849735,782,24,6,73,0.030690537084398978,77,8,1,1,2,1,1,8
4067,45.64389521639948,878,24,6,73,0.02733485193621868,77,10,1,1,1,1,4,7
4068,-16.330000000001966,1030,23,5,70,0.02233009708737864,77,8,1,1,1,2,2,6
4069,68.56204545454378,704,24,6,74,0.03409090909090909,77,6,1,2,1,1,1,3
4070,99.6652892562003,605,24,6,66,0.03966942148760331,77,10,2,1,2,1,3,6
4071,129.76075055187636,453,24,6,62,0.052980132450331126,77,10,2,2,1,1,3,4
4072,-9.25999999999995,1041,23,5,73,0.022094140249759846,77,11,2,1,1,2,2,8
4073,115.02315018314896,546,24,6,72,0.04395604395604396,77,11,1,2,3,1,3,4
4074,122.18120458890894,523,24,6,67,0.045889101338432124,77,12,1,1,2,1,3,10
4075,110.23574692442756,569,24,6,70,0.0421792618629174,80,11,1,1,2,2,4,6
4076,94.58898251192325,629,24,6,63,0.03815580286168521,80,10,1,2,1,3,1,8
4077,61.41850415512288,722,24,6,68,0.0332409972299169,80,5,1,1,1,1,2,3
4078,-14.690714285716066,1120,24,6,74,0.02142857142857143,80,6,1,1,1,1,2,5
4079,13.270704934540003,993,24,6,69,0.02416918429003021,80,7,1,1,1,1,2,7
4080,-42.44000000000187,1131,23,5,71,0.020335985853227233,80,6,2,1,1,1,2,4
4081,32.800100100098625,999,24,6,66,0.024024024024024024,80,14,1,1,2,3,4,9
4082,-34.83000000000047,1017,22,4,71,0.021632251720747297,80,6,1,1,1,2,1,4
4083,0.6086193293867943,1014,24,6,75,0.023668639053254437,80,4,1,1,1,1,2,4
4084,83.38513788098605,689,24,6,72,0.03483309143686502,80,10,1,1,3,1,2,5
4085,69.24679890560698,731,24,6,75,0.03283173734610123,80,8,1,1,1,1,1,5
4086,11.97442870632459,1059,24,6,68,0.0226628895184136,80,11,1,1,1,1,4,8
4087,-27.860000000001605,1074,23,5,73,0.021415270018621976,80,7,1,1,2,1,1,4
4088,83.52576323987392,642,24,6,69,0.037383177570093455,80,7,1,1,1,1,2,6
4089,49.30876484560399,842,24,6,67,0.028503562945368172,80,9,2,1,1,1,1,8
4090,56.155869565215944,736,24,6,74,0.03260869565217391,80,4,1,1,1,1,1,5
4091,-252.95730145174537,2342,24,6,76,0.010247651579846286,80,8,1,1,1,1,2,7
4092,85.55814814814732,675,24,6,65,0.035555555555555556,80,10,1,1,2,1,3,7
4093,110.41574692442784,569,24,6,72,0.0421792618629174,80,11,2,1,2,3,2,4
4094,142.0284713375791,314,24,6,55,0.07643312101910828,80,5,1,1,1,1,1,3
4095,-20.565110356538263,1178,24,6,71,0.02037351443123939,80,8,2,1,1,1,2,6
4096,25.941482720177184,897,24,6,63,0.026755852842809364,80,5,1,1,1,1,1,6
4097,111.6341620626139,543,24,6,61,0.04419889502762431,80,10,1,1,1,3,1,7
4098,-7.093569576491111,1157,24,6,74,0.020743301642178046,80,11,1,1,2,1,4,7
4099,-66.5700000000021,1283,23,5,74,0.017926734216679657,80,8,1,1,1,1,3,7
4100,-57.52000000000117,1020,21,3,61,0.020588235294117647,80,4,1,1,1,3,1,3
4101,64.55531799729188,739,24,6,74,0.03247631935047361,80,7,1,1,1,2,2,4
4102,-24.315540540542443,1184,24,6,76,0.02027027027027027,80,7,1,1,1,1,1,4
4103,45.42560693641406,865,24,6,75,0.027745664739884393,80,9,1,2,1,1,1,9
4104,67.65351134846442,749,24,6,64,0.03204272363150868,80,9,1,1,2,1,2,5
4105,-4.4600000000018305,1002,23,5,73,0.022954091816367265,80,10,1,1,1,3,2,8
4106,63.929366106079186,773,24,6,76,0.031047865459249677,80,9,1,1,1,1,4,6
4107,-35.330000000001775,1095,23,5,70,0.021004566210045664,80,6,1,2,1,1,1,4
4108,87.62891891891755,592,24,6,70,0.04054054054054054,80,5,1,1,1,2,1,5
4109,22.854058272630965,961,24,6,71,0.02497398543184183,80,8,1,1,2,1,3,6
4110,-22.990000000001977,1066,23,5,76,0.021575984990619138,80,8,1,1,3,1,1,7
4111,71.84368983957036,748,24,6,75,0.03208556149732621,80,10,1,1,1,1,4,5
4112,116.56491803278576,488,24,6,60,0.04918032786885246,80,8,1,1,1,1,3,4
4113,6.808716683117549,1013,24,6,75,0.023692003948667325,80,6,1,1,1,1,1,4
4114,-21.350000000001977,1056,23,5,72,0.021780303030303032,80,8,1,1,2,1,4,5
4115,145.6069668246459,422,24,6,69,0.05687203791469194,80,13,1,1,2,3,3,5
4116,-25.330000000001796,1030,23,5,70,0.02233009708737864,80,5,1,1,1,1,3,4
4117,80.48898251192222,629,24,6,73,0.03815580286168521,80,5,1,1,1,1,2,4
4118,22.543842159914952,963,24,6,72,0.024922118380062305,80,8,1,1,2,1,1,6
4119,43.13547051442727,797,24,6,65,0.030112923462986198,80,4,1,1,1,1,1,5
4120,39.63834236186306,923,24,6,73,0.02600216684723727,80,11,1,1,3,1,2,5
4121,-22.950000000001523,1034,23,5,72,0.022243713733075435,80,6,1,2,1,1,3,2
4122,59.22682242990466,856,24,6,75,0.028037383177570093,80,13,1,1,2,3,3,9
4123,-13.390000000002019,1033,23,5,76,0.022265246853823813,80,9,2,1,2,1,2,6
4124,127.87371364653157,447,24,6,61,0.053691275167785234,80,9,1,2,1,2,1,5
4125,160.44843205574952,287,24,6,66,0.08362369337979095,80,9,1,1,1,1,3,8
4126,-122.91811881188369,1616,24,6,74,0.01485148514851485,80,3,1,1,1,1,1,3
4127,42.82792452829997,848,24,6,75,0.02830188679245283,80,7,2,1,2,1,1,6
4128,48.2364222503141,791,24,6,75,0.03034134007585335,80,5,1,1,1,1,1,5
4129,-19.090000000001456,1042,23,5,66,0.022072936660268713,80,8,1,1,1,1,3,7
4130,81.78992503747969,667,24,6,72,0.035982008995502246,80,8,1,1,1,2,1,8
4131,47.183609394311986,809,24,6,70,0.029666254635352288,80,6,1,1,1,1,3,5
4132,-47.99038216560719,1256,24,6,73,0.01910828025477707,80,4,1,1,1,1,1,5
4133,92.04286644951068,614,24,6,68,0.03908794788273615,80,8,1,1,1,1,1,9
4134,120.33883295194582,437,24,6,55,0.05491990846681922,80,6,1,1,1,1,1,7
4135,17.072669404515526,974,24,6,69,0.024640657084188913,80,7,1,1,1,1,1,7
4136,-50.3400000000004,1110,22,4,72,0.01981981981981982,80,7,2,1,1,1,3,5
4137,63.53778563015288,849,24,6,74,0.028268551236749116,80,14,2,1,2,2,4,9
4138,-62.77000000000105,1219,23,5,74,0.018867924528301886,80,5,1,1,1,1,1,6
4139,195.99666666666684,150,24,6,53,0.16,80,12,2,1,1,2,3,8
4140,75.39727540500738,679,24,6,61,0.035346097201767304,80,7,1,1,2,1,1,6
4141,37.502866817154455,886,24,6,67,0.02708803611738149,80,8,1,1,1,2,1,7
4142,-30.990000000001736,1046,23,5,76,0.02198852772466539,80,4,1,1,1,1,2,4
4143,97.25455252918175,514,24,6,70,0.04669260700389105,80,3,1,1,1,1,1,3
4144,158.36395136778103,329,24,6,70,0.0729483282674772,80,11,1,2,1,3,1,6
4145,-56.590000000001815,1139,22,4,67,0.019315188762071993,80,7,1,1,1,1,1,8
4146,-70.95000000000215,1259,23,5,72,0.018268467037331215,80,5,1,1,1,3,1,3
4147,-24.87000000000186,1029,22,4,75,0.021379980563654033,80,10,1,1,2,2,1,6
4148,69.03458950201701,743,24,6,66,0.03230148048452221,80,9,1,1,2,1,1,9
4149,-55.32181391712446,1279,24,6,76,0.018764659890539485,80,3,1,1,1,1,1,4
4150,81.70337423312769,652,24,6,71,0.03680981595092025,80,7,1,2,1,2,1,5
4151,25.94570824524107,946,24,6,72,0.02536997885835095,80,8,1,1,1,1,2,4
4152,43.71848341232023,844,24,6,76,0.02843601895734597,80,7,1,1,1,1,2,5
4153,-34.44000000000122,1091,23,5,71,0.021081576535288724,80,6,1,1,2,1,1,6
4154,65.44605442176785,735,24,6,75,0.0326530612244898,80,7,2,1,1,1,2,4
4155,134.299541778975,371,24,6,63,0.0646900269541779,80,6,1,1,1,1,1,6
4156,81.0869863013709,730,24,6,71,0.03287671232876712,80,12,1,1,1,2,3,10
4157,-20.37000000000046,1052,23,5,74,0.021863117870722433,80,8,1,1,1,1,2,6
4158,131.50364485981214,428,24,6,59,0.056074766355140186,80,9,1,1,1,2,1,8
4159,-30.49000000000145,1024,23,5,66,0.0224609375,80,3,1,1,1,1,1,4
4160,138.15125628140729,398,24,6,66,0.06030150753768844,80,9,1,1,3,1,1,6
4161,-27.150000000001732,1040,23,5,72,0.022115384615384617,80,5,1,1,1,1,1,5
4162,79.49155088852854,619,24,6,73,0.03877221324717286,80,4,1,1,1,1,1,4
4163,-30.897763157896797,1216,24,6,74,0.019736842105263157,80,7,2,1,1,1,2,5
4164,-29.24000000000104,1095,23,5,71,0.021004566210045664,80,8,2,1,2,3,1,4
4165,22.767411385605808,931,24,6,70,0.02577873254564984,80,6,1,1,1,2,1,4
4166,107.80876826722309,479,24,6,76,0.05010438413361169,80,4,1,1,1,1,3,2
4167,-67.48000000000178,1333,23,5,75,0.0172543135783946,80,11,2,1,1,1,3,9
4168,108.40379844961117,516,24,6,65,0.046511627906976744,80,7,1,1,1,1,2,6
4169,3.911996320145164,1087,24,6,74,0.02207911683532659,80,10,1,1,3,1,3,5
4170,36.33363636363447,880,24,6,74,0.02727272727272727,80,7,1,1,1,1,2,5
4171,-45.28000000000183,1147,23,5,75,0.02005231037489102,80,6,1,1,1,2,2,2
4172,40.725156445555136,799,24,6,76,0.030037546933667083,80,3,1,1,1,1,1,3
4173,-99.7371464487768,1591,24,6,76,0.01508485229415462,80,9,1,2,2,1,2,7
4174,89.04224751066702,703,24,6,66,0.034139402560455195,80,13,2,1,2,3,4,7
4175,-18.770000000001755,1044,23,5,74,0.022030651340996167,80,8,1,2,1,1,1,5
4176,-4.703938520654823,1041,24,6,76,0.023054755043227664,80,4,1,1,1,1,2,3
4177,-10.170000000001915,1001,23,5,74,0.022977022977022976,80,8,1,1,1,1,2,6
4178,-8.997149489323036,1077,24,6,75,0.022284122562674095,80,5,1,1,2,1,1,4
4179,37.044155251139586,876,24,6,73,0.0273972602739726,80,7,1,1,2,2,1,5
4180,-32.02000000000194,1108,23,5,69,0.02075812274368231,80,8,2,1,3,1,1,4
4181,111.79675736961359,441,24,6,69,0.05442176870748299,80,3,1,1,1,1,1,4
4182,-43.53000000000191,1151,23,5,70,0.01998262380538662,80,7,1,1,2,1,1,3
4183,82.093884892085,695,24,6,71,0.034532374100719423,80,10,1,1,3,2,2,4
4184,41.47150668286571,823,24,6,71,0.02916160388821385,80,5,1,1,1,2,1,5
4185,-2.1980882352961224,1088,24,6,75,0.022058823529411766,80,8,1,1,2,1,4,5
4186,97.12391304347715,575,24,6,71,0.04173913043478261,80,7,1,1,3,1,1,5
4187,108.34841269841152,504,24,6,71,0.047619047619047616,80,6,1,1,1,1,1,6
4188,-48.68000000000192,1179,23,5,75,0.019508057675996608,80,7,2,1,1,1,2,5
4189,150.77602076124603,289,24,6,63,0.08304498269896193,80,6,1,1,1,2,2,5
4190,-45.730000000001674,1132,23,5,70,0.020318021201413426,80,5,1,1,1,1,1,5
4191,31.048203309692042,846,24,6,73,0.028368794326241134,80,3,1,1,1,1,1,3
4192,104.02666666666707,600,24,6,70,0.04,80,11,1,1,1,2,3,9
4193,48.244843945066656,801,24,6,64,0.0299625468164794,80,6,1,1,1,2,1,6
4194,56.32123359579931,762,24,6,67,0.031496062992125984,80,6,2,1,1,2,3,3
4195,-106.73489583333561,1536,24,6,76,0.015625,80,3,1,1,1,1,1,4
4196,-106.08000000000182,1436,23,5,75,0.016016713091922007,80,5,1,1,1,1,1,5
4197,80.15869625520236,721,24,6,74,0.033287101248266296,80,11,1,1,1,3,4,6
4198,-18.950000000001957,1029,23,5,72,0.022351797862001945,80,7,1,1,3,1,1,4
4199,79.30408320492911,649,24,6,71,0.03697996918335902,80,6,1,1,1,1,1,4
4200,23.127411385605306,931,24,6,74,0.02577873254564984,80,6,1,1,1,1,2,4
4201,148.8163054187211,406,24,6,69,0.059113300492610835,80,13,2,1,3,2,3,6
4202,-94.13540051679841,1548,24,6,76,0.015503875968992248,80,8,1,1,1,1,2,6
4203,70.17513513513342,740,24,6,72,0.032432432432432434,80,9,1,1,2,1,3,6
4204,27.722485939255776,889,24,6,65,0.02699662542182227,80,5,1,1,1,1,1,6
4205,9.225693779902251,1045,24,6,73,0.022966507177033493,80,9,1,1,2,1,2,8
4206,92.40649452269176,639,24,6,61,0.03755868544600939,80,10,1,1,1,2,3,8
4207,137.4380965147446,373,24,6,69,0.064343163538874,80,7,1,1,3,1,1,3
4208,68.7165822784824,790,24,6,67,0.030379746835443037,80,12,2,1,2,2,3,8
4209,108.91953321364444,557,24,6,62,0.04308797127468582,80,10,1,1,1,3,2,7
4210,-43.31000000000175,1104,23,5,68,0.020833333333333332,80,4,1,1,1,1,2,3
4211,-13.26000000000198,1001,23,5,73,0.022977022977022976,80,7,1,1,2,1,1,4
4212,20.77160714285585,896,24,6,70,0.026785714285714284,80,3,1,1,1,2,2,2
4213,-16.280000000002012,1032,23,5,75,0.022286821705426358,80,8,1,1,2,1,3,5
4214,126.70267822736116,519,24,6,75,0.046242774566473986,80,13,1,2,1,3,2,10
4215,85.00705882352781,680,24,6,70,0.03529411764705882,80,10,2,1,1,3,1,6
4216,-27.59000000000179,1059,23,5,76,0.021718602455146365,80,6,1,1,2,1,4,3
4217,108.40691588784993,535,24,6,74,0.044859813084112146,80,8,1,2,1,2,1,7
4218,124.97691973969589,461,24,6,60,0.052060737527114966,80,9,1,1,2,1,4,3
4219,-77.13021632938161,1433,24,6,76,0.01674808094905792,80,6,2,1,3,1,1,4
4220,58.47771392081569,783,24,6,71,0.03065134099616858,80,8,1,2,2,1,2,4
4221,-14.491816578485107,1134,24,6,74,0.021164021164021163,80,7,1,2,1,1,1,7
4222,33.18834236186186,923,24,6,68,0.02600216684723727,80,9,1,1,1,3,2,7
4223,-68.39000000000175,1278,23,5,76,0.017996870109546165,80,7,1,1,1,2,1,4
4224,4.09460737937359,1057,24,6,76,0.02270577105014191,80,8,1,1,2,1,3,6
4225,31.67917030567495,916,24,6,69,0.026200873362445413,80,8,2,1,1,2,1,6
4226,42.555874855154435,863,24,6,72,0.027809965237543453,80,8,2,1,1,2,1,5
4227,112.04413276231172,467,24,6,63,0.05139186295503212,80,5,1,1,1,1,1,3
4228,14.869999999999571,1000,24,6,69,0.024,80,8,1,1,1,1,3,7
4229,-26.620000000001923,1066,23,5,69,0.021575984990619138,80,7,1,1,2,1,1,7
4230,90.08600624024876,641,24,6,73,0.0374414976599064,80,9,1,2,1,1,2,4
4231,-19.570000000001905,1003,23,5,74,0.022931206380857428,80,5,2,1,1,1,1,4
4232,19.097370983444815,1027,24,6,76,0.023369036027263874,80,11,2,2,1,1,1,10
4233,95.19064846416244,586,24,6,74,0.040955631399317405,80,7,1,1,1,1,2,6
4234,-26.130000000000628,1064,23,5,70,0.021616541353383457,80,7,1,1,1,2,2,6
4235,73.94368983957038,748,24,6,65,0.03208556149732621,80,11,1,1,1,2,2,10
4236,43.44641443538937,859,24,6,73,0.027939464493597205,80,8,1,1,2,1,2,4
4237,-18.97000000000217,1105,23,5,74,0.02081447963800905,80,12,1,2,1,3,2,9
4238,-26.713119026933427,1151,24,6,76,0.020851433536055605,80,4,1,1,1,2,1,4
4239,58.653511348462786,749,24,6,64,0.03204272363150868,80,6,1,1,1,1,2,5
4240,-9.398592321756672,1094,24,6,75,0.021937842778793418,80,6,1,1,2,1,3,3
4241,65.13224751066701,703,24,6,67,0.034139402560455195,80,5,1,1,1,3,1,3
4242,-57.72254066615238,1291,24,6,76,0.018590240123934933,80,3,1,1,1,1,2,3
4243,-8.204015477215435,1163,24,6,75,0.02063628546861565,80,11,2,1,1,3,2,5
4244,-46.440000000001824,1151,23,5,71,0.01998262380538662,80,6,1,1,1,1,3,4
4245,130.33675736961362,441,24,6,75,0.05442176870748299,80,9,1,2,1,1,2,6
4246,-28.680000000001694,1109,23,5,75,0.020739404869251576,80,9,1,1,3,2,2,4
4247,0.4056937799024727,1045,24,6,75,0.022966507177033493,80,6,1,1,1,2,1,4
4248,93.17077170417876,622,24,6,65,0.03858520900321544,80,9,1,1,2,2,1,6
4249,-22.380000000001765,1043,23,5,65,0.02205177372962608,80,7,2,1,1,1,2,3
4250,50.73623978201482,734,24,6,76,0.0326975476839237,80,2,1,1,1,1,1,2
4251,23.566157112524557,942,24,6,70,0.025477707006369428,80,7,1,1,2,1,3,3
4252,65.18135922330252,824,24,6,70,0.02912621359223301,80,13,1,1,1,3,3,10
4253,-37.3227202472975,1294,24,6,76,0.01854714064914992,80,10,1,1,1,1,2,10
4254,-18.880000000001832,1000,23,5,75,0.023,80,5,2,1,1,2,1,4
4255,149.41027027027118,370,24,6,62,0.06486486486486487,80,11,1,1,1,2,3,9
4256,-19.840000000001034,1018,23,5,71,0.022593320235756387,80,6,1,1,1,1,2,6
4257,96.07750418760331,597,24,6,75,0.04020100502512563,80,8,1,1,1,1,1,9
4258,105.69417475728041,515,24,6,66,0.04660194174757282,80,6,1,1,1,1,2,4
4259,-35.56000000000112,1022,22,4,74,0.021526418786692758,80,6,1,1,3,2,1,4
4260,52.69562814070157,796,24,6,69,0.03015075376884422,80,7,1,1,1,2,2,3
4261,24.748459869846258,922,24,6,72,0.026030368763557483,80,6,1,1,1,1,1,5
4262,-19.87000000000092,1045,23,5,64,0.02200956937799043,80,8,1,1,2,1,1,8
4263,127.2650537634398,465,24,6,61,0.05161290322580645,80,10,1,2,1,2,1,9
4264,-54.280000000001756,1192,23,5,75,0.01929530201342282,80,6,1,1,1,1,1,4
4265,104.38598272138138,463,24,6,69,0.05183585313174946,80,2,1,1,1,1,1,3
4266,43.67091898427858,827,24,6,71,0.02902055622732769,80,6,1,1,1,3,2,4
4267,-15.75000000000166,1013,23,5,72,0.022704837117472853,80,7,1,1,1,1,1,4
4268,35.75337868480525,882,24,6,72,0.027210884353741496,80,7,1,1,1,2,3,3
4269,12.855152471081297,951,24,6,71,0.025236593059936908,80,4,1,1,1,1,1,4
4270,89.2806484641625,586,24,6,75,0.040955631399317405,80,5,1,1,1,2,1,3
4271,-138.54535519125838,1830,24,6,76,0.013114754098360656,80,12,1,1,1,2,4,9
4272,70.05432098765279,648,24,6,66,0.037037037037037035,80,3,1,1,1,1,1,4
4273,35.64325028312377,883,24,6,73,0.027180067950169876,80,7,1,1,1,1,2,5
4274,91.65873015872866,630,24,6,66,0.0380952380952381,80,9,1,1,2,1,2,8
4275,10.340603621728539,994,24,6,72,0.02414486921529175,80,6,1,1,2,1,1,6
4276,82.57772870662312,634,24,6,74,0.03785488958990536,80,6,1,1,2,1,2,3
4277,-18.312203687446917,1139,24,6,76,0.021071115013169446,80,6,2,1,1,1,1,6
4278,45.64013215859033,908,24,6,73,0.02643171806167401,80,12,2,1,3,1,3,7
4279,78.05749262536708,678,24,6,55,0.035398230088495575,80,8,1,1,1,1,1,7
4280,50.33494252873345,870,24,6,74,0.027586206896551724,80,11,1,1,3,1,2,9
4281,55.95890606420723,841,24,6,72,0.028537455410225922,80,11,1,1,3,1,3,7
4282,-34.770000000001545,1079,23,5,74,0.021316033364226137,80,5,1,1,1,1,1,6
4283,99.63360983103101,651,24,6,68,0.03686635944700461,80,13,1,1,3,3,2,8
4284,83.6855209953329,643,24,6,73,0.03732503888024884,80,7,1,1,1,1,1,8
4285,-26.86000000000187,1069,23,5,73,0.021515434985968196,80,7,1,1,1,1,1,6
4286,25.218577633005953,921,24,6,75,0.026058631921824105,80,6,1,1,1,1,1,6
4287,43.576686114351176,857,24,6,70,0.028004667444574097,80,8,1,2,1,3,1,5
4288,42.54210012209826,819,24,6,74,0.029304029304029304,80,5,1,1,2,1,1,3
4289,-54.39000000000193,1313,23,5,76,0.017517136329017517,80,14,2,2,1,2,4,6
4290,89.48094017093891,585,24,6,75,0.041025641025641026,80,5,1,1,1,1,1,6
4291,-21.06000000000185,1010,23,5,73,0.02277227722772277,80,5,1,1,1,1,2,3
4292,78.8250165016488,606,24,6,70,0.039603960396039604,80,3,1,1,1,1,1,2
4293,-62.44000000000148,1336,23,5,71,0.01721556886227545,80,13,1,1,3,2,4,7
4294,72.94326647564309,698,24,6,76,0.034383954154727794,80,7,1,1,1,2,1,3
4295,32.30148272017646,897,24,6,67,0.026755852842809364,80,7,1,1,1,1,1,8
4296,-15.990000000002013,1046,23,5,76,0.02198852772466539,80,9,1,1,1,1,1,10
4297,39.92224938875114,818,24,6,76,0.029339853300733496,80,4,1,1,1,1,1,4
4298,52.88054830287017,766,24,6,71,0.031331592689295036,80,5,1,1,1,1,1,4
4299,27.73389521639906,878,24,6,74,0.02733485193621868,80,4,1,1,1,1,1,3
4300,161.86467532467637,308,24,6,62,0.07792207792207792,80,11,1,1,1,3,4,6
4301,-19.620000000001998,1091,23,5,69,0.021081576535288724,80,11,1,1,1,3,1,10
4302,-24.080000000001395,1116,23,5,75,0.02060931899641577,80,11,1,1,3,2,1,9
4303,59.97679890560704,731,24,6,72,0.03283173734610123,80,5,1,1,1,1,2,4
4304,-46.79000000000199,1200,23,5,76,0.019166666666666665,80,9,1,2,1,1,2,5
4305,163.52112582781464,302,24,6,67,0.07947019867549669,80,11,1,1,2,1,2,10
4306,39.27210012209829,819,24,6,71,0.029304029304029304,80,4,1,1,1,1,1,5
4307,-77.33026499302918,1434,24,6,76,0.016736401673640166,80,6,1,1,1,1,1,4
4308,10.132165898616122,1085,24,6,72,0.022119815668202765,80,12,1,2,1,3,2,8
4309,11.207943192946109,1021,24,6,75,0.023506366307541625,80,8,1,1,1,2,1,6
4310,54.64515644555492,799,24,6,64,0.030037546933667083,80,8,2,1,2,1,2,6
4311,145.30641025641,390,24,6,61,0.06153846153846154,80,11,1,1,3,1,3,6
4312,-34.1900000000019,1107,23,5,76,0.02077687443541102,80,7,1,1,1,3,1,5
4313,126.38141649048778,473,24,6,69,0.0507399577167019,80,10,1,1,1,1,4,6
4314,-10.401426040745624,1129,24,6,75,0.021257750221434897,80,8,1,1,2,1,2,4
4315,-84.1700000000025,1371,23,5,74,0.016776075857038657,80,8,1,1,1,1,1,7
4316,89.7957632398739,642,24,6,72,0.037383177570093455,80,9,1,2,2,1,4,4
4317,-5.570000000002006,1008,23,5,74,0.022817460317460316,80,10,1,1,3,1,2,7
4318,67.55812154695965,724,24,6,74,0.03314917127071823,80,7,1,1,1,1,1,7
4319,123.029643605869,477,24,6,74,0.050314465408805034,80,9,1,1,1,3,2,3
4320,-98.66000000000261,1413,23,5,73,0.01627742392073602,80,6,1,1,1,2,1,4
4321,13.899206349204594,1008,24,6,76,0.023809523809523808,80,8,1,2,1,2,1,5
4322,9.63330578512225,968,24,6,73,0.024793388429752067,80,4,1,2,1,1,1,3
4323,27.034602510458306,956,24,6,73,0.02510460251046025,80,9,1,2,1,2,2,3
4324,74.94870012869893,777,24,6,74,0.03088803088803089,80,13,1,2,1,3,3,5
4325,-107.4600000000024,1427,23,5,73,0.0161177295024527,80,4,1,1,1,1,2,3
4326,11.927874865156006,927,24,6,74,0.025889967637540454,80,2,1,1,1,1,1,2
4327,35.97363636363429,880,24,6,70,0.02727272727272727,80,7,1,1,1,1,1,8
4328,37.132233445564765,891,24,6,74,0.026936026936026935,80,8,1,1,2,1,2,4
4329,75.70450867051865,692,24,6,60,0.03468208092485549,80,8,2,1,3,1,1,4
4330,-27.1700000000018,1026,23,5,74,0.022417153996101363,80,4,1,1,1,1,2,2
4331,77.411975683889,658,24,6,70,0.0364741641337386,80,6,1,1,3,1,1,3
4332,93.32271157167392,579,24,6,71,0.04145077720207254,80,6,1,1,1,1,3,3
4333,59.00836970474782,779,24,6,68,0.03080872913992298,80,8,1,1,2,1,1,4
4334,-20.88000000000196,1040,23,5,75,0.022115384615384617,80,7,1,2,1,1,2,5
4335,104.3116129032248,496,24,6,75,0.04838709677419355,80,4,1,1,1,1,1,5
4336,49.655313283206056,798,24,6,73,0.03007518796992481,80,6,1,1,3,1,1,4
4337,-25.770000000001623,1049,23,5,74,0.0219256434699714,80,6,1,1,1,1,2,6
4338,84.5233742331286,652,24,6,69,0.03680981595092025,80,8,1,1,2,1,2,5
4339,-103.1900000000022,1542,23,5,76,0.014915693904020753,80,13,1,1,3,3,2,9
4340,61.952978723403064,752,24,6,74,0.031914893617021274,80,7,1,1,1,2,1,7
4341,57.554408602148726,744,24,6,74,0.03225806451612903,80,5,1,1,1,1,2,3
4342,18.921832993887982,982,24,6,74,0.024439918533604887,80,8,1,1,2,1,1,7
4343,53.28351134846319,749,24,6,71,0.03204272363150868,80,4,1,1,1,1,1,4
4344,58.23484394506897,801,24,6,75,0.0299625468164794,80,9,1,1,2,1,2,8
4345,40.64862396203839,843,24,6,73,0.028469750889679714,80,6,1,1,1,1,3,5
4346,-10.350000000001994,1001,23,5,72,0.022977022977022976,80,8,1,1,1,2,1,6
4347,67.73184397162953,705,24,6,67,0.03404255319148936,80,6,1,1,1,1,3,5
4348,-42.64000000000189,1162,23,5,71,0.019793459552495698,80,8,2,1,1,1,1,7
4349,44.85391573729686,807,24,6,73,0.02973977695167286,80,5,1,1,1,1,1,3
4350,2.0064320154272313,1037,24,6,75,0.023143683702989394,80,6,1,1,1,1,1,6
4351,-72.9700000000016,1069,20,2,67,0.018709073900841908,80,7,1,1,1,1,2,4
4352,-55.570000000002004,1183,23,5,74,0.01944209636517329,80,5,1,1,1,1,1,3
4353,91.25006802720951,588,24,6,68,0.04081632653061224,80,6,1,1,2,1,2,3
4354,62.9865822784791,790,24,6,70,0.030379746835443037,80,10,1,1,1,1,4,7
4355,43.22223344556603,891,24,6,75,0.026936026936026935,80,10,1,1,2,1,3,7
4356,41.28723329425493,853,24,6,69,0.02813599062133646,80,7,1,1,2,1,1,6
4357,-15.912434325746183,1142,24,6,76,0.021015761821366025,80,7,1,1,2,2,1,5
4358,-29.75000000000186,1068,23,5,72,0.02153558052434457,80,6,1,1,1,1,4,3
4359,105.49420361247807,609,24,6,73,0.03940886699507389,80,12,1,1,1,3,3,5
4360,57.34903225806268,775,24,6,74,0.03096774193548387,80,7,1,1,2,1,1,7
4361,-39.66000000000162,1133,23,5,73,0.02030008826125331,80,7,2,1,2,1,1,5
4362,83.11666666666524,600,24,6,71,0.04,80,4,1,1,1,1,3,2
4363,68.7444086021494,744,24,6,65,0.03225806451612903,80,9,1,1,2,2,1,5
4364,88.76543859649003,570,24,6,67,0.042105263157894736,80,4,1,1,1,1,1,5
4365,-11.840000000000895,1053,23,5,71,0.02184235517568851,80,11,1,1,1,2,4,5
4366,72.75458950201711,743,24,6,74,0.03230148048452221,80,10,1,2,1,1,4,6
4367,104.20157088122485,522,24,6,65,0.04597701149425287,80,6,1,1,1,1,1,5
4368,-71.62000000000216,1261,23,5,69,0.01823949246629659,80,5,1,1,1,1,4,3
4369,33.6123595505602,890,24,6,66,0.02696629213483146,80,7,1,1,2,1,1,7
4370,61.38104372355268,709,24,6,72,0.03385049365303244,80,4,1,1,1,1,2,4
4371,80.56267175572357,655,24,6,65,0.0366412213740458,80,7,1,1,1,1,2,7
4372,91.48667844522829,566,24,6,55,0.04240282685512368,80,5,2,1,2,1,1,3
4373,20.44680542110261,1033,24,6,71,0.023233301064859633,80,12,1,1,3,1,4,5
4374,4.2089119683466905,1011,24,6,75,0.02373887240356083,80,5,1,1,1,1,1,5
4375,13.606246390758363,1039,24,6,75,0.023099133782483156,80,10,1,1,3,1,2,7
4376,36.79428571428367,875,24,6,68,0.027428571428571427,80,7,1,1,2,1,1,6
4377,32.78309278350651,970,24,6,68,0.024742268041237112,80,12,1,1,3,1,3,7
4378,-30.385469146240098,1183,24,6,73,0.02028740490278952,80,5,1,1,1,1,1,4
4379,85.27128593040942,661,24,6,64,0.036308623298033284,80,9,1,1,1,1,1,10
4380,-35.28000000000155,1037,23,5,75,0.022179363548698167,80,2,1,1,1,1,1,3
4381,63.89064697608829,711,24,6,71,0.03375527426160337,80,5,1,1,1,1,1,6
4382,-34.440000000001874,1106,23,5,71,0.020795660036166366,80,7,1,1,1,1,1,5
4383,49.05484394506698,801,24,6,73,0.0299625468164794,80,6,1,1,1,1,1,6
4384,-33.480000000001425,1103,23,5,75,0.02085222121486854,80,7,1,1,2,1,1,4
4385,115.60607843137147,510,24,6,65,0.047058823529411764,80,9,1,1,2,2,1,8
4386,14.405238095236632,1050,24,6,75,0.022857142857142857,80,11,1,1,2,1,4,8
4387,45.56453300124343,803,24,6,72,0.029887920298879204,80,5,1,1,3,1,2,2
4388,-54.680000000002025,1209,23,5,75,0.01902398676592225,80,7,1,1,2,1,1,5
4389,55.34987012986823,770,24,6,74,0.03116883116883117,80,6,1,1,2,1,1,6
4390,102.29148820326554,551,24,6,75,0.043557168784029036,80,7,1,1,2,1,1,5
4391,-29.95000000000186,1054,23,5,72,0.021821631878557873,80,5,1,2,1,1,3,3
4392,149.9949852507384,339,24,6,66,0.07079646017699115,80,9,1,2,1,2,3,4
4393,-68.2800000000019,1292,23,5,75,0.01780185758513932,80,8,1,1,2,2,3,3
4394,138.74779043280378,439,24,6,64,0.05466970387243736,80,12,2,1,1,3,4,4
4395,119.35083182640153,553,24,6,69,0.0433996383363472,80,13,1,1,3,2,3,9
4396,41.82933174224186,838,24,6,75,0.028639618138424822,80,6,1,1,2,1,3,3
4397,65.54698630136807,730,24,6,65,0.03287671232876712,80,7,1,1,1,2,1,5
4398,94.32421602787333,574,24,6,71,0.041811846689895474,80,6,1,1,1,1,1,6
4399,-59.92999999999929,1278,23,5,70,0.017996870109546165,80,10,1,1,1,2,3,8
4400,66.03391573729705,807,24,6,75,0.02973977695167286,80,12,1,1,2,2,4,7
4401,134.93779043280176,439,24,6,55,0.05466970387243736,80,11,1,2,3,1,4,4
4402,21.98214504596497,979,24,6,68,0.024514811031664963,80,9,1,2,1,1,1,9
4403,185.20553191489373,235,24,6,58,0.10212765957446808,80,14,1,1,2,3,4,9
4404,-50.970000000001875,1220,23,5,74,0.018852459016393444,80,9,1,1,2,1,2,8
4405,-34.86000000000174,1064,23,5,73,0.021616541353383457,80,4,1,1,1,1,1,4
4406,104.99248175182427,548,24,6,65,0.043795620437956206,80,8,1,1,2,1,1,7
4407,86.64778523489801,596,24,6,68,0.040268456375838924,80,5,1,1,1,1,1,4
4408,104.26242914979663,494,24,6,70,0.048582995951417005,80,4,1,1,1,1,2,4
4409,-60.1274310595088,1378,24,6,76,0.01741654571843251,80,8,1,1,3,1,1,4
4410,62.90157894736828,760,24,6,69,0.031578947368421054,80,8,2,1,1,1,2,5
4411,82.59694490817895,599,24,6,63,0.04006677796327212,80,4,1,1,1,1,2,3
4412,77.32661202185655,732,24,6,67,0.03278688524590164,80,11,1,2,3,1,3,4
4413,12.693109869646035,1074,24,6,76,0.0223463687150838,80,12,1,2,1,2,2,6
4414,-13.440000000002065,1031,23,5,71,0.02230843840931135,80,9,2,1,1,2,2,6
4415,80.48527950310408,644,24,6,73,0.037267080745341616,80,6,2,1,2,1,2,2
4416,-23.170000000001703,1066,23,5,74,0.021575984990619138,80,8,2,1,2,1,1,7
4417,79.57060240963702,664,24,6,74,0.03614457831325301,80,7,1,1,1,1,3,6
4418,53.94165450121452,822,24,6,74,0.029197080291970802,80,9,2,1,2,1,1,6
4419,-81.66000000000224,1343,23,5,73,0.01712583767684289,80,7,2,1,1,1,3,4
4420,87.96662756598084,682,24,6,74,0.03519061583577713,80,11,1,1,1,3,3,6
4421,130.42696682464543,422,24,6,67,0.05687203791469194,80,8,1,1,2,1,1,7
4422,-26.480000000001436,1128,23,5,75,0.020390070921985817,80,11,1,1,2,1,3,6
4423,137.9259827213813,463,24,6,75,0.05183585313174946,80,13,1,1,3,2,3,7
4424,-57.970000000001896,1195,23,5,74,0.019246861924686193,80,5,1,1,1,1,3,4
4425,58.259870129868226,770,24,6,73,0.03116883116883117,80,7,1,1,1,1,1,5
4426,103.45953321364324,557,24,6,68,0.04308797127468582,80,8,1,1,1,3,2,5
4427,97.7450387596886,645,24,6,67,0.037209302325581395,80,12,1,1,2,2,4,8
4428,-21.330000000001696,1055,23,5,70,0.021800947867298578,80,8,1,1,1,2,2,7
4429,-11.190000000001701,1037,23,5,76,0.022179363548698167,80,10,1,1,1,2,2,9
4430,143.78213075060467,413,24,6,62,0.05811138014527845,80,12,1,1,3,2,2,9
4431,41.90778563015108,849,24,6,67,0.028268551236749116,80,7,1,1,3,2,1,5
4432,-25.080000000001526,1076,23,5,75,0.02137546468401487,80,8,1,2,1,1,1,6
4433,68.48927576601501,718,24,6,71,0.033426183844011144,80,7,1,1,1,1,3,6
4434,35.50961722487915,836,24,6,67,0.028708133971291867,80,4,1,1,1,1,1,2
4435,-0.7800000000007827,1010,23,5,65,0.02277227722772277,80,12,1,1,1,3,2,10
4436,-47.59000000000096,1064,22,4,67,0.020676691729323307,80,5,1,1,1,1,1,6
4437,85.21060240963709,664,24,6,70,0.03614457831325301,80,9,1,1,2,1,3,7
4438,-53.79000000000201,1205,23,5,76,0.019087136929460582,80,7,1,1,2,1,2,3
4439,-116.33917274939475,1644,24,6,76,0.014598540145985401,80,7,1,1,1,1,1,5
4440,-24.679999999999204,1059,23,5,75,0.021718602455146365,80,7,1,1,1,1,2,4
4441,31.71441647597097,874,24,6,76,0.02745995423340961,80,5,1,1,1,1,1,5
4442,36.7601923076905,832,24,6,72,0.028846153846153848,80,4,1,1,3,1,1,2
4443,97.49543859649047,570,24,6,64,0.042105263157894736,80,7,1,1,2,1,2,4
4444,3.7359692898252863,1042,24,6,72,0.023032629558541268,80,7,1,1,1,1,1,6
4445,72.10717421124708,729,24,6,69,0.03292181069958848,80,9,1,1,1,2,1,9
4446,107.34605633802684,568,24,6,69,0.04225352112676056,80,10,2,1,3,2,1,7
4447,171.3465040650414,246,24,6,62,0.0975609756097561,80,10,1,1,2,2,3,6
4448,35.30737089201692,852,24,6,67,0.028169014084507043,80,5,1,1,1,2,2,4
4449,-126.08000000000243,1581,23,5,75,0.01454775458570525,81,8,1,1,1,2,1,6
4450,106.42371364653151,447,24,6,56,0.053691275167785234,81,2,1,1,1,1,1,2
4451,-9.710000000001912,1026,23,5,68,0.022417153996101363,81,10,1,1,1,3,3,5
4452,-16.50909090909227,1100,24,6,76,0.02181818181818182,81,4,1,1,1,1,1,3
4453,-12.550000000001898,1012,23,5,72,0.022727272727272728,81,8,1,1,2,1,1,6
4454,121.80505376343984,465,24,6,67,0.05161290322580645,81,8,1,1,1,1,2,8
4455,51.04239902080583,817,24,6,64,0.02937576499388005,81,8,1,2,3,1,2,4
4456,-52.38000000000151,1047,22,4,76,0.021012416427889206,81,2,1,2,1,1,1,2
4457,132.81727272727366,440,24,6,67,0.05454545454545454,81,10,1,2,1,1,2,8
4458,-36.38954947707374,1243,24,6,73,0.019308125502815767,81,7,1,1,2,1,1,6
4459,-18.2800000000017,1042,23,5,75,0.022072936660268713,81,8,1,1,1,3,1,6
4460,114.7618644067786,472,24,6,71,0.05084745762711865,81,6,1,1,1,3,1,3
4461,10.846525096525362,1036,24,6,71,0.023166023166023165,81,9,1,1,1,1,2,9
4462,53.84534025374684,867,24,6,73,0.02768166089965398,81,12,1,1,3,1,4,8
4463,-56.12716678805778,1373,24,6,76,0.01747997086671522,81,9,1,1,3,1,2,6
4464,12.49433962264169,1060,24,6,76,0.022641509433962263,81,11,1,1,3,2,1,6
4465,-23.180474485230086,1117,24,6,73,0.021486123545210387,81,3,1,1,1,3,1,2
4466,132.32213075060454,413,24,6,68,0.05811138014527845,81,8,1,1,2,1,1,5
4467,97.31094017094006,585,24,6,62,0.041025641025641026,81,8,1,1,1,2,1,4
4468,-35.99000000000153,1116,23,5,76,0.02060931899641577,81,7,1,1,1,1,2,7
4469,87.13835016834877,594,24,6,69,0.04040404040404041,81,5,2,1,1,1,2,4
4470,-32.32000000000161,1019,22,4,70,0.021589793915603533,81,7,1,1,2,1,1,4
4471,-24.319614147911786,1244,24,6,76,0.01929260450160772,81,11,1,2,1,3,2,8
4472,67.70054830287033,766,24,6,69,0.031331592689295036,81,10,1,1,3,1,1,7
4473,-18.460000000001664,1072,23,5,73,0.021455223880597014,81,10,2,2,1,1,1,9
4474,25.42235955056026,890,24,6,75,0.02696629213483146,81,4,1,1,1,1,2,3
4475,49.04415525113954,876,24,6,73,0.0273972602739726,81,11,1,1,1,2,2,10
4476,42.50614401858188,861,24,6,67,0.027874564459930314,81,8,2,1,1,1,2,7
4477,59.40870012869822,777,24,6,68,0.03088803088803089,81,8,2,1,1,1,3,5
4478,125.95366598777896,491,24,6,71,0.048879837067209775,81,11,1,1,3,1,2,9
4479,2.540000000000461,1012,23,5,73,0.022727272727272728,81,13,1,2,3,2,3,7
4480,32.85799136068913,926,24,6,71,0.02591792656587473,81,9,1,1,1,1,4,3
4481,-12.660000000001533,1028,23,5,73,0.02237354085603113,81,9,1,1,1,1,3,6
4482,81.06948963317295,627,24,6,75,0.03827751196172249,81,5,1,1,1,1,1,5
4483,109.71083969465525,524,24,6,64,0.04580152671755725,81,8,1,1,2,2,1,5
4484,22.642774922917436,973,24,6,62,0.024665981500513873,81,9,2,1,1,1,4,5
4485,42.798343195264216,845,24,6,68,0.028402366863905324,81,7,1,1,1,1,1,5
4486,-11.530000000001767,1081,23,5,70,0.02127659574468085,81,13,1,1,2,2,4,9
4487,29.331111111109713,900,24,6,74,0.02666666666666667,81,6,1,1,1,1,3,3
4488,-83.21716678805753,1373,24,6,75,0.01747997086671522,81,0,1,1,1,1,1,1
4489,35.71123470522602,899,24,6,76,0.026696329254727477,81,8,1,1,1,3,1,7
4490,30.106157112524876,942,24,6,76,0.025477707006369428,81,9,1,1,1,1,2,7
4491,-99.4800000000014,1433,23,5,75,0.016050244242847175,81,7,1,1,1,2,1,5
4492,-32.11511035653848,1178,24,6,76,0.02037351443123939,81,4,1,1,1,2,1,2
4493,55.23484394506668,801,24,6,75,0.0299625468164794,81,8,1,2,1,1,1,7
4494,107.89052631578838,475,24,6,68,0.05052631578947368,81,4,1,1,1,1,1,4
4495,101.90761726078676,533,24,6,64,0.0450281425891182,81,6,1,1,1,1,2,4
4496,-65.97000000000212,1250,23,5,74,0.0184,81,6,1,1,1,1,1,7
4497,33.41989010988817,910,24,6,75,0.026373626373626374,81,8,1,1,2,2,2,4
4498,-9.781111111113047,1125,24,6,73,0.021333333333333333,81,8,1,2,2,1,1,5
4499,16.56395010394814,962,24,6,70,0.02494802494802495,81,6,1,1,2,1,1,4
4500,55.853152709357616,812,24,6,73,0.029556650246305417,81,9,1,1,1,1,2,7
4501,-138.94259471871575,1742,24,6,76,0.013777267508610792,81,6,1,1,1,1,2,5
4502,14.922880658434316,972,24,6,74,0.024691358024691357,81,6,1,2,1,1,2,4
4503,110.78801980197909,505,24,6,67,0.047524752475247525,81,7,1,1,1,2,3,5
4504,-40.79187500000157,1280,24,6,73,0.01875,81,8,1,2,1,1,3,3
4505,3.0314198782943773,986,24,6,73,0.02434077079107505,81,3,1,1,1,2,1,3
4506,-48.95000000000185,1149,23,5,72,0.020017406440382943,81,5,1,1,1,1,1,5
4507,156.9124795640332,367,24,6,72,0.0653950953678474,81,13,1,1,3,3,3,6
4508,34.95682242990463,856,24,6,72,0.028037383177570093,81,5,1,1,2,1,2,4
4509,21.406837606835712,936,24,6,66,0.02564102564102564,81,6,1,1,2,2,2,2
4510,-68.64000000000206,1292,23,5,71,0.01780185758513932,81,8,1,2,2,1,2,3
4511,40.71848341232031,844,24,6,76,0.02843601895734597,81,6,1,1,3,1,1,4
4512,-24.380000000001623,1068,23,5,65,0.02153558052434457,82,8,1,2,1,1,1,6
4513,83.28151515151366,660,24,6,73,0.03636363636363636,82,8,1,1,1,3,1,7
4514,-23.24000000000189,1020,23,5,71,0.022549019607843137,82,5,1,1,1,1,2,3
4515,158.45783783783878,296,24,6,64,0.08108108108108109,82,9,2,1,1,1,2,5
4516,43.25499999999819,800,24,6,73,0.03,82,4,1,1,1,1,1,3
4517,56.60406947890695,806,24,6,68,0.02977667493796526,82,9,1,1,1,1,3,6
4518,5.091157702823759,1097,24,6,76,0.02187784867821331,82,11,1,1,1,2,2,10
4519,63.987388535032,785,24,6,70,0.030573248407643312,82,10,1,1,2,2,2,5
4520,21.79235955056012,890,24,6,68,0.02696629213483146,82,3,1,1,1,1,1,3
4521,51.58019230769086,832,24,6,70,0.028846153846153848,82,9,1,1,2,1,2,8
4522,-17.57000000000209,1068,23,5,74,0.02153558052434457,82,10,1,1,1,3,2,6
4523,76.59432098765281,648,24,6,72,0.037037037037037035,82,5,1,1,1,1,1,5
4524,-69.39000000000213,1238,23,5,76,0.018578352180936994,82,4,1,1,1,1,1,4
4525,89.87313213702954,613,24,6,75,0.03915171288743882,82,7,1,1,2,3,1,4
4526,-24.94000000000081,1013,22,4,72,0.02171767028627838,82,9,1,1,1,2,2,8
4527,4.136153846151883,1040,24,6,72,0.023076923076923078,82,7,1,1,3,1,3,3
4528,9.700100100098322,999,24,6,76,0.024024024024024024,82,6,1,1,1,1,1,5
4529,2.691407678242932,1094,24,6,76,0.021937842778793418,82,10,1,1,1,2,2,9
4530,13.300401606423776,996,24,6,76,0.024096385542168676,82,7,1,1,2,1,3,3
4531,60.6903369434397,831,24,6,69,0.02888086642599278,82,12,1,1,2,1,4,9
4532,-41.88000000000159,1130,23,5,75,0.020353982300884955,82,6,1,1,1,2,1,3
4533,38.31481056256974,871,24,6,76,0.027554535017221583,82,7,1,1,1,2,2,5
4534,79.16684287811934,681,24,6,74,0.03524229074889868,82,8,1,1,2,2,1,7
4535,85.28812154696013,724,24,6,71,0.03314917127071823,82,13,1,1,3,1,2,10
4536,-87.75000000000031,1343,23,5,72,0.01712583767684289,82,5,2,1,1,2,1,4
4537,131.0820185614847,431,24,6,61,0.05568445475638051,82,9,1,1,1,2,2,6
4538,12.720200400799879,998,24,6,74,0.02404809619238477,82,7,1,1,1,2,2,3
4539,-34.64000000000152,1062,23,5,71,0.021657250470809793,82,4,1,1,1,1,2,3
4540,63.186742712294134,789,24,6,70,0.030418250950570342,82,10,1,1,3,2,3,6
4541,16.320502512561944,995,24,6,74,0.024120603015075376,82,8,1,2,1,1,2,6
4542,34.703734439833255,964,24,6,76,0.024896265560165973,82,12,2,2,1,1,4,8
4543,-11.240000000000608,1020,23,5,71,0.022549019607843137,82,9,1,1,2,1,3,7
4544,88.0415508885284,619,24,6,68,0.03877221324717286,82,7,1,1,1,1,2,7
4545,-6.790000000000074,1030,23,5,76,0.02233009708737864,82,11,1,1,3,1,3,6
4546,75.76326647564305,698,24,6,74,0.034383954154727794,82,8,1,2,1,1,2,7
4547,36.763519668736365,966,24,6,70,0.024844720496894408,82,13,1,1,2,1,4,10
4548,-35.13000000000158,1124,23,5,70,0.020462633451957295,82,8,1,1,1,2,2,7
4549,98.70214936247613,549,24,6,64,0.04371584699453552,82,6,1,1,1,1,1,6
4550,41.14416666666488,960,24,6,72,0.025,82,14,1,1,2,3,4,9
4551,-37.15000000000046,1010,22,4,63,0.02178217821782178,82,5,1,1,1,1,2,3
4552,-27.08000000000063,1086,23,5,75,0.02117863720073665,82,8,1,1,3,1,2,4
4553,-73.8600000000023,1334,23,5,73,0.017241379310344827,82,9,2,2,2,1,1,5
4554,90.95673981191122,638,24,6,76,0.03761755485893417,82,9,1,1,1,3,2,7
4555,39.42363636363514,880,24,6,75,0.02727272727272727,82,8,1,1,1,1,2,8
4556,101.13241379310213,580,24,6,60,0.041379310344827586,82,9,1,1,3,2,1,4
4557,-31.510000000001693,1045,23,5,68,0.02200956937799043,82,4,1,1,1,2,1,4
4558,-13.460000000001962,1017,23,5,73,0.02261553588987217,82,8,1,1,1,1,3,3
4559,153.41055900621126,322,24,6,66,0.07453416149068323,82,9,1,1,1,2,2,5
4560,47.28723329425344,853,24,6,69,0.02813599062133646,82,9,1,1,3,2,1,4
4561,-13.860000000001984,1019,23,5,73,0.022571148184494603,82,8,1,1,3,1,1,5
4562,19.00881422924752,1012,24,6,75,0.023715415019762844,82,10,1,1,2,1,1,10
4563,7.300401606423864,996,24,6,76,0.024096385542168676,82,5,1,1,1,2,1,4
4564,-28.219999999999875,1134,23,5,69,0.020282186948853614,82,11,2,1,3,3,1,7
4565,91.31556291390586,604,24,6,71,0.039735099337748346,82,7,1,1,1,1,3,3
4566,23.020864745009295,902,24,6,75,0.026607538802660754,82,4,1,1,1,1,1,3
4567,92.7592757660174,718,24,6,74,0.033426183844011144,82,15,1,1,3,2,4,10
4568,-35.1201915403054,1253,24,6,76,0.019154030327214685,82,8,1,1,1,2,2,7
4569,-34.860000000000795,1124,23,5,73,0.020462633451957295,82,8,2,1,1,1,3,4
4570,-47.190000000001625,1157,23,5,76,0.019878997407087293,82,6,1,1,1,1,1,7
4571,76.60144271569848,707,24,6,70,0.033946251768033946,82,9,1,2,3,1,1,7
4572,-244.15704467353288,2328,24,6,76,0.010309278350515464,82,10,2,1,2,1,3,7
4573,73.97869625520019,721,24,6,72,0.033287101248266296,82,9,1,1,2,1,1,9
4574,47.9937656427741,879,24,6,68,0.027303754266211604,82,11,2,1,1,1,4,8
4575,-81.00000000000043,1412,23,5,67,0.016288951841359773,82,12,1,1,3,1,2,10
4576,75.49835016834882,594,24,6,73,0.04040404040404041,82,1,1,1,1,1,1,2
4577,1.229999999998057,1004,23,5,74,0.022908366533864542,82,12,2,1,1,1,3,10
4578,61.964508670518676,692,24,6,74,0.03468208092485549,82,3,1,1,2,1,1,3
4579,113.16605633802811,568,24,6,67,0.04225352112676056,82,12,1,1,3,1,4,4
4580,-22.790000000001935,1050,23,5,76,0.021904761904761906,82,7,1,1,1,1,2,4
4581,48.51764705882364,850,24,6,76,0.02823529411764706,82,9,2,1,1,1,2,7
4582,20.362774922916923,973,24,6,70,0.024665981500513873,82,8,1,2,1,1,3,3
4583,-29.950000000001822,1039,23,5,72,0.02213666987487969,82,4,1,1,1,3,1,2
4584,95.8033986928093,612,24,6,72,0.0392156862745098,82,9,1,1,1,1,3,8
4585,109.43202020201906,495,24,6,63,0.048484848484848485,82,6,1,1,2,1,1,4
4586,-14.206177703270729,1193,24,6,75,0.020117351215423303,82,11,1,1,2,3,3,6
4587,-19.35000000000188,1016,23,5,72,0.022637795275590553,82,6,1,1,1,1,1,5
4588,-23.68000000000178,1009,23,5,75,0.022794846382556987,82,4,1,1,1,2,1,4
4589,-125.68000000000308,1564,23,5,75,0.014705882352941176,82,7,1,1,1,1,1,7
4590,89.49018018017895,555,24,6,75,0.043243243243243246,82,3,1,1,1,1,1,2
4591,64.42804097311094,781,24,6,66,0.030729833546734954,82,10,1,2,1,1,2,7
4592,-6.263100775195483,1032,24,6,72,0.023255813953488372,82,3,1,1,1,1,1,2
4593,40.422359550559875,890,24,6,75,0.02696629213483146,82,9,1,1,1,1,2,9
4594,-25.63000000000175,1046,22,4,71,0.021032504780114723,82,11,1,1,1,1,4,9
4595,-37.08000000000206,1181,23,5,75,0.01947502116850127,82,11,1,1,3,2,2,6
4596,49.78106537530176,826,24,6,70,0.029055690072639227,82,8,1,1,1,1,4,3
4597,63.79227513227336,756,24,6,70,0.031746031746031744,82,8,1,1,1,1,1,9
4598,40.336279069765624,860,24,6,74,0.027906976744186046,82,7,1,1,1,1,1,7
4599,111.77867924528181,530,24,6,67,0.045283018867924525,82,9,1,1,3,1,3,6
4600,-12.660000000002054,1028,23,5,73,0.02237354085603113,82,9,1,1,1,1,3,8
4601,109.06618556700964,485,24,6,70,0.049484536082474224,82,5,1,1,1,1,1,6
4602,-17.44000000000003,1111,23,5,71,0.020702070207020702,82,13,1,2,1,2,4,9
4603,-25.440000000001525,1061,23,5,71,0.021677662582469368,82,7,1,1,1,1,1,8
4604,129.7010966057434,383,24,6,72,0.06266318537859007,82,5,1,1,2,2,1,3
4605,133.30041474654274,434,24,6,59,0.055299539170506916,82,10,1,1,2,3,2,5
4606,-29.560000000001317,1048,23,5,63,0.02194656488549618,82,5,1,1,2,1,1,4
4607,50.71658227847923,790,24,6,67,0.030379746835443037,82,6,1,1,1,1,2,4
4608,27.238108108106147,925,24,6,73,0.025945945945945945,82,7,1,1,1,1,1,5
4609,120.22881838074413,457,24,6,65,0.0525164113785558,82,7,1,1,1,1,4,4
4610,-65.74000000000179,1172,22,4,72,0.01877133105802048,82,6,2,1,1,1,1,4
4611,143.4959574468109,376,24,6,43,0.06382978723404255,82,10,1,1,1,2,2,7
4612,-16.26000000000169,1016,23,5,73,0.022637795275590553,82,7,1,2,3,1,2,4
4613,-42.190000000001874,1132,23,5,76,0.020318021201413426,82,6,1,1,1,1,2,3
4614,35.54604453870457,943,24,6,72,0.02545068928950159,82,11,1,1,3,1,3,6
4615,122.83522522522426,444,24,6,65,0.05405405405405406,82,7,1,1,1,1,1,5
4616,19.927296137337194,932,24,6,74,0.02575107296137339,82,5,1,1,1,1,2,3
4617,38.685473441106595,866,24,6,69,0.02771362586605081,82,7,1,2,2,1,2,4
4618,-29.330000000000826,1095,23,5,70,0.021004566210045664,82,8,1,1,1,1,2,7
4619,126.30573363431049,443,24,6,68,0.05417607223476298,82,8,1,1,1,1,1,8
4620,166.98670033670126,297,24,6,61,0.08080808080808081,82,12,1,1,3,2,3,7
4621,-19.660000000001627,1078,23,5,73,0.021335807050092765,82,10,1,1,1,3,1,9
4622,49.34269938650125,815,24,6,74,0.029447852760736196,82,7,1,1,1,1,2,7
4623,-22.860000000001573,1094,23,5,73,0.02102376599634369,82,10,2,1,2,1,1,9
4624,96.80891891891753,592,24,6,72,0.04054054054054054,82,8,1,1,2,1,1,8
4625,45.84806375442558,847,24,6,73,0.02833530106257379,82,8,2,1,1,1,3,6
4626,115.86123893805282,452,24,6,72,0.05309734513274336,82,5,1,1,1,1,2,5
4627,76.47908205841273,719,24,6,62,0.03337969401947149,82,10,1,1,2,2,2,8
4628,42.38004801920617,833,24,6,70,0.028811524609843937,82,6,1,1,1,1,1,5
4629,-77.79000000000224,1295,23,5,76,0.01776061776061776,82,5,1,1,1,1,2,5
4630,46.536414435388366,859,24,6,74,0.027939464493597205,82,9,1,2,1,1,3,7
4631,83.31858841010538,673,24,6,69,0.03566121842496285,82,9,1,1,1,3,2,6
4632,149.93362459546938,309,24,6,65,0.07766990291262135,82,7,1,1,1,1,3,5
4633,49.11771392081542,783,24,6,67,0.03065134099616858,82,5,1,1,1,1,3,3
4634,87.69863406407957,593,24,6,73,0.04047217537942664,82,5,1,1,1,1,2,3
4635,21.923412616337473,967,24,6,74,0.02481902792140641,82,8,1,2,2,1,1,4
4636,79.43455950540802,647,24,6,68,0.03709428129829984,82,6,1,1,1,1,3,3
4637,110.72449897750536,489,24,6,64,0.049079754601226995,82,6,1,1,1,2,3,3
4638,-26.260000000001906,1066,23,5,73,0.021575984990619138,82,7,1,1,1,2,1,7
4639,8.600000000000389,1024,23,5,67,0.0224609375,82,16,1,1,3,3,4,10
4640,16.126837606835885,936,24,6,74,0.02564102564102564,82,4,1,1,2,1,1,4
4641,-36.640000000001834,1102,23,5,71,0.020871143375680582,82,6,1,1,1,1,1,4
4642,76.05992503747973,667,24,6,75,0.035982008995502246,82,6,1,1,2,1,1,3
4643,-21.15000000000178,1025,23,5,72,0.0224390243902439,82,6,1,1,2,1,1,5
4644,141.5192982456144,456,24,6,66,0.05263157894736842,82,14,1,2,3,2,3,9
4645,-33.7700000000015,1119,23,5,74,0.020554066130473638,82,8,1,1,2,1,1,7
4646,100.97313213703148,613,24,6,65,0.03915171288743882,82,11,1,1,2,1,2,10
4647,33.85857763300558,921,24,6,71,0.026058631921824105,82,9,2,1,1,1,1,9
4648,-10.471347517732344,1128,24,6,72,0.02127659574468085,82,8,1,2,2,1,1,7
4649,-76.20275050437056,1487,24,6,73,0.01613987895090787,82,10,1,1,2,3,1,5
4650,-22.710394265234424,1116,24,6,76,0.021505376344086023,82,3,1,1,2,1,1,3
4651,-48.08000000000081,1206,23,5,75,0.019071310116086235,82,9,2,1,1,2,2,5
4652,122.39011406844034,526,24,6,76,0.045627376425855515,82,12,1,1,1,3,4,5
4653,-44.13000000000195,1169,23,5,70,0.019674935842600515,82,8,1,1,1,1,4,4
4654,126.96790020789953,481,24,6,60,0.0498960498960499,82,11,1,1,1,2,4,6
4655,-51.93000000000207,1223,23,5,70,0.018806214227309895,82,9,1,1,2,2,1,5
4656,71.76534883720774,688,24,6,74,0.03488372093023256,82,6,1,1,1,1,2,6
4657,97.65513134851004,571,24,6,68,0.04203152364273205,82,7,1,1,1,1,1,7
4658,124.75120724345997,497,24,6,71,0.0482897384305835,82,11,1,1,1,2,2,6
4659,-64.95000000000208,1244,23,5,72,0.018488745980707395,82,6,1,1,1,1,1,5
4660,58.68568521031032,737,24,6,71,0.032564450474898234,82,5,1,1,1,1,1,6
4661,141.26679738562035,306,24,6,62,0.0784313725490196,82,4,1,1,1,1,1,3
4662,-16.680000000001733,1034,23,5,75,0.022243713733075435,82,8,1,1,1,1,2,5
4663,-69.22000000000142,1068,21,3,71,0.019662921348314606,82,3,1,1,1,1,1,3
4664,81.49970059880273,668,24,6,71,0.03592814371257485,82,8,1,1,1,1,2,8
4665,152.35850746268676,335,24,6,50,0.07164179104477612,82,10,1,1,2,2,1,5
4666,-33.40961414791183,1244,24,6,75,0.01929260450160772,82,8,1,1,2,2,2,3
4667,-38.51836734694068,1225,24,6,76,0.019591836734693877,82,5,1,1,1,1,2,5
4668,106.32518518518397,540,24,6,62,0.044444444444444446,82,8,1,1,1,2,1,7
4669,-10.890000000000912,1001,23,5,66,0.022977022977022976,82,8,1,1,2,1,2,4
4670,-28.88000000000179,1050,23,5,75,0.021904761904761906,82,5,1,1,2,1,1,5
4671,91.49155088852844,619,24,6,73,0.03877221324717286,82,8,1,1,1,2,2,6
4672,172.88735849056738,265,24,6,55,0.09056603773584905,82,12,1,1,2,2,4,5
4673,-16.910000000001837,1002,23,5,68,0.022954091816367265,82,6,2,1,1,1,2,3
4674,-17.0600000000017,1035,23,5,73,0.022222222222222223,82,8,1,1,1,1,4,3
4675,-35.39000000000186,1113,23,5,76,0.020664869721473494,82,7,1,1,1,2,1,5
4676,68.67224751066693,703,24,6,73,0.034139402560455195,82,6,1,1,1,1,1,7
4677,-8.840000000001538,1023,23,5,71,0.022482893450635387,82,10,1,1,1,1,3,8
4678,22.323626943003198,965,24,6,74,0.024870466321243522,82,8,1,2,1,1,1,7
4679,63.62738853502991,785,24,6,66,0.030573248407643312,82,10,2,1,2,1,3,7
4680,28.964166666666824,960,24,6,70,0.025,82,10,1,1,1,1,3,6
4681,68.05450867051863,692,24,6,75,0.03468208092485549,82,5,1,1,2,1,1,5
4682,-25.570000000000853,1078,23,5,74,0.021335807050092765,82,8,1,2,3,1,2,5
4683,-42.970000000001576,1120,23,5,74,0.020535714285714286,82,5,1,1,1,1,1,4
4684,112.11533880903394,487,24,6,75,0.049281314168377825,82,6,1,1,1,1,2,4
4685,25.942459016391354,976,24,6,72,0.02459016393442623,82,10,1,1,2,3,1,6
4686,-9.75000000000177,1013,23,5,72,0.022704837117472853,82,9,1,1,1,1,2,8
4687,-74.82315508021654,1496,24,6,75,0.016042780748663103,82,11,1,2,3,1,2,6
4688,58.53578616352148,795,24,6,65,0.03018867924528302,82,9,2,1,3,1,2,4
4689,-19.37000000000171,1032,23,5,74,0.022286821705426358,82,7,1,1,1,1,3,6
4690,13.519108027748254,1009,24,6,74,0.023785926660059464,82,8,1,1,2,2,1,6
4691,67.00705882352783,680,24,6,70,0.03529411764705882,82,4,1,1,2,1,1,2
4692,31.585708245241086,946,24,6,68,0.02536997885835095,82,10,1,1,1,2,4,6
4693,-25.660000000001094,1123,23,5,73,0.020480854853072127,82,11,1,1,3,1,2,9
4694,42.8501923076906,832,24,6,73,0.028846153846153848,82,6,1,1,1,1,3,3
4695,25.49741138560493,931,24,6,67,0.02577873254564984,82,7,1,1,2,1,1,4
4696,-35.46000000000177,1082,23,5,73,0.021256931608133085,82,5,1,1,1,1,1,4
4697,80.4783679525208,674,24,6,73,0.03560830860534125,82,8,1,1,1,1,2,8
4698,-354.964564138898,2822,24,6,76,0.008504606661941885,82,6,1,1,1,1,2,6
4699,101.89301038062436,578,24,6,64,0.04152249134948097,82,9,1,1,1,2,2,5
4700,106.1704008016026,499,24,6,69,0.04809619238476954,82,5,1,1,1,2,1,3
4701,40.44248593925552,889,24,6,73,0.02699662542182227,82,9,1,1,1,3,2,6
4702,-8.308172635447168,1089,24,6,76,0.02203856749311295,82,6,1,1,2,1,2,3
4703,-35.60525423729,1180,24,6,75,0.020338983050847456,82,3,1,1,1,1,1,3
4704,42.320375275937536,906,24,6,65,0.026490066225165563,82,11,1,1,3,2,2,6
4705,-20.11000000000194,1018,23,5,68,0.022593320235756387,82,6,1,1,1,1,2,5
4706,54.29224938875103,818,24,6,69,0.029339853300733496,82,9,2,1,1,2,1,6
4707,-40.600000000001245,1135,23,5,67,0.02026431718061674,82,7,1,1,1,2,1,4
4708,63.48458950201703,743,24,6,71,0.03230148048452221,82,7,1,1,1,1,2,5
4709,-57.48000000000185,1178,23,5,75,0.019524617996604415,82,4,1,1,1,2,1,4
4710,-21.770000000001986,1059,23,5,74,0.021718602455146365,82,8,1,1,3,1,2,6
4711,60.23642225031411,791,24,6,75,0.03034134007585335,82,9,1,1,1,3,2,6
4712,29.74449320794141,957,24,6,72,0.025078369905956112,82,10,1,1,1,1,3,8
4713,77.77197568388914,658,24,6,74,0.0364741641337386,82,6,2,1,1,2,2,3
4714,-144.7420625724228,1726,24,6,76,0.013904982618771726,82,3,1,1,1,1,1,3
4715,-23.220000000000947,1064,23,5,69,0.021616541353383457,82,8,1,1,1,1,3,7
4716,88.00705882352884,680,24,6,70,0.03529411764705882,82,11,1,1,1,1,4,9
4717,61.62164305948838,706,24,6,68,0.0339943342776204,82,4,1,1,1,1,1,5
4718,41.69406947890636,806,24,6,69,0.02977667493796526,82,4,1,1,1,1,1,4
4719,-31.1188969991911,1233,24,6,76,0.019464720194647202,82,8,1,1,1,1,2,8
4720,123.07052631578848,475,24,6,70,0.05052631578947368,82,9,1,1,3,1,1,8
4721,-17.909999999999386,1037,23,5,68,0.022179363548698167,82,8,1,2,1,1,1,5
4722,146.06674846625708,326,24,6,60,0.0736196319018405,82,7,1,1,3,2,1,5
4723,-3.8023575810709467,1141,24,6,75,0.021034180543382998,82,11,2,1,2,2,1,9
4724,93.65748031496254,635,24,6,66,0.03779527559055118,82,10,1,1,1,1,3,9
4725,-7.8400000000017025,1003,23,5,71,0.022931206380857428,82,9,1,1,1,1,3,8
4726,61.09285012285021,814,24,6,69,0.029484029484029485,82,11,1,1,2,1,4,8
4727,129.75584905660287,424,24,6,64,0.05660377358490566,82,8,1,1,2,2,1,6
4728,-40.59000000000089,1214,23,5,76,0.018945634266886325,82,12,1,1,3,1,4,5
4729,2.0100000000005593,1001,23,5,76,0.022977022977022976,82,12,2,1,3,2,2,6
4730,62.64623978201464,734,24,6,75,0.0326975476839237,82,6,1,1,1,1,1,6
4731,-41.44000000000182,1111,23,5,71,0.020702070207020702,82,5,2,1,1,1,1,5
4732,68.0456852103103,737,24,6,75,0.032564450474898234,82,8,1,1,1,1,1,6
4733,-14.781894273129396,1135,24,6,73,0.021145374449339206,82,7,1,2,2,1,2,4
4734,56.34140604467717,761,24,6,65,0.03153745072273324,82,6,1,1,1,1,4,3
4735,-39.260000000001455,1146,23,5,73,0.02006980802792321,82,8,1,1,2,1,2,7
4736,79.77432098765274,648,24,6,74,0.037037037037037035,82,6,1,1,1,1,2,3
4737,56.58626262626072,792,24,6,70,0.030303030303030304,82,8,1,1,1,1,4,5
4738,44.10933174224334,838,24,6,67,0.028639618138424822,82,7,1,1,1,1,2,5
4739,-3.0800000000005108,1011,23,5,75,0.02274975272007913,82,11,1,1,1,3,2,9
4740,125.4503846153857,416,24,6,65,0.057692307692307696,82,6,1,1,1,1,1,6
4741,-42.02000000000196,1218,23,5,69,0.018883415435139574,82,12,1,1,1,1,4,10
4742,111.62761726078935,533,24,6,72,0.0450281425891182,82,9,1,2,1,2,2,6
4743,-17.370000000001884,1022,23,5,74,0.022504892367906065,82,7,1,1,3,1,3,4
4744,65.75106159894966,763,24,6,74,0.03145478374836173,82,9,1,1,2,1,2,5
4745,57.80499999999804,800,24,6,68,0.03,82,9,1,1,2,1,2,4
4746,-19.06000000000196,1060,23,5,73,0.02169811320754717,82,9,1,1,2,1,2,8
4747,9.323092783504096,970,24,6,74,0.024742268041237112,82,4,1,1,2,1,1,4
4748,48.5575510204064,784,24,6,63,0.030612244897959183,82,5,1,1,1,2,1,4
4749,-22.62000000000193,1031,23,5,69,0.02230843840931135,82,6,2,1,1,2,1,3
4750,107.88726591760297,534,24,6,66,0.0449438202247191,82,8,1,1,1,1,2,7
4751,90.7685714285702,560,24,6,67,0.04285714285714286,82,4,1,1,1,1,1,3
4752,-4.448842297175064,1097,24,6,70,0.02187784867821331,82,8,1,1,1,3,1,5
4753,-26.46000000000196,1067,23,5,73,0.02155576382380506,82,7,1,2,1,1,1,5
4754,48.1843781094514,804,24,6,70,0.029850746268656716,82,6,1,1,2,1,1,5
4755,99.56920318725042,502,24,6,69,0.04780876494023904,82,3,1,1,1,1,1,3
4756,-40.12354740061396,1308,24,6,76,0.01834862385321101,82,10,2,1,2,1,1,6
4757,-57.195760950262226,1347,24,6,73,0.017817371937639197,82,7,1,1,2,2,1,6
4758,-40.517012448134494,1205,24,6,76,0.01991701244813278,82,3,1,1,1,1,1,3
4759,-48.35000000000169,1086,23,5,72,0.02117863720073665,82,1,1,1,1,1,1,2
4760,-28.892739965097746,1146,24,6,74,0.020942408376963352,82,3,1,1,1,1,1,2
4761,-7.08000000000185,1016,23,5,75,0.022637795275590553,83,10,1,2,3,2,1,4
4762,-372.1663072776167,2968,24,6,76,0.008086253369272238,83,10,1,1,1,2,2,7
4763,40.84668611435037,857,24,6,73,0.028004667444574097,83,7,1,1,1,2,1,4
4764,-12.530000000001746,1071,23,5,70,0.021475256769374416,83,12,1,2,2,1,4,5
4765,117.55491803278812,488,24,6,71,0.04918032786885246,83,8,1,1,2,2,2,5
4766,15.14638297872155,940,24,6,72,0.02553191489361702,83,4,1,1,1,1,1,5
4767,-4.490233393179064,1114,24,6,74,0.02154398563734291,83,9,1,1,3,2,1,5
4768,135.80570024570036,407,24,6,60,0.05896805896805897,83,9,1,1,2,1,2,5
4769,-12.640000000001404,1012,23,5,71,0.022727272727272728,83,8,1,1,1,2,3,4
4770,93.80452006980673,573,24,6,63,0.041884816753926704,83,6,1,2,1,2,1,4
4771,-58.86000000000134,1184,23,5,73,0.019425675675675675,83,4,1,1,1,1,1,5
4772,75.78044943820055,712,24,6,72,0.033707865168539325,83,9,1,1,1,1,3,5
4773,-31.170000000001753,1061,23,5,74,0.021677662582469368,83,5,1,2,1,1,1,3
4774,46.176414435387954,859,24,6,70,0.027939464493597205,83,9,2,1,1,2,2,7
4775,151.15850746268646,335,24,6,70,0.07164179104477612,83,9,1,1,3,1,1,7
4776,122.53739130434678,460,24,6,64,0.05217391304347826,83,8,1,2,1,1,1,6
4777,-53.13000000000163,1124,23,5,70,0.020462633451957295,83,2,1,1,2,1,1,2
4778,93.81360983102822,651,24,6,70,0.03686635944700461,83,11,1,1,1,2,4,8
4779,47.339047619045516,840,24,6,74,0.02857142857142857,83,8,1,1,1,2,2,4
4780,-10.33000000000192,1045,23,5,70,0.02200956937799043,83,11,1,1,1,1,4,7
4781,-59.370000000002015,1202,23,5,74,0.01913477537437604,83,5,1,1,1,1,1,5
4782,136.69696682464672,422,24,6,70,0.05687203791469194,83,10,1,1,2,1,3,8
4783,4.865238095236462,1050,24,6,69,0.022857142857142857,83,8,1,1,1,1,2,8
4784,-27.990000000001693,1001,23,5,76,0.022977022977022976,83,2,1,1,1,1,1,3
4785,135.48154589371947,414,24,6,72,0.057971014492753624,83,9,1,1,2,1,2,8
4786,43.060497237567084,905,24,6,71,0.026519337016574586,83,11,2,2,1,1,3,8
4787,-36.620000000001845,1101,23,5,69,0.02089009990917348,83,6,1,1,2,1,3,3
4788,167.20898305084867,295,24,6,59,0.08135593220338982,83,12,1,1,3,2,2,7
4789,40.781065375300805,826,24,6,70,0.029055690072639227,83,5,1,1,1,1,1,6
4790,-31.22000000000185,1074,23,5,69,0.021415270018621976,83,6,1,1,2,1,1,4
4791,53.27135922329892,824,24,6,71,0.02912621359223301,83,9,1,1,1,1,3,7
4792,-68.62000000000174,1216,23,5,69,0.018914473684210526,83,3,1,1,1,1,1,3
4793,83.28873015872908,630,24,6,73,0.0380952380952381,83,6,1,1,1,2,1,5
4794,-13.750000000001416,1078,23,5,72,0.021335807050092765,83,12,1,1,1,3,4,5
4795,22.41362694300331,965,24,6,75,0.024870466321243522,83,8,1,1,2,1,2,4
4796,54.22239902080634,817,24,6,66,0.02937576499388005,83,9,1,1,1,1,2,6
4797,45.261856823264274,894,24,6,71,0.026845637583892617,83,11,1,1,3,2,2,7
4798,-34.0400000000018,1149,23,5,71,0.020017406440382943,83,10,1,2,1,2,1,9
4799,84.01267175572362,655,24,6,70,0.0366412213740458,83,8,1,1,2,1,2,5
4800,117.26038461538386,416,24,6,74,0.057692307692307696,83,3,1,1,1,1,1,3
4801,-188.3500998003979,2004,24,6,76,0.011976047904191617,83,7,1,1,2,2,2,4
4802,30.56672358591038,937,24,6,70,0.025613660618996798,83,9,1,1,1,3,3,5
4803,-22.080000000001927,1076,23,5,75,0.02137546468401487,83,9,1,1,1,3,2,7
4804,-44.68000000000021,1159,23,5,75,0.01984469370146678,83,7,1,1,1,1,2,5
4805,39.419890109888236,910,24,6,75,0.026373626373626374,83,10,2,1,1,1,1,10
4806,-194.18999999999915,1922,23,5,76,0.011966701352757543,83,8,1,1,1,1,3,7
4807,91.22556291390593,604,24,6,70,0.039735099337748346,83,7,2,1,1,1,1,6
4808,-40.08000000000186,1136,23,5,75,0.020246478873239437,83,7,1,2,1,1,1,7
4809,148.38894736842093,304,24,6,70,0.07894736842105263,83,6,1,1,2,1,2,5
4810,29.94460251045842,956,24,6,72,0.02510460251046025,83,10,1,1,1,3,2,5
4811,113.34646365422434,509,24,6,71,0.047151277013752456,83,8,1,1,1,1,3,5
4812,77.61051364365817,623,24,6,61,0.038523274478330656,83,4,1,1,1,1,2,2
4813,-24.73000000000201,1102,23,5,70,0.020871143375680582,83,10,2,1,3,1,3,5
4814,84.0605136436582,623,24,6,66,0.038523274478330656,83,6,1,2,2,1,3,2
4815,-21.550000000001827,1012,23,5,72,0.022727272727272728,83,5,1,1,1,1,3,3
4816,30.111482720176586,897,24,6,76,0.026755852842809364,83,6,1,1,1,1,4,3
4817,9.720200400799646,998,24,6,74,0.02404809619238477,83,6,1,1,2,1,1,6
4818,64.96661202185614,732,24,6,63,0.03278688524590164,83,7,2,1,1,1,2,4
4819,-5.930000000001694,1023,23,5,70,0.022482893450635387,83,11,1,1,3,1,2,6
4820,87.84528925619695,605,24,6,68,0.03966942148760331,83,6,1,1,2,1,1,4
4821,-34.27000000000192,1087,23,5,64,0.021159153633854646,83,6,1,1,1,1,3,4
4822,18.921832993888096,982,24,6,74,0.024439918533604887,83,8,1,2,1,1,1,8
4823,101.28621973929116,537,24,6,66,0.0446927374301676,83,6,1,1,1,1,1,3
4824,17.96309278350507,970,24,6,70,0.024742268041237112,83,7,1,1,1,1,1,8
4825,-84.331224209081,1454,24,6,76,0.016506189821182942,83,5,1,1,1,1,2,3
4826,-47.66000000000172,1158,23,5,73,0.019861830742659757,83,6,1,1,1,1,1,5
4827,-21.17000000000191,1026,23,5,74,0.022417153996101363,83,6,1,1,1,1,1,5
4828,58.1347708894862,742,24,6,76,0.03234501347708895,83,5,1,1,1,1,1,5
4829,-32.190000000001724,1037,23,5,76,0.022179363548698167,83,3,1,1,1,1,2,3
4830,150.31013605442183,294,24,6,69,0.08163265306122448,83,6,1,1,1,1,3,3
4831,-24.600000000001906,1040,23,5,67,0.022115384615384617,83,6,1,1,1,1,1,7
4832,56.982653352352145,701,24,6,72,0.034236804564907276,83,2,1,1,1,1,1,3
4833,103.02528925619731,605,24,6,70,0.03966942148760331,83,11,1,1,3,1,2,9
4834,-29.200000000001367,1063,23,5,67,0.021636876763875823,83,6,1,1,1,2,2,5
4835,125.57834061135375,458,24,6,60,0.05240174672489083,83,9,1,1,1,1,1,10
4836,33.46792452830008,848,24,6,71,0.02830188679245283,83,4,1,1,2,1,1,3
4837,15.614821802933184,954,24,6,75,0.025157232704402517,83,5,1,1,1,2,1,4
4838,-19.35000000000197,1046,23,5,72,0.02198852772466539,83,8,1,1,1,1,1,6
4839,51.05180267965949,821,24,6,73,0.029232643118148598,83,8,1,1,1,1,2,8
4840,144.19247956403274,367,24,6,64,0.0653950953678474,83,9,1,1,3,1,3,4
4841,-38.95000000000143,1054,23,5,72,0.021821631878557873,83,2,1,1,1,1,1,3
4842,22.964166666664756,960,24,6,70,0.025,83,8,1,1,2,1,3,6
4843,122.95691588785247,535,24,6,69,0.044859813084112146,83,13,1,2,2,2,3,5
4844,-28.800000000001386,1016,23,5,67,0.022637795275590553,83,3,1,1,1,1,1,2
4845,27.348225108223094,924,24,6,72,0.025974025974025976,83,7,2,1,1,1,1,6
4846,-23.990000000001466,1071,23,5,76,0.021475256769374416,83,8,1,2,2,1,1,6
4847,-79.99000000000231,1426,23,5,76,0.016129032258064516,83,13,2,2,1,1,4,6
4848,78.58835016834875,594,24,6,74,0.04040404040404041,83,2,1,1,1,2,1,2
4849,15.920300902706146,997,24,6,74,0.024072216649949848,83,8,2,1,1,1,1,5
4850,-16.57000000000194,1003,23,5,74,0.022931206380857428,83,6,1,2,1,1,1,4
4851,83.90974440894422,626,24,6,71,0.038338658146964855,83,6,1,1,1,1,1,4
4852,116.06833333333236,480,24,6,70,0.05,83,7,1,1,1,1,1,8
4853,6.227087378638956,1030,24,6,73,0.02330097087378641,83,7,2,1,1,1,1,6
4854,61.042100396301365,757,24,6,75,0.031704095112285335,83,7,1,2,2,1,1,4
4855,-20.800000000001983,1036,23,5,67,0.0222007722007722,83,7,2,1,1,2,1,6
4856,10.14695187165604,935,24,6,72,0.025668449197860963,83,2,1,1,1,1,1,3
4857,2.006432015427377,1037,24,6,75,0.023143683702989394,83,6,1,1,1,1,1,6
4858,22.033519668736705,966,24,6,73,0.024844720496894408,83,8,1,1,1,1,1,6
4859,133.08411764705892,340,24,6,47,0.07058823529411765,83,4,1,1,1,1,2,4
4860,47.36135922329899,824,24,6,72,0.02912621359223301,83,7,1,1,1,1,2,7
4861,79.75204545454517,704,24,6,65,0.03409090909090909,83,10,1,1,2,3,1,7
4862,71.01623978201457,734,24,6,68,0.0326975476839237,83,9,1,1,1,2,3,3
4863,110.67762845849693,506,24,6,68,0.04743083003952569,83,7,1,1,2,1,1,4
4864,-41.75000000000158,1098,23,5,72,0.020947176684881604,83,4,1,1,1,1,1,3
4865,-55.08000000000211,1226,23,5,75,0.018760195758564437,83,8,1,1,1,1,1,7
4866,-39.4400000000017,1086,23,5,71,0.02117863720073665,83,4,1,1,1,1,1,3
4867,102.0376284584972,506,24,6,72,0.04743083003952569,83,4,1,1,1,1,1,4
4868,19.83080645161121,992,24,6,73,0.024193548387096774,83,9,1,1,2,2,2,3
4869,-77.55000000000223,1277,23,5,72,0.018010963194988253,83,4,1,1,1,1,1,4
4870,-131.770000000003,1534,23,5,74,0.01499348109517601,83,3,1,1,1,1,1,3
4871,60.86210039629944,757,24,6,73,0.031704095112285335,83,7,1,1,2,2,1,6
4872,123.44172949002233,451,24,6,54,0.05321507760532151,83,8,1,1,1,2,1,7
4873,-39.32057188244832,1259,24,6,76,0.019062748212867357,83,7,1,1,1,2,1,4
4874,-31.789999999999306,1155,23,5,76,0.019913419913419914,83,11,1,1,3,3,1,6
4875,109.57120724345964,497,24,6,69,0.0482897384305835,83,6,1,1,1,1,2,6
4876,60.11690355329759,788,24,6,67,0.030456852791878174,83,9,1,1,1,3,2,5
4877,43.891212121210216,825,24,6,69,0.02909090909090909,83,6,1,1,1,3,1,3
4878,-27.02000000000181,1053,23,5,69,0.02184235517568851,83,6,1,1,1,1,2,5
4879,-28.94000000000168,1018,22,4,72,0.021611001964636542,83,8,1,1,1,3,3,3
4880,17.926157112525622,942,24,6,74,0.025477707006369428,83,5,1,1,1,2,2,2
4881,67.41297872340357,752,24,6,68,0.031914893617021274,83,9,1,1,2,2,2,6
4882,29.077642626478095,929,24,6,69,0.02583423035522067,83,8,1,1,1,1,1,9
4883,-42.640000000000484,1102,23,5,71,0.020871143375680582,83,4,1,1,1,1,1,3
4884,108.20825311943062,561,24,6,63,0.0427807486631016,83,10,2,1,1,1,2,9
4885,126.69094688221934,433,24,6,50,0.05542725173210162,83,8,2,1,2,1,1,6
4886,-29.570000000001365,1023,23,5,74,0.022482893450635387,83,3,1,1,1,1,1,3
4887,-74.07355481727811,1505,24,6,70,0.015946843853820596,83,12,2,1,1,3,1,10
4888,14.741317122592209,987,24,6,72,0.0243161094224924,83,7,1,1,1,1,4,5
4889,152.17971223021638,278,24,6,54,0.08633093525179857,83,6,1,1,2,1,1,3
4890,-24.29326973113806,1153,24,6,74,0.020815264527320035,83,5,2,1,1,1,1,4
4891,-34.99000000000102,1036,23,5,76,0.0222007722007722,83,2,1,1,1,2,1,2
4892,127.02920502092262,478,24,6,54,0.0502092050209205,83,11,1,1,1,1,4,8
4893,-163.07999999999856,1826,23,5,75,0.012595837897042717,83,12,1,1,1,1,4,10
4894,71.00814814814659,675,24,6,70,0.035555555555555556,83,5,1,1,1,1,1,4
4895,94.30857142857035,560,24,6,73,0.04285714285714286,83,5,1,1,1,1,2,3
4896,-170.34775339602922,1914,24,6,76,0.012539184952978056,83,7,1,1,1,1,1,8
4897,-34.590000000001766,1079,23,5,76,0.021316033364226137,83,5,1,1,1,1,1,4
4898,105.16052631578849,475,24,6,71,0.05052631578947368,83,3,1,1,1,1,1,4
4899,56.64919896640787,774,24,6,64,0.031007751937984496,83,7,2,1,1,2,1,6
4900,-32.97000000000179,1070,23,5,74,0.02149532710280374,83,5,1,1,1,2,1,4
4901,-43.01076069730807,1262,24,6,75,0.01901743264659271,83,6,1,2,1,2,1,4
4902,-14.330000000001734,1035,23,5,70,0.022222222222222223,83,9,1,2,1,2,1,8
4903,116.5208396946553,524,24,6,73,0.04580152671755725,83,10,1,1,1,2,2,6
4904,40.914547537225985,873,24,6,76,0.027491408934707903,83,8,1,1,3,1,2,5
4905,-37.280000000001905,1122,23,5,75,0.020499108734402853,83,7,1,1,1,1,1,8
4906,162.439855072465,345,24,6,51,0.06956521739130435,83,14,1,1,3,2,4,5
4907,17.831317122591663,987,24,6,73,0.0243161094224924,83,8,1,1,3,1,1,4
4908,11.358231827110462,1018,24,6,70,0.023575638506876228,83,8,1,1,2,1,2,6
4909,-26.170000000001803,1036,23,5,74,0.0222007722007722,83,5,1,1,1,1,1,4
4910,-112.20777224642438,1607,24,6,73,0.014934660858743,83,6,2,1,1,1,1,6
4911,35.54604453870408,943,24,6,72,0.02545068928950159,83,11,1,1,1,3,4,5
4912,7.160603621728774,994,24,6,70,0.02414486921529175,83,5,1,1,2,1,1,4
4913,-32.39000000000179,1053,23,5,76,0.02184235517568851,83,4,1,1,1,1,2,3
4914,-16.950000000002028,1034,23,5,72,0.022243713733075435,83,8,1,1,1,3,1,7
4915,128.63038461538366,416,24,6,67,0.057692307692307696,83,7,1,1,2,2,2,2
4916,42.42976047904002,835,24,6,75,0.02874251497005988,83,6,1,1,1,1,4,4
4917,52.4837623762374,808,24,6,60,0.0297029702970297,83,8,1,1,1,1,3,4
4918,-10.350000000001998,1016,23,5,72,0.022637795275590553,83,9,2,1,2,1,1,8
4919,111.25052631578843,475,24,6,72,0.05052631578947368,83,5,1,1,1,2,1,4
4920,-30.480000000001912,1088,23,5,75,0.021139705882352942,83,7,1,2,1,1,2,6
4921,74.21368983957103,748,24,6,68,0.03208556149732621,83,11,1,1,2,2,3,5
4922,50.96180267965691,821,24,6,72,0.029232643118148598,83,8,1,1,1,2,3,6
4923,38.21917030567476,916,24,6,75,0.026200873362445413,83,10,1,1,2,1,3,7
4924,-19.290000000001918,1013,23,5,66,0.022704837117472853,83,6,1,1,2,1,2,3
4925,-12.170000000000934,1011,23,5,74,0.02274975272007913,83,8,1,1,1,1,1,9
4926,8.299403578527183,1006,24,6,76,0.02385685884691849,83,6,1,1,1,1,2,5
4927,119.59047619047547,525,24,6,76,0.045714285714285714,83,11,1,1,2,3,1,9
4928,25.921358574608437,898,24,6,65,0.026726057906458798,83,5,1,1,1,1,4,2
4929,-35.330000000001704,1080,23,5,70,0.021296296296296296,83,5,1,1,1,1,1,4
4930,42.71048192770972,830,24,6,67,0.02891566265060241,83,6,1,1,2,1,1,4
4931,-39.699678714861534,1245,24,6,74,0.01927710843373494,83,6,1,1,1,1,1,6
4932,-16.640000000001976,1017,23,5,71,0.02261553588987217,83,7,1,1,2,1,2,3
4933,93.69726591760183,534,24,6,75,0.0449438202247191,83,3,1,1,1,1,2,3
4934,4.735057034219135,1052,24,6,72,0.022813688212927757,83,8,1,1,2,1,2,5
4935,40.21467889908051,872,24,6,66,0.027522935779816515,83,8,2,1,1,1,1,8
4936,57.807388535029915,785,24,6,68,0.030573248407643312,83,8,1,1,1,1,3,4
4937,-26.990382165606768,1256,24,6,73,0.01910828025477707,83,11,1,1,3,3,3,6
4938,30.895374077974754,949,24,6,67,0.02528977871443625,83,10,1,1,1,1,3,6
4939,-31.280000000001156,1122,23,5,75,0.020499108734402853,83,9,1,1,3,1,2,6
4940,111.27097046413398,474,24,6,70,0.05063291139240506,83,5,1,1,1,1,1,5
4941,83.5699999999985,625,24,6,65,0.0384,83,6,1,1,1,2,2,5
4942,102.75315018314895,546,24,6,69,0.04395604395604396,83,7,1,1,2,3,1,4
4943,26.623122171944196,884,24,6,75,0.027149321266968326,83,4,1,1,2,1,1,3
4944,85.32797788309492,633,24,6,69,0.037914691943127965,83,7,1,1,1,1,1,5
4945,-18.780000000001976,1010,23,5,65,0.02277227722772277,83,6,2,1,2,1,1,3
4946,92.24673981191094,638,24,6,57,0.03761755485893417,83,10,1,2,1,1,3,6
4947,-28.619999999999447,1106,23,5,69,0.020795660036166366,83,9,1,1,1,1,4,4
4948,77.64366612111209,611,24,6,68,0.03927986906710311,83,3,1,1,1,1,1,4
4949,24.653412616337416,967,24,6,71,0.02481902792140641,83,9,1,1,2,2,2,7
4950,115.52833333333429,480,24,6,64,0.05,83,7,1,1,1,1,3,4
4951,74.66947683108963,669,24,6,64,0.03587443946188341,83,6,1,1,1,1,2,5
4952,-55.42000000000214,1225,23,5,69,0.018775510204081632,83,8,1,1,2,1,1,8
4953,33.52482180293285,954,24,6,74,0.025157232704402517,83,11,1,2,2,1,2,9
4954,-26.480000000001784,1038,23,5,75,0.022157996146435453,83,5,1,1,1,1,2,4
4955,54.33140604467626,761,24,6,76,0.03153745072273324,83,5,1,1,1,1,1,4
4956,-49.97000000000188,1170,23,5,74,0.019658119658119658,83,6,1,1,1,1,1,6
4957,112.6145525291837,514,24,6,74,0.04669260700389105,83,8,1,1,2,1,1,8
4958,-75.28000000000226,1282,23,5,75,0.01794071762870515,83,5,1,1,1,1,3,4
4959,150.2246753246762,308,24,6,66,0.07792207792207792,83,7,1,2,2,1,1,5
4960,40.774810562570664,871,24,6,70,0.027554535017221583,83,8,2,1,1,1,2,7
4961,24.680375275936633,906,24,6,69,0.026490066225165563,83,5,1,1,1,1,1,5
4962,-39.07000000000171,1111,23,5,64,0.020702070207020702,83,6,1,1,2,1,2,4
4963,129.54880715705787,503,24,6,71,0.04771371769383698,83,13,2,1,2,2,4,8
4964,30.9083423618618,923,24,6,76,0.02600216684723727,83,8,1,1,1,2,2,4
4965,-19.580000000000695,1014,23,5,65,0.022682445759368838,83,6,1,1,1,1,2,6
4966,142.49974025973967,385,24,6,52,0.06233766233766234,83,10,1,1,3,3,2,3
4967,-35.13000000000206,1154,23,5,70,0.01993067590987868,83,10,1,1,2,1,2,8
4968,52.29300123001042,813,24,6,69,0.02952029520295203,83,8,1,1,2,1,1,8
4969,36.33560693641431,865,24,6,74,0.027745664739884393,83,6,1,1,1,1,1,6
4970,55.931506682868005,823,24,6,65,0.02916160388821385,83,10,1,2,1,2,2,8
4971,27.38504201680504,952,24,6,68,0.025210084033613446,83,9,1,2,2,1,2,6
4972,-61.260000000001654,1151,23,5,73,0.01998262380538662,83,1,1,1,1,1,1,2
4973,40.51428571428393,875,24,6,76,0.027428571428571427,83,8,1,1,2,3,3,3
4974,40.378623962038475,843,24,6,70,0.028469750889679714,83,6,1,1,1,1,1,5
4975,-88.75000000000242,1333,23,5,72,0.0172543135783946,83,4,1,2,1,2,1,2
4976,40.830772946858005,828,24,6,75,0.028985507246376812,83,5,1,1,2,1,1,3
4977,-30.080000000001945,1086,23,5,75,0.02117863720073665,83,7,1,1,2,2,1,4
4978,-46.75000000000093,1002,21,3,74,0.020958083832335328,83,6,1,1,1,1,1,7
4979,95.22161290322475,496,24,6,74,0.04838709677419355,83,1,1,1,1,2,1,1
4980,11.012354145341037,977,24,6,75,0.02456499488229273,83,5,1,1,1,1,1,3
4981,24.752107623316643,892,24,6,72,0.026905829596412557,83,4,1,1,2,1,1,4
4982,17.49460251045836,956,24,6,67,0.02510460251046025,83,6,1,1,1,1,1,3
4983,39.50415525113948,876,24,6,67,0.0273972602739726,83,8,1,2,1,1,1,5
4984,-13.840000000000684,1003,23,5,71,0.022931206380857428,83,7,1,1,1,2,1,5
4985,54.47936610607833,773,24,6,71,0.031047865459249677,83,6,1,2,1,1,2,5
4986,28.59098779134104,901,24,6,68,0.026637069922308545,83,6,1,1,1,1,1,7
4987,-174.23826694257602,1933,24,6,75,0.012415933781686497,83,7,1,1,1,2,1,4
4988,51.67706480304764,787,24,6,71,0.030495552731893267,83,6,1,1,1,2,2,3
4989,-26.990000000002063,1116,23,5,76,0.02060931899641577,83,10,1,1,1,1,3,6
4990,28.620619469024852,904,24,6,75,0.02654867256637168,83,6,2,1,1,1,1,3
4991,99.4985714285701,560,24,6,64,0.04285714285714286,83,7,1,1,1,1,1,7
4992,-23.820000000001322,1112,23,5,69,0.02068345323741007,83,11,1,1,1,2,4,5
4993,131.56954177897506,371,24,6,66,0.0646900269541779,83,5,1,1,1,1,1,4
4994,-56.68000000000129,1189,23,5,75,0.01934398654331371,83,5,1,1,2,1,1,4
4995,124.6320185614839,431,24,6,56,0.05568445475638051,83,7,1,1,3,1,2,5
4996,-21.84000000000197,1058,23,5,71,0.021739130434782608,83,8,2,1,1,2,3,5
4997,12.723305785122342,968,24,6,74,0.024793388429752067,83,5,1,1,1,1,2,5
4998,92.50123287671099,584,24,6,73,0.0410958904109589,83,6,1,1,1,1,3,5
4999,-8.439999999999884,1021,23,5,71,0.022526934378060724,83,10,1,2,2,1,2,7
5000,-25.620000000001816,1091,23,5,69,0.021081576535288724,83,9,2,1,1,1,1,9
5001,90.50673981191125,638,24,6,71,0.03761755485893417,63,9,1,1,1,3,2,6
5002,-17.08000000000139,1021,23,5,75,0.022526934378060724,64,7,1,1,1,1,1,6
5003,-62.170000000002055,1201,23,5,74,0.019150707743547043,64,4,1,1,1,1,1,4
5004,-144.1443826473875,1798,24,6,76,0.013348164627363738,64,8,1,2,1,1,1,7
5005,58.2953132832061,798,24,6,69,0.03007518796992481,64,9,1,1,1,1,2,5
5006,8.120908173560196,991,24,6,74,0.024217961654894045,64,5,1,1,1,1,1,3
5007,-27.48000000000193,1073,23,5,75,0.021435228331780055,64,7,1,1,3,1,3,3
5008,102.131818181817,550,24,6,71,0.04363636363636364,64,7,1,1,1,1,1,5
5009,145.7484713375805,314,24,6,63,0.07643312101910828,64,6,1,1,2,1,3,3
5010,-139.23212962963117,1728,24,6,75,0.013888888888888888,64,5,1,1,1,2,1,3
5011,-15.060000000002013,1025,23,5,73,0.0224390243902439,64,8,1,1,2,2,1,3
5012,137.49673590504432,337,24,6,56,0.0712166172106825,64,5,1,1,1,2,1,4
5013,41.823250283123556,883,24,6,75,0.027180067950169876,64,9,1,2,2,1,2,4
5014,-62.90810927390595,1391,24,6,74,0.017253774263120056,65,8,1,1,2,3,1,6
5015,-32.33000000000182,1065,23,5,70,0.0215962441314554,65,5,1,2,1,1,1,3
5016,121.60813895781598,403,24,6,60,0.05955334987593052,65,4,1,1,1,1,1,3
5017,69.92531799729188,739,24,6,67,0.03247631935047361,65,9,1,1,1,2,1,9
5018,-76.9700000000024,1335,23,5,74,0.017228464419475654,65,8,1,1,1,1,1,9
5019,128.7105263157913,475,24,6,66,0.05052631578947368,65,11,1,1,1,1,3,10
5020,-31.330000000001643,1060,23,5,70,0.02169811320754717,65,5,1,1,1,1,3,2
5021,122.98841269841247,504,24,6,67,0.047619047619047616,66,11,2,1,3,1,2,6
5022,98.92723865877599,507,24,6,73,0.047337278106508875,66,3,1,1,2,1,1,3
5023,-39.37000000000151,1117,23,5,74,0.020590868397493287,66,6,1,1,1,2,1,4
5024,-64.97000000000216,1260,23,5,74,0.018253968253968255,66,7,1,1,1,1,1,5
5025,29.44312217194385,884,24,6,73,0.027149321266968326,66,5,1,1,1,1,1,4
5026,79.36705882352776,680,24,6,74,0.03529411764705882,66,8,1,1,1,1,3,5
5027,-69.7700000000022,1269,23,5,74,0.018124507486209612,66,6,1,1,2,1,2,5
5028,14.251112234578429,989,24,6,71,0.024266936299292215,66,7,1,1,1,2,2,4
5029,-102.88000000000254,1480,23,5,75,0.015540540540540541,66,9,1,1,1,1,3,8
5030,-25.407965545530946,1219,24,6,75,0.019688269073010665,68,9,1,1,3,1,3,6
5031,86.39005602241066,714,24,6,61,0.03361344537815126,69,13,1,1,3,3,4,5
5032,-56.370000000002136,1232,23,5,74,0.018668831168831168,70,8,1,1,1,1,2,6
5033,46.32254901960617,816,24,6,76,0.029411764705882353,73,6,1,1,3,1,2,3
5034,-39.39000000000169,1103,23,5,76,0.02085222121486854,73,5,1,1,2,1,1,5
5035,93.42051364365848,623,24,6,70,0.038523274478330656,73,9,1,1,1,1,3,7
5036,142.43980815347942,417,24,6,56,0.05755395683453238,73,12,1,1,2,3,3,5
5037,122.17271844660206,412,24,6,53,0.05825242718446602,73,5,1,1,1,2,2,3
5038,87.43337423312815,652,24,6,68,0.03680981595092025,73,9,1,1,2,1,3,4
5039,2.9356022944531066,1046,24,6,72,0.022944550669216062,73,7,1,1,1,3,1,3
5040,-30.390000000001958,1103,23,5,76,0.02085222121486854,73,8,1,2,2,2,3,3
5041,44.13890606420759,841,24,6,74,0.028537455410225922,73,7,1,1,1,2,1,5
5042,-42.26000000000193,1161,23,5,73,0.019810508182601206,73,8,1,1,1,1,1,9
5043,-31.860000000000923,1109,23,5,73,0.020739404869251576,73,8,2,1,1,2,3,5
5044,88.55638935108009,601,24,6,67,0.03993344425956739,73,6,1,1,1,1,2,5
5045,19.96416666666493,960,24,6,70,0.025,73,7,2,1,1,2,1,4
5046,-19.240000000001988,1045,23,5,71,0.02200956937799043,73,8,1,1,2,1,3,5
5047,49.07048192770911,830,24,6,71,0.02891566265060241,73,8,1,2,1,1,3,4
5048,27.748459869847583,922,24,6,72,0.026030368763557483,73,7,1,1,1,1,4,4
5049,-11.44000000000202,1006,23,5,71,0.02286282306163022,73,8,1,1,2,1,3,4
5050,-113.99000000000295,1521,23,5,76,0.015121630506245891,73,8,2,1,1,1,1,7
5051,138.6351020408162,392,24,6,58,0.061224489795918366,73,9,1,1,2,1,1,7
5052,22.437066381154423,934,24,6,73,0.02569593147751606,73,6,1,1,1,1,1,7
5053,-15.750000000002004,1043,23,5,72,0.02205177372962608,73,9,1,1,3,2,3,5
5054,104.61408163265197,490,24,6,65,0.04897959183673469,73,4,2,1,1,1,1,4
5055,-34.61094861660278,1265,24,6,75,0.018972332015810278,73,9,1,1,1,1,1,10
5056,83.99600624024829,641,24,6,72,0.0374414976599064,73,7,1,1,1,1,2,4
5057,45.41037527593616,906,24,6,66,0.026490066225165563,75,12,2,2,2,1,3,6
5058,68.84947683108966,669,24,6,66,0.03587443946188341,75,4,1,1,1,1,1,5
5059,97.62083969465529,524,24,6,63,0.04580152671755725,75,4,1,1,2,1,1,3
5060,-90.17000000000272,1431,23,5,74,0.01607267645003494,75,10,1,1,1,3,1,8
5061,59.816986301368665,730,24,6,68,0.03287671232876712,75,5,1,1,1,1,2,5
5062,70.86850415512302,722,24,6,73,0.0332409972299169,75,8,1,1,1,3,2,5
5063,162.70461538461493,260,24,6,64,0.09230769230769231,75,8,1,1,1,1,4,4
5064,-28.387898193761536,1218,24,6,73,0.019704433497536946,75,8,1,1,1,3,1,7
5065,-102.26000000000244,1416,23,5,73,0.016242937853107344,75,5,1,1,1,1,1,4
5066,-7.6959663865567745,1190,24,6,74,0.020168067226890758,75,13,1,2,1,3,3,7
5067,-19.880000000001452,1005,23,5,75,0.022885572139303482,75,5,1,2,1,1,1,4
5068,-61.526199261994485,1355,24,6,76,0.017712177121771217,75,6,1,1,1,1,1,5
5069,14.968108108106348,925,24,6,70,0.025945945945945945,75,3,2,1,1,1,1,2
5070,68.69886597938195,776,24,6,69,0.030927835051546393,75,11,1,1,1,2,4,4
5071,-14.240000000001164,1020,23,5,71,0.022549019607843137,75,8,1,1,1,1,4,4
5072,82.19037593984895,665,24,6,72,0.03609022556390978,75,8,1,2,1,2,1,6
5073,89.10151515151355,660,24,6,71,0.03636363636363636,75,10,1,1,1,1,3,7
5074,-13.200000000002067,1028,23,5,67,0.02237354085603113,75,9,1,1,1,1,3,6
5075,33.70010010009851,999,24,6,76,0.024024024024024024,75,14,1,1,3,1,4,10
5076,58.85315270935932,812,24,6,73,0.029556650246305417,75,10,1,1,2,1,4,5
5077,63.397362637360914,728,24,6,70,0.03296703296703297,75,6,1,1,1,1,2,5
5078,-5.108088235295927,1088,24,6,76,0.022058823529411766,75,7,1,1,1,2,3,5
5079,-0.06157480315142294,1016,24,6,72,0.023622047244094488,75,4,1,1,1,1,1,3
5080,133.52833333333479,480,24,6,64,0.05,75,13,1,1,3,3,3,5
5081,51.63674271229228,789,24,6,75,0.030418250950570342,75,6,1,1,1,1,1,5
5082,-29.260000000001835,1051,23,5,73,0.021883920076117985,75,5,2,1,1,1,1,5
5083,-47.97000000000208,1220,23,5,74,0.018852459016393444,75,10,1,2,3,3,2,5
5084,-524.572752043584,3670,24,6,76,0.006539509536784741,75,6,2,1,1,2,1,3
5085,7.823720712275312,1067,24,6,73,0.022492970946579195,75,10,1,1,3,1,4,4
5086,7.694876660340372,1054,24,6,76,0.022770398481973434,75,9,2,1,2,2,2,4
5087,-48.77000000000165,1164,23,5,74,0.019759450171821305,76,6,1,1,2,1,1,6
5088,73.39280212483568,753,24,6,70,0.03187250996015936,76,11,2,1,1,3,2,6
5089,29.582986611740697,971,24,6,68,0.024716786817713696,76,11,1,1,1,2,3,9
5090,95.02211703958598,581,24,6,61,0.04130808950086059,76,7,1,1,2,2,1,4
5091,-17.310000000000304,1064,23,5,68,0.021616541353383457,76,10,2,1,1,1,3,8
5092,135.52109660574337,383,24,6,70,0.06266318537859007,76,7,1,1,1,2,2,6
5093,-20.770000000001918,1024,23,5,74,0.0224609375,76,6,1,1,3,1,2,3
5094,-53.670000000001856,1173,22,4,75,0.01875532821824382,76,10,1,2,3,1,2,6
5095,137.30666666666738,375,24,6,72,0.064,76,7,1,1,1,2,1,4
5096,126.60509803921617,408,24,6,60,0.058823529411764705,76,6,2,1,2,1,1,4
5097,-13.570000000001727,1003,23,5,74,0.022931206380857428,76,7,1,1,1,1,2,4
5098,-28.62000000000098,1061,23,5,69,0.021677662582469368,76,6,1,1,2,2,2,3
5099,-11.489420289856685,1104,24,6,74,0.021739130434782608,76,6,1,1,1,1,1,4
5100,-54.860000000001946,1179,23,5,73,0.019508057675996608,76,5,1,1,1,1,1,4
5101,95.70152658661955,583,24,6,73,0.0411663807890223,76,7,1,1,1,1,2,6
5102,-31.97000000000192,1110,23,5,74,0.02072072072072072,76,8,1,2,1,1,1,5
5103,87.49835016834878,594,24,6,73,0.04040404040404041,76,5,1,1,1,1,1,6
5104,77.84947683108976,669,24,6,66,0.03587443946188341,76,7,1,1,2,1,3,4
5105,-32.29823385118774,1223,24,6,74,0.019623875715453803,76,7,2,1,1,1,1,5
5106,-376.4556829100765,2914,24,6,75,0.008236101578586136,76,5,1,1,1,1,2,4
5107,11.41101010100884,990,24,6,75,0.024242424242424242,76,6,1,1,1,1,2,5
5108,30.20672358591044,937,24,6,66,0.025613660618996798,76,9,1,1,2,1,3,4
5109,-83.82036211699429,1436,24,6,75,0.016713091922005572,76,4,1,1,1,1,1,3
5110,59.088888888887176,720,24,6,71,0.03333333333333333,76,4,1,1,1,2,1,4
5111,85.9215151515136,660,24,6,69,0.03636363636363636,76,9,1,1,3,1,2,6
5112,-35.170000000001856,1096,23,5,74,0.020985401459854013,76,6,1,1,1,2,1,5
5113,-14.220000000001388,1004,23,5,69,0.022908366533864542,76,7,1,2,1,2,1,3
5114,25.525374077974952,949,24,6,74,0.02528977871443625,76,8,1,1,1,3,3,5
5115,22.96416666666467,960,24,6,70,0.025,76,8,1,1,2,2,1,4
5116,-9.660000000000734,1013,23,5,73,0.022704837117472853,76,9,1,1,2,2,1,6
5117,-16.291347517731797,1128,24,6,74,0.02127659574468085,76,6,1,1,1,1,1,7
5118,-24.97000000000181,1045,23,5,74,0.02200956937799043,76,6,1,1,1,1,1,7
5119,103.08793594305924,562,24,6,75,0.042704626334519574,76,8,1,1,1,1,3,7
5120,11.498039215685491,1020,24,6,76,0.023529411764705882,76,8,1,1,1,1,1,6
5121,-10.467663896585405,1083,24,6,72,0.0221606648199446,76,5,1,1,1,1,1,5
5122,-34.1300000000017,1074,23,5,70,0.021415270018621976,76,5,1,1,1,1,1,4
5123,130.75831050228473,438,24,6,73,0.0547945205479452,76,9,1,1,1,1,2,9
5124,28.945708245243164,946,24,6,72,0.02536997885835095,76,9,1,2,2,2,2,4
5125,110.21325203251922,492,24,6,65,0.04878048780487805,76,6,1,1,1,2,2,3
5126,-86.37000000000137,1322,23,5,74,0.01739788199697428,76,4,1,1,1,1,1,3
5127,136.70172949002216,451,24,6,68,0.05321507760532151,76,12,1,2,1,3,2,6
5128,-20.979999999999723,1066,23,5,65,0.021575984990619138,76,9,1,1,1,3,1,8
5129,59.446054421767116,735,24,6,75,0.0326530612244898,77,5,1,1,1,1,1,5
5130,8.82689922480424,1032,24,6,73,0.023255813953488372,77,8,1,1,1,2,1,8
5131,128.11866348448615,419,24,6,68,0.057279236276849645,77,7,2,1,1,1,2,3
5132,-24.259999999999465,1131,23,5,73,0.020335985853227233,77,12,1,1,3,1,4,5
5133,-26.46000000000111,1127,23,5,73,0.02040816326530612,77,11,1,2,1,3,1,7
5134,100.33181229773314,618,24,6,69,0.038834951456310676,77,11,2,2,3,1,2,5
5135,-25.880000000001758,1020,23,5,75,0.022549019607843137,77,4,1,2,1,1,1,3
5136,60.37440860214897,744,24,6,72,0.03225806451612903,77,6,1,1,1,1,1,4
5137,-47.48000000000116,1188,23,5,75,0.01936026936026936,77,8,1,1,1,3,1,5
5138,-16.080000000001842,1016,23,5,75,0.022637795275590553,77,7,1,1,1,1,1,8
5139,108.91281535648928,547,24,6,73,0.043875685557586835,77,9,1,1,1,1,4,4
5140,88.21060240963885,664,24,6,70,0.03614457831325301,77,10,1,1,2,2,2,6
5141,-14.57000000000201,1038,23,5,74,0.022157996146435453,77,9,1,1,1,3,1,5
5142,83.97051364365825,623,24,6,65,0.038523274478330656,77,6,1,1,1,1,1,5
5143,45.96484394506672,801,24,6,72,0.0299625468164794,77,5,1,1,1,1,1,3
5144,21.62727626458966,1028,24,6,73,0.023346303501945526,77,12,1,1,2,2,2,10
5145,-105.24000000000247,1445,23,5,71,0.01591695501730104,77,6,2,1,1,2,1,3
5146,89.34447368420905,608,24,6,58,0.039473684210526314,77,7,1,1,1,1,2,4
5147,126.14691973969536,461,24,6,73,0.052060737527114966,77,9,1,1,3,1,1,8
5148,-43.03999999999986,1164,23,5,71,0.019759450171821305,77,8,1,1,1,1,3,5
5149,67.93376237623812,808,24,6,65,0.0297029702970297,77,13,1,2,2,3,3,7
5150,-13.970000000001935,1005,23,5,74,0.022885572139303482,77,7,2,1,2,2,1,5
5151,-32.950000000001495,1114,23,5,72,0.02064631956912029,77,8,1,2,1,1,1,8
5152,53.43345679012153,810,24,6,75,0.02962962962962963,77,8,1,1,1,1,2,8
5153,-21.276457811196707,1197,24,6,72,0.020050125313283207,77,9,1,1,3,2,1,7
5154,-33.51967871486124,1245,24,6,76,0.01927710843373494,77,8,1,1,1,1,3,5
5155,41.97976047903991,835,24,6,70,0.02874251497005988,77,6,1,1,1,1,2,3
5156,57.85953367875461,772,24,6,73,0.031088082901554404,77,7,1,2,2,2,1,5
5157,-11.799584086801111,1106,24,6,75,0.0216998191681736,77,6,1,1,1,1,1,4
5158,-16.62000000000188,1001,23,5,69,0.022977022977022976,77,6,1,1,1,1,1,4
5159,-14.40296779808724,1149,24,6,75,0.020887728459530026,77,8,1,1,1,1,1,9
5160,134.7781389578156,403,24,6,73,0.05955334987593052,77,8,1,1,1,1,4,4
5161,85.79722408026612,598,24,6,63,0.04013377926421405,77,5,2,1,1,1,1,2
5162,-33.37000000000187,1087,23,5,74,0.021159153633854646,77,6,1,2,1,1,2,3
5163,-21.39000000000179,1013,23,5,76,0.022704837117472853,77,5,1,1,1,1,2,3
5164,-144.74582881906696,1846,24,6,76,0.013001083423618635,77,11,1,2,2,2,2,6
5165,69.79495276653134,741,24,6,70,0.032388663967611336,77,9,2,1,1,1,1,9
5166,-55.04000000000084,1224,23,5,71,0.018790849673202614,77,8,1,1,1,1,3,3
5167,111.8249180327859,488,24,6,74,0.04918032786885246,77,6,1,1,3,1,1,3
5168,107.10985611510668,556,24,6,73,0.04316546762589928,77,9,1,1,1,3,2,7
5169,-24.000000000001837,1052,23,5,67,0.021863117870722433,77,7,1,1,1,1,1,8
5170,78.15347202295388,697,24,6,65,0.03443328550932568,77,9,2,1,1,2,3,4
5171,77.54492753623019,690,24,6,76,0.034782608695652174,77,8,1,1,2,1,2,7
5172,118.45876826722377,479,24,6,61,0.05010438413361169,77,8,1,2,1,1,1,7
5173,-52.99000000000229,1276,23,5,76,0.018025078369905956,77,12,1,1,2,1,3,10
5174,-33.96000000000074,1019,22,5,74,0.021589793915603533,79,3,1,1,1,2,2,2
5175,32.53507479861717,869,24,6,74,0.02761795166858458,79,5,1,1,1,1,1,3
5176,53.83853470436834,778,24,6,75,0.030848329048843187,79,6,1,1,1,2,1,6
5177,-34.42000000000184,1105,23,5,69,0.02081447963800905,79,7,1,2,1,1,1,7
5178,-33.04000000000097,1099,23,5,71,0.020928116469517744,79,7,1,1,2,1,3,3
5179,43.049170305678096,916,24,6,62,0.026200873362445413,79,12,1,2,3,1,2,9
5180,-43.68000000000169,1139,23,5,75,0.02019315188762072,79,6,1,1,1,1,2,4
5181,46.21857763300556,921,24,6,75,0.026058631921824105,79,13,1,2,2,1,4,9
5182,13.30193679918265,981,24,6,76,0.024464831804281346,79,6,1,1,1,1,3,4
5183,154.79041666666654,384,24,6,53,0.0625,79,14,1,2,1,3,2,10
5184,-82.11000000000217,1313,23,5,68,0.017517136329017517,79,5,2,1,1,1,1,5
5185,54.51970168612002,771,24,6,67,0.0311284046692607,79,6,2,1,2,1,1,5
5186,68.61220700152053,657,24,6,70,0.0365296803652968,79,3,1,1,1,1,1,4
5187,74.59197568388943,658,24,6,72,0.0364741641337386,79,5,1,1,1,2,1,3
5188,-124.48000000000309,1573,23,5,75,0.014621741894469168,79,8,1,1,1,1,3,5
5189,93.62474464579776,607,24,6,70,0.039538714991762765,79,8,2,1,1,1,2,6
5190,-34.28000000000193,1122,23,5,75,0.020499108734402853,79,8,1,1,1,1,2,5
5191,119.0693577981643,436,24,6,72,0.05504587155963303,79,5,1,1,1,2,1,5
5192,7.206061479345447,1041,24,6,75,0.023054755043227664,79,8,1,1,1,2,2,5
5193,4.249999999998,1003,23,5,72,0.022931206380857428,79,13,1,1,1,3,4,7
5194,-12.550000000001752,1027,23,5,72,0.022395326192794548,79,9,1,1,2,1,3,5
5195,115.81222222222166,450,24,6,67,0.05333333333333334,79,5,1,1,1,1,1,6
5196,50.76626262626091,792,24,6,72,0.030303030303030304,79,6,1,1,1,1,1,7
5197,141.63548209366496,363,24,6,60,0.06611570247933884,79,8,1,1,2,1,1,7
5198,-114.79000000000289,1510,23,5,76,0.015231788079470199,79,7,1,2,2,1,2,4
5199,95.98761989342681,563,24,6,65,0.04262877442273535,79,6,1,1,2,1,1,3
5200,85.36035775127635,587,24,6,67,0.04088586030664395,79,4,1,1,1,2,1,4
5201,52.75020833333144,768,24,6,74,0.03125,79,5,1,1,1,2,1,3
5202,-17.660000000001865,1008,23,5,73,0.022817460317460316,79,6,1,1,1,1,1,5
5203,119.4779699248117,532,24,6,57,0.045112781954887216,79,12,2,1,3,1,2,7
5204,6.026993210473311,1031,24,6,73,0.023278370514064017,79,7,1,1,1,2,2,5
5205,-45.630000000001566,1116,22,4,71,0.01971326164874552,79,9,1,1,3,1,1,8
5206,48.79428571428563,875,24,6,68,0.027428571428571427,79,11,2,2,1,3,1,5
5207,49.1322334455668,891,24,6,74,0.026936026936026935,79,12,1,2,2,2,3,6
5208,-0.620000000000104,1011,23,5,69,0.02274975272007913,79,12,1,2,1,2,4,8
5209,66.33966480446763,716,24,6,76,0.0335195530726257,79,6,1,1,1,2,1,4
5210,-22.5300000000006,1031,23,5,70,0.02230843840931135,79,6,1,1,1,1,2,5
5211,-52.45000000000142,1076,22,4,73,0.020446096654275093,79,4,2,1,1,1,1,4
5212,107.26242914979669,494,24,6,70,0.048582995951417005,79,5,1,1,1,1,1,6
5213,-0.4401996007999003,1002,24,6,70,0.023952095808383235,79,3,1,1,1,1,1,4
5214,47.988225108223546,924,24,6,68,0.025974025974025976,79,14,2,2,2,3,3,7
5215,-37.42000000000191,1135,23,5,69,0.02026431718061674,79,8,1,1,1,1,1,9
5216,56.67391573729691,807,24,6,71,0.02973977695167286,79,9,2,1,1,1,3,4
5217,19.213519668735763,966,24,6,75,0.024844720496894408,79,7,1,1,1,2,2,3
5218,22.25881392818124,919,24,6,71,0.026115342763873776,79,5,1,1,1,1,2,3
5219,-125.79000000000221,1580,23,5,76,0.014556962025316455,79,8,1,2,2,1,3,3
5220,154.89303030303074,330,24,6,67,0.07272727272727272,79,10,1,2,1,1,3,6
5221,120.72330900243219,411,24,6,68,0.058394160583941604,79,4,1,1,1,1,1,3
5222,-23.060000000001967,1080,23,5,73,0.021296296296296296,79,9,1,1,1,2,3,5
5223,152.89971223021558,278,24,6,62,0.08633093525179857,79,6,1,1,1,3,2,4
5224,-48.17000000000157,1176,23,5,74,0.0195578231292517,79,7,1,1,1,2,4,4
5225,141.22315789473663,380,24,6,60,0.06315789473684211,79,9,1,1,1,2,1,8
5226,-20.06000000000199,1065,23,5,73,0.0215962441314554,79,9,1,1,1,2,2,6
5227,-43.35000000000176,1121,23,5,72,0.020517395182872437,79,5,1,1,1,2,1,5
5228,-26.4051823579324,1179,24,6,75,0.020356234096692113,79,6,1,1,1,1,1,6
5229,-27.46000000000158,1012,23,5,73,0.022727272727272728,79,3,1,1,1,1,2,2
5230,37.24834319526447,845,24,6,73,0.028402366863905324,79,5,1,1,1,1,2,5
5231,5.156711798837472,1034,24,6,70,0.02321083172147002,79,7,1,1,1,1,1,5
5232,13.043457943923066,1070,24,6,71,0.022429906542056073,79,12,2,1,2,2,2,6
5233,14.316618357485899,1035,24,6,74,0.02318840579710145,79,10,1,1,3,3,2,4
5234,-27.150000000001818,1025,23,5,72,0.0224390243902439,79,4,1,1,1,1,1,4
5235,99.82501650164892,606,24,6,70,0.039603960396039604,79,10,2,1,1,2,2,8
5236,85.19812154696065,724,24,6,70,0.03314917127071823,79,13,1,1,2,2,4,9
5237,153.5844654088046,318,24,6,59,0.07547169811320754,79,9,1,1,3,1,2,5
5238,-41.95000000000152,1069,23,5,72,0.021515434985968196,79,2,1,1,1,1,1,3
5239,-46.78000000000174,1150,23,5,65,0.02,79,6,1,1,1,1,3,3
5240,94.6468503936996,508,24,6,61,0.047244094488188976,79,2,1,1,1,1,1,3
5241,8.135238095237973,1050,24,6,72,0.022857142857142857,79,9,1,1,2,2,2,3
5242,29.234166666664514,960,24,6,73,0.025,79,10,1,1,1,3,1,7
5243,-79.28000000000213,1317,23,5,75,0.017463933181473046,79,6,1,1,2,2,2,2
5244,127.27252525252443,396,24,6,74,0.06060606060606061,79,5,1,1,1,2,1,5
5245,-105.79000000000266,1435,23,5,76,0.01602787456445993,79,5,1,1,1,1,1,6
5246,120.41008403361245,476,24,6,76,0.05042016806722689,79,8,1,1,1,1,2,7
5247,88.23421602787327,574,24,6,70,0.041811846689895474,79,4,1,1,1,1,1,4
5248,-33.620000000001724,1086,23,5,69,0.02117863720073665,79,6,1,1,1,1,1,6
5249,10.100300902706323,997,24,6,76,0.024072216649949848,79,6,1,1,1,2,1,6
5250,-56.370000000001994,1247,23,5,74,0.018444266238973536,79,9,1,1,2,1,2,7
5251,10.095969289825215,1042,24,6,76,0.023032629558541268,79,9,2,1,1,1,1,7
5252,54.441578947366565,760,24,6,75,0.031578947368421054,79,5,1,1,1,1,1,5
5253,132.4739024390253,410,24,6,63,0.05853658536585366,79,8,1,1,1,1,2,5
5254,78.71891891891768,592,24,6,71,0.04054054054054054,79,2,1,1,1,1,1,3
5255,-115.08000000000276,1526,23,5,75,0.01507208387942333,79,8,1,1,1,1,2,8
5256,110.35267822735906,519,24,6,60,0.046242774566473986,79,8,1,1,1,1,3,7
5257,-29.37000000000173,1037,23,5,74,0.022179363548698167,79,4,1,1,3,1,1,2
5258,103.11315018315051,546,24,6,73,0.04395604395604396,79,7,1,1,1,2,2,5
5259,6.9346969696954215,1056,24,6,72,0.022727272727272728,79,9,2,1,3,1,1,3
5260,22.674058272631722,961,24,6,69,0.02497398543184183,79,8,1,1,1,1,3,7
5261,93.60421602787322,574,24,6,63,0.041811846689895474,79,6,1,1,1,1,3,4
5262,-80.08000000000234,1306,23,5,75,0.01761102603369066,79,5,1,1,1,1,1,4
5263,-23.590000000001844,1024,23,5,76,0.0224609375,79,5,1,1,1,1,1,5
5264,-21.040000000001914,1054,23,5,71,0.021821631878557873,79,8,1,1,3,1,2,4
5265,-278.14042738424365,2527,24,6,74,0.009497427779976256,79,12,2,1,1,3,3,8
5266,-20.715325994921045,1181,24,6,76,0.02032176121930567,79,8,1,1,2,1,2,4
5267,38.61940919037272,914,24,6,75,0.0262582056892779,79,10,2,1,2,2,2,4
5268,-127.6800000000022,1529,23,5,75,0.015042511445389144,79,4,1,1,1,1,2,3
5269,66.3659854014584,685,24,6,74,0.035036496350364967,79,4,1,1,1,1,1,3
5270,-45.680000000002046,1209,23,5,75,0.01902398676592225,79,10,1,1,2,1,4,4
5271,78.45598540145824,685,24,6,75,0.035036496350364967,79,8,1,1,2,1,1,4
5272,-20.550000000001912,1022,23,5,72,0.022504892367906065,79,6,1,1,1,1,1,5
5273,101.91115942028861,552,24,6,73,0.043478260869565216,79,7,1,1,2,1,1,5
5274,-17.000474485229795,1117,24,6,75,0.021486123545210387,79,5,1,1,1,1,3,3
5275,6.521626016258365,984,24,6,74,0.024390243902439025,79,4,1,1,2,1,1,3
5276,-34.011691464371864,1277,24,6,75,0.018794048551292093,79,10,1,1,1,3,2,5
5277,-28.490000000001768,1014,23,5,66,0.022682445759368838,79,3,1,1,1,2,2,2
5278,110.84964360586905,477,24,6,72,0.050314465408805034,79,5,2,1,1,1,1,3
5279,21.760401606425113,996,24,6,70,0.024096385542168676,79,10,1,1,2,1,2,9
5280,71.57927576601497,718,24,6,72,0.033426183844011144,79,8,1,2,3,1,1,4
5281,-16.600000000001955,1000,23,5,67,0.023,79,6,1,1,3,1,1,5
5282,11.046618357486626,1035,24,6,71,0.02318840579710145,79,9,1,1,1,2,2,8
5283,-12.15000000000204,1025,23,5,72,0.0224390243902439,79,9,1,1,2,1,3,5
5284,29.92615711252465,942,24,6,74,0.025477707006369428,79,9,1,1,2,1,3,7
5285,12.872040816324876,980,24,6,69,0.024489795918367346,79,6,1,1,1,1,1,3
5286,59.773868808565865,747,24,6,72,0.0321285140562249,79,6,1,1,1,2,1,4
5287,-141.68000000000296,1614,23,5,75,0.014250309789343246,79,5,1,1,1,1,2,5
5288,36.01964912280646,912,24,6,75,0.02631578947368421,79,9,1,1,1,3,1,8
5289,47.43345679012151,810,24,6,75,0.02962962962962963,79,6,1,1,1,1,1,5
5290,104.87348623853157,545,24,6,57,0.044036697247706424,79,8,1,1,1,1,3,4
5291,-21.080000000001846,1011,23,5,75,0.02274975272007913,79,5,1,2,1,1,1,5
5292,66.76468827930083,802,24,6,72,0.029925187032418952,79,12,1,1,1,2,4,9
5293,-35.1670812603669,1206,24,6,71,0.01990049751243781,79,5,1,1,1,1,3,2
5294,81.72360983102763,651,24,6,69,0.03686635944700461,79,7,1,1,3,1,1,5
5295,-11.711971830986998,1136,24,6,76,0.02112676056338028,79,8,1,1,1,3,1,4
5296,-32.39000000000176,1053,23,5,76,0.02184235517568851,79,4,1,2,1,1,1,3
5297,-46.01348890589365,1307,24,6,75,0.018362662586074982,79,8,1,1,1,1,1,8
5298,40.45507479861869,869,24,6,62,0.02761795166858458,79,8,1,1,1,3,1,4
5299,4.380806451611205,992,24,6,68,0.024193548387096774,79,4,1,1,1,1,1,5
5300,55.105317997291856,739,24,6,69,0.03247631935047361,79,4,1,1,1,1,1,4
5301,-41.28000000000131,1127,23,5,75,0.02040816326530612,79,6,1,1,1,1,1,7
5302,147.21818443804173,347,24,6,53,0.069164265129683,79,9,1,1,2,3,1,5
5303,-18.45000000000161,1052,23,5,62,0.021863117870722433,79,9,1,1,1,2,2,4
5304,-119.28000000000256,1517,23,5,75,0.015161502966381015,79,6,1,1,1,2,1,5
5305,3.7187166831178544,1013,24,6,74,0.023692003948667325,79,5,1,2,1,1,1,5
5306,-53.97000000000196,1190,23,5,74,0.019327731092436976,79,6,1,1,1,1,1,4
5307,74.3851378809862,689,24,6,72,0.03483309143686502,79,7,1,1,1,1,3,3
5308,34.00893246187305,918,24,6,66,0.026143790849673203,79,9,1,1,3,1,1,8
5309,40.98121212121024,825,24,6,70,0.02909090909090909,79,5,1,1,1,2,1,5
5310,-109.91674889310863,1581,24,6,74,0.015180265654648957,79,5,1,2,1,1,2,3
5311,-4.646367041200406,1068,24,6,70,0.02247191011235955,79,6,1,1,1,2,1,3
5312,8.65131712259194,987,24,6,71,0.0243161094224924,79,5,1,1,1,1,1,5
5313,24.231522842637908,985,24,6,73,0.024365482233502538,79,10,1,1,1,2,3,7
5314,43.83300123001043,813,24,6,75,0.02952029520295203,79,5,1,1,1,1,3,3
5315,136.34172949002235,451,24,6,64,0.05321507760532151,79,12,1,2,1,2,3,9
5316,38.63778563015113,849,24,6,64,0.028268551236749116,79,6,1,1,1,1,1,4
5317,-7.799999999998559,1061,23,5,67,0.021677662582469368,79,13,1,2,2,2,3,9
5318,-58.18000000000194,1162,23,5,65,0.019793459552495698,79,3,1,1,1,1,1,2
5319,72.01267175572366,655,24,6,70,0.0366412213740458,79,4,1,1,1,1,1,4
5320,-41.28000000000094,1247,23,5,75,0.018444266238973536,79,14,1,1,3,2,4,7
5321,-66.3700000000022,1252,23,5,74,0.018370607028753993,79,6,1,1,2,1,1,4
5322,87.68271157167405,579,24,6,75,0.04145077720207254,79,4,1,1,1,1,1,4
5323,-23.170000000001842,1036,23,5,74,0.0222007722007722,79,6,1,2,1,1,1,3
5324,64.45084507042084,710,24,6,75,0.03380281690140845,79,5,1,1,1,1,1,5
5325,-58.97000000000197,1200,23,5,74,0.019166666666666665,79,5,1,1,3,1,1,3
5326,-2.1899999999996007,1007,23,5,76,0.022840119165839126,79,11,1,1,1,3,3,6
5327,46.550039011701855,769,24,6,74,0.031209362808842653,79,3,1,1,1,1,1,2
5328,-29.480000000001887,1068,23,5,75,0.02153558052434457,79,6,1,1,1,2,2,3
5329,81.80474464579767,607,24,6,72,0.039538714991762765,79,4,1,1,1,1,1,3
5330,52.9409189842785,827,24,6,74,0.02902055622732769,79,9,1,1,1,1,1,10
5331,126.20342359768063,517,24,6,65,0.04642166344294004,79,13,1,2,1,1,4,10
5332,-13.53000000000131,1001,23,5,70,0.022977022977022976,79,7,1,2,1,1,1,7
5333,-14.020000000000891,1018,23,5,69,0.022593320235756387,79,8,1,1,1,2,2,4
5334,137.94154589371894,414,24,6,66,0.057971014492753624,79,10,1,1,3,1,4,4
5335,61.2231527093576,812,24,6,66,0.029556650246305417,79,11,2,1,2,2,3,3
5336,111.38834061135285,458,24,6,69,0.05240174672489083,79,4,1,1,1,1,1,5
5337,-19.000000000001986,1102,23,5,67,0.020871143375680582,79,12,2,1,3,1,1,10
5338,38.241111111110015,900,24,6,73,0.02666666666666667,79,9,1,1,1,3,3,4
5339,40.99507479861719,869,24,6,68,0.02761795166858458,79,8,1,1,1,1,2,5
5340,52.644547537227574,873,24,6,73,0.027491408934707903,79,12,2,1,1,2,3,9
5341,-223.07999999999845,2066,23,5,75,0.011132623426911906,79,8,1,1,1,1,4,6
5342,39.537785630151404,849,24,6,74,0.028268551236749116,79,6,1,1,1,1,3,5
5343,-47.24000000000201,1185,23,5,71,0.019409282700421943,79,8,1,1,1,1,1,8
5344,81.8292047377313,591,24,6,70,0.04060913705583756,79,3,1,1,1,1,1,4
5345,-20.0400000000019,1034,23,5,71,0.022243713733075435,79,7,1,1,2,1,2,5
5346,57.636742712292076,789,24,6,75,0.030418250950570342,79,8,1,1,1,1,2,5
5347,1.0059692898256518,1042,24,6,75,0.023032629558541268,79,6,1,1,1,2,2,4
5348,-52.46169146437183,1277,24,6,70,0.018794048551292093,79,4,1,1,1,1,1,4
5349,121.66041474654376,434,24,6,63,0.055299539170506916,79,6,1,1,3,1,1,3
5350,-31.568896999191097,1233,24,6,71,0.019464720194647202,79,8,2,1,1,2,1,5
5351,124.4524291497996,494,24,6,61,0.048582995951417005,79,11,1,1,1,2,4,6
5352,14.231010101008096,990,24,6,73,0.024242424242424242,79,7,1,1,3,1,1,5
5353,150.8957002457027,407,24,6,61,0.05896805896805897,79,14,2,2,3,2,3,6
5354,39.73587485515463,863,24,6,74,0.027809965237543453,79,7,1,1,1,1,2,5
5355,-23.800000000001877,1036,23,5,67,0.0222007722007722,79,6,2,1,1,1,1,4
5356,7.0351524710814175,951,24,6,73,0.025236593059936908,79,2,1,1,1,1,1,2
5357,-182.55085995085892,2035,24,6,76,0.011793611793611793,79,11,1,1,1,1,4,6
5358,130.26330900243227,411,24,6,74,0.058394160583941604,79,7,1,1,3,1,1,5
5359,64.18388489208466,695,24,6,72,0.034532374100719423,79,4,1,1,1,1,3,3
5360,27.100132158588494,908,24,6,67,0.02643171806167401,79,6,1,1,1,1,1,4
5361,-53.04000000000136,1184,23,5,71,0.019425675675675675,79,6,1,1,1,1,2,6
5362,-42.0800000000018,1131,23,5,75,0.020335985853227233,79,6,1,2,1,1,1,6
5363,86.57527950310406,644,24,6,74,0.037267080745341616,79,8,1,1,1,1,2,5
5364,-36.66000000000153,1148,23,5,73,0.02003484320557491,79,9,2,1,1,1,1,5
5365,-418.36798975670797,3124,24,6,76,0.0076824583866837385,79,5,1,1,1,1,1,6
5366,45.866144018581195,861,24,6,71,0.027874564459930314,79,9,1,1,1,1,3,6
5367,-34.897081260366775,1206,24,6,74,0.01990049751243781,79,5,1,1,1,1,2,4
5368,-32.44101105845364,1266,24,6,68,0.018957345971563982,79,10,1,1,1,1,4,8
5369,-112.99000000000291,1516,23,5,76,0.015171503957783642,79,8,1,1,3,1,1,6
5370,108.40181818181705,550,24,6,74,0.04363636363636364,79,9,1,1,1,1,3,8
5371,91.99339869280898,612,24,6,63,0.0392156862745098,79,8,1,1,1,1,2,5
5372,84.38947683108958,669,24,6,72,0.03587443946188341,79,9,1,1,2,1,1,9
5373,-27.239999999999004,1145,23,5,71,0.020087336244541485,79,12,1,2,3,1,3,8
5374,5.544384133609988,958,24,6,72,0.025052192066805846,79,2,1,1,1,1,1,3
5375,-31.660000000001602,1063,23,5,73,0.021636876763875823,79,5,1,1,1,1,1,5
5376,60.9575515818415,727,24,6,74,0.033012379642365884,79,5,1,1,1,2,1,5
5377,29.347642626479125,929,24,6,72,0.02583423035522067,79,8,1,1,1,1,2,6
5378,121.53040080160208,499,24,6,73,0.04809619238476954,79,10,2,1,1,1,3,7
5379,72.37705882352776,680,24,6,63,0.03529411764705882,79,6,1,1,1,1,3,3
5380,34.15834319526458,845,24,6,72,0.028402366863905324,79,4,1,1,1,1,2,4
5381,-49.90283950617494,1296,24,6,74,0.018518518518518517,79,6,1,1,1,1,1,7
5382,-4.971088031653515,1011,24,6,73,0.02373887240356083,79,2,2,1,1,1,1,2
5383,-22.77000000000193,1049,23,5,74,0.0219256434699714,79,7,1,1,1,1,2,7
5384,-50.090000000000956,1152,23,5,66,0.019965277777777776,79,5,1,1,1,1,1,4
5385,120.83080321285257,498,24,6,63,0.04819277108433735,79,10,1,1,1,3,2,7
5386,-25.730000000001983,1062,23,5,70,0.021657250470809793,79,7,1,1,1,2,1,4
5387,124.93598272138235,463,24,6,64,0.05183585313174946,79,9,1,1,2,2,2,6
5388,-40.57000000000187,1153,23,5,74,0.0199479618386817,79,8,1,1,1,1,1,6
5389,50.181359223298905,824,24,6,70,0.02912621359223301,79,8,2,1,1,2,1,7
5390,36.058108108106296,925,24,6,71,0.025945945945945945,79,10,1,1,1,1,3,6
5391,-28.060000000001658,1000,23,5,73,0.023,79,2,1,1,2,1,1,2
5392,88.20873015872871,630,24,6,61,0.0380952380952381,79,8,1,1,2,2,2,5
5393,57.49953367875455,772,24,6,69,0.031088082901554404,79,7,1,1,1,1,3,4
5394,-37.15000000000039,1120,23,5,72,0.020535714285714286,79,7,2,1,3,1,1,3
5395,61.445135135133455,740,24,6,75,0.032432432432432434,79,6,1,1,1,1,3,4
5396,-14.730000000001965,1037,23,5,70,0.022179363548698167,79,9,1,1,1,1,2,6
5397,31.420497237567467,905,24,6,75,0.026519337016574586,79,7,1,1,1,1,1,5
5398,-21.004310197087428,1167,24,6,75,0.02056555269922879,79,7,1,1,1,3,1,5
5399,107.45685039369965,508,24,6,70,0.047244094488188976,79,6,2,2,1,1,1,4
5400,-47.26000000000175,1141,23,5,73,0.020157756354075372,79,5,1,1,1,1,1,6
5401,109.0599999999989,500,24,6,70,0.048,79,6,2,1,1,2,1,3
5402,-31.460000000001884,1077,23,5,73,0.02135561745589601,79,6,2,1,2,2,1,3
5403,-37.24000000000186,1120,23,5,71,0.020535714285714286,79,7,1,2,1,1,1,5
5404,132.00906735751215,386,24,6,71,0.06217616580310881,79,6,1,1,1,1,1,6
5405,-113.99000000000257,1506,23,5,76,0.015272244355909695,79,7,1,1,1,3,1,6
5406,27.06560693641469,865,24,6,71,0.027745664739884393,79,3,1,1,1,1,2,2
5407,-31.114748508100817,1173,24,6,76,0.020460358056265986,79,4,1,1,1,1,1,4
5408,91.32018018017892,555,24,6,62,0.043243243243243246,79,4,1,1,1,1,1,4
5409,-102.66000000000214,1508,23,5,73,0.015251989389920425,79,11,2,1,1,1,3,7
5410,144.95761904761864,336,24,6,70,0.07142857142857142,79,7,1,1,1,1,3,5
5411,14.17823182710995,1018,24,6,68,0.023575638506876228,79,9,1,1,1,1,4,6
5412,74.18814814814654,675,24,6,72,0.035555555555555556,79,6,1,2,2,1,2,3
5413,97.11949152542238,590,24,6,71,0.04067796610169491,79,8,1,1,2,2,1,6
5414,-76.68000000000224,1274,23,5,75,0.01805337519623234,79,4,1,1,1,1,1,3
5415,-51.22000000000193,1159,23,5,69,0.01984469370146678,79,5,2,2,1,1,1,3
5416,-22.872663755460415,1145,24,6,72,0.02096069868995633,79,5,1,1,3,1,1,3
5417,44.77750881316143,851,24,6,70,0.0282021151586369,79,8,1,1,1,1,4,6
5418,-24.65000000000185,1008,23,5,62,0.022817460317460316,79,4,1,1,1,1,1,3
5419,69.65306151645055,699,24,6,75,0.034334763948497854,79,6,1,1,1,1,1,5
5420,153.08645569620444,316,24,6,49,0.0759493670886076,79,9,1,1,2,1,2,8
5421,139.69445292620807,393,24,6,72,0.061068702290076333,79,9,1,2,1,3,3,5
5422,29.433636363634733,880,24,6,64,0.02727272727272727,79,5,1,1,2,1,1,4
5423,0.9374658869383321,1026,24,6,72,0.023391812865497075,79,5,1,1,2,1,1,5
5424,-71.71031358885288,1435,24,6,74,0.016724738675958188,79,8,1,2,2,2,1,5
5425,-30.930000000001865,1088,23,5,70,0.021139705882352942,79,7,1,1,1,1,1,7
5426,16.435374077975048,949,24,6,73,0.02528977871443625,79,5,1,1,2,2,1,4
5427,-42.58000000000154,1028,22,4,76,0.021400778210116732,79,4,1,1,1,1,1,3
5428,-14.050313901347092,1115,24,6,70,0.021524663677130046,79,6,1,1,2,2,1,4
5429,-4.195033238368293,1053,24,6,75,0.022792022792022793,79,5,1,1,1,1,1,5
5430,-44.950000000002035,1189,23,5,72,0.01934398654331371,79,9,1,1,1,2,2,7
5431,102.81305019304901,518,24,6,74,0.04633204633204633,79,5,1,1,3,1,1,3
5432,41.98658227847945,790,24,6,70,0.030379746835443037,79,3,1,1,1,2,1,2
5433,112.42382352941051,544,24,6,72,0.04411764705882353,79,10,1,1,1,3,2,7
5434,-19.22000000000202,1059,23,5,69,0.021718602455146365,79,9,1,1,3,2,1,5
5435,56.47853470436847,778,24,6,71,0.030848329048843187,79,7,1,1,1,1,4,4
5436,-47.35000000000201,1231,23,5,72,0.01868399675060926,79,11,1,1,1,2,4,5
5437,113.8576284584969,506,24,6,70,0.04743083003952569,79,8,1,1,1,1,2,7
5438,-14.820000000001958,1007,23,5,69,0.022840119165839126,79,7,1,1,1,2,1,4
5439,67.18388489208472,695,24,6,72,0.034532374100719423,79,5,1,2,2,1,2,2
5440,-33.75000000000172,1118,23,5,72,0.020572450805008944,79,8,1,1,2,1,1,7
5441,55.05033694343955,831,24,6,73,0.02888086642599278,79,10,2,1,2,1,1,7
5442,116.47041474654294,434,24,6,72,0.055299539170506916,79,4,1,1,1,2,1,3
5443,53.244069478906255,806,24,6,64,0.02977667493796526,79,8,1,1,1,1,4,4
5444,7.964166666664853,960,24,6,70,0.025,79,3,1,1,1,1,1,3
5445,19.604166666664703,960,24,6,66,0.025,79,7,1,1,1,3,2,4
5446,-56.96000000000177,1129,22,4,74,0.01948627103631532,79,6,1,1,1,1,1,5
5447,10.720704934540095,993,24,6,74,0.02416918429003021,79,6,1,1,2,1,2,5
5448,132.050416666667,384,24,6,67,0.0625,79,6,1,1,2,2,1,3
5449,57.4810437235526,709,24,6,62,0.03385049365303244,79,3,1,1,1,1,1,3
5450,110.65522522522427,444,24,6,63,0.05405405405405406,79,3,1,2,1,1,1,3
5451,-102.31256911665817,1483,24,6,74,0.016183412002697236,79,1,1,1,1,1,1,2
5452,156.10101083032583,277,24,6,62,0.08664259927797834,79,7,1,2,1,1,1,4
5453,-49.14000000000067,1104,22,4,72,0.019927536231884056,79,7,1,1,1,1,1,5
5454,56.37623978201467,734,24,6,72,0.0326975476839237,79,4,1,1,2,2,1,3
5455,33.17185682326423,894,24,6,70,0.026845637583892617,79,7,1,1,1,1,1,7
5456,88.18501650164875,606,24,6,74,0.039603960396039604,79,6,1,1,1,1,1,4
5457,95.67286644950994,614,24,6,75,0.03908794788273615,79,9,1,1,1,1,3,6
5458,17.16111223457838,989,24,6,70,0.024266936299292215,79,8,1,1,1,1,4,4
5459,-38.1201915403054,1253,24,6,76,0.019154030327214685,79,7,1,1,2,1,1,6
5460,-156.77000000000226,1764,23,5,74,0.013038548752834467,79,10,1,2,2,1,2,8
5461,139.6177319587634,388,24,6,60,0.061855670103092786,79,9,1,1,1,3,2,7
5462,-28.15000000000175,1030,23,5,72,0.02233009708737864,79,4,1,1,1,1,1,4
5463,118.53752969121051,421,24,6,66,0.057007125890736345,79,4,1,1,1,1,1,4
5464,67.28037593984808,665,24,6,73,0.03609022556390978,79,3,1,1,1,1,1,3
5465,-36.9900000000014,1031,23,5,76,0.02230843840931135,79,1,1,1,1,1,1,2
5466,-28.779999999999173,1090,23,5,65,0.02110091743119266,79,8,1,1,1,1,1,8
5467,-77.5300000000022,1276,23,5,70,0.018025078369905956,79,4,1,1,1,1,1,5
5468,-118.9900000000026,1441,23,5,76,0.015961138098542677,79,1,1,1,1,1,1,2
5469,117.84531250000138,512,24,6,61,0.046875,79,10,1,2,2,2,1,7
5470,97.4595332136432,557,24,6,68,0.04308797127468582,79,6,1,1,1,1,1,5
5471,-83.09000000000214,1317,23,5,66,0.017463933181473046,79,5,1,1,2,1,1,5
5472,50.5816545012145,822,24,6,70,0.029197080291970802,79,8,1,1,2,1,4,5
5473,124.8664502164508,462,24,6,61,0.05194805194805195,79,9,1,1,1,1,4,6
5474,-112.77000000000291,1529,23,5,74,0.015042511445389144,79,9,1,1,2,1,3,7
5475,-18.930000000002007,1043,23,5,70,0.02205177372962608,79,8,1,1,1,1,1,9
5476,-83.39000000000149,1398,23,5,76,0.016452074391988557,79,10,1,1,1,3,1,9
5477,149.7249852507371,339,24,6,63,0.07079646017699115,79,9,1,1,1,1,2,8
5478,-13.350000000000293,1031,23,5,72,0.02230843840931135,79,9,1,1,2,2,2,4
5479,73.66060240963711,664,24,6,75,0.03614457831325301,79,5,1,1,1,1,2,3
5480,-43.520000000001986,1250,24,6,76,0.0192,79,5,1,1,1,1,1,3
5481,-74.77000000000234,1309,23,5,74,0.01757066462948816,79,7,1,1,1,1,1,5
5482,-31.880000000000656,1080,23,5,75,0.021296296296296296,79,6,1,1,1,1,3,5
5483,-35.57000000000058,1068,23,5,74,0.02153558052434457,80,4,1,1,1,2,1,4
5484,-91.99000000000198,1471,23,5,76,0.01563562202583277,80,12,1,2,1,3,3,4
5485,43.871065375301036,826,24,6,71,0.029055690072639227,80,6,2,1,1,1,3,3
5486,-15.000000000002046,1022,23,5,67,0.022504892367906065,80,8,2,1,2,1,1,6
5487,37.57273957158771,887,24,6,70,0.02705749718151071,80,8,1,1,1,3,1,7
5488,120.21193857965496,521,24,6,74,0.046065259117082535,80,11,1,1,2,1,3,9
5489,-159.14484280198613,1813,24,6,76,0.013237727523441808,80,4,1,1,1,1,1,3
5490,-3.3300000000003385,1010,23,5,70,0.02277227722772277,80,11,2,1,1,1,4,5
5491,23.973636363634704,880,24,6,70,0.02727272727272727,80,3,1,1,1,1,2,2
5492,93.27793594305926,562,24,6,66,0.042704626334519574,80,5,1,1,1,1,2,4
5493,-10.620000000000172,1001,23,5,69,0.022977022977022976,80,8,1,1,2,2,1,5
5494,142.82395136778052,329,24,6,64,0.0729483282674772,80,6,1,1,2,2,1,5
5495,78.78051364365822,623,24,6,74,0.038523274478330656,80,4,1,1,1,1,2,2
5496,-35.33000000000192,1110,23,5,70,0.02072072072072072,80,7,1,1,1,1,2,7
5497,114.71202020202207,495,24,6,55,0.048484848484848485,80,8,1,1,2,1,2,5
5498,-72.35000000000218,1266,23,5,72,0.018167456556082148,80,5,1,1,1,1,2,3
5499,12.29699321047393,1031,24,6,76,0.023278370514064017,80,9,2,1,1,1,3,5
5500,71.18814814814654,675,24,6,72,0.035555555555555556,80,5,1,1,2,2,1,3
5501,-31.930000000001804,1063,23,5,70,0.021636876763875823,80,5,1,1,1,1,1,4
5502,61.08245033112399,755,24,6,71,0.031788079470198675,80,7,1,1,1,1,1,8
5503,-20.80000000000195,1036,23,5,67,0.0222007722007722,80,7,1,1,1,1,3,6
5504,110.35587360594705,538,24,6,69,0.04460966542750929,80,9,2,1,1,2,2,6
5505,-16.55000000000193,1017,23,5,72,0.02261553588987217,80,7,1,2,1,1,3,4
5506,-18.31000000000201,1024,23,5,68,0.0224609375,80,7,1,2,1,1,1,5
5507,109.1908032128503,498,24,6,67,0.04819277108433735,80,6,1,1,2,1,1,5
5508,16.108459869846662,922,24,6,76,0.026030368763557483,80,3,1,1,1,1,2,3
5509,67.6326533523525,701,24,6,57,0.034236804564907276,80,6,2,1,1,1,1,3
5510,-58.39690058479786,1368,24,6,73,0.017543859649122806,80,8,2,1,2,1,2,3
5511,-4.827663896585149,1083,24,6,68,0.0221606648199446,80,7,1,1,1,1,1,7
5512,-11.620000000002033,1006,23,5,69,0.02286282306163022,80,8,1,1,3,1,1,7
5513,-6.86000000000146,1014,23,5,73,0.022682445759368838,80,10,1,1,1,3,1,8
5514,81.17243902438908,656,24,6,74,0.036585365853658534,80,7,1,2,1,1,1,5
5515,53.56853470436836,778,24,6,72,0.030848329048843187,80,6,1,1,2,1,2,3
5516,-96.99000000000254,1406,23,5,76,0.016358463726884778,80,6,1,1,1,1,1,5
5517,100.79006802720953,588,24,6,74,0.04081632653061224,80,9,1,1,2,1,2,5
5518,16.652354145340915,977,24,6,71,0.02456499488229273,80,7,1,1,1,1,1,8
5519,-89.19000000000224,1322,23,5,76,0.01739788199697428,80,3,1,1,1,1,2,2
5520,-22.880000000001456,1020,23,5,75,0.022549019607843137,80,5,1,1,1,1,1,5
5521,93.7176172607868,533,24,6,73,0.0450281425891182,80,3,1,1,1,1,2,3
5522,-10.590000000000671,1064,23,5,76,0.021616541353383457,80,12,1,1,1,3,3,6
5523,153.55247956403264,367,24,6,68,0.0653950953678474,80,12,1,1,3,1,2,10
5524,84.19705882352945,680,24,6,61,0.03529411764705882,80,10,1,1,1,3,1,5
5525,-39.990000000001565,1046,23,5,76,0.02198852772466539,80,1,1,1,1,1,1,2
5526,-65.68000000000231,1309,23,5,75,0.01757066462948816,80,10,1,2,1,1,1,10
5527,-21.150000000001597,1010,23,5,72,0.02277227722772277,80,5,1,1,1,1,1,6
5528,121.50790020789934,481,24,6,66,0.0498960498960499,80,9,2,1,1,1,4,4
5529,-51.15000000000208,1205,23,5,72,0.019087136929460582,80,8,1,1,1,1,1,8
5530,93.87447368420932,608,24,6,75,0.039473684210526314,80,8,1,1,2,1,3,4
5531,-75.26000000000221,1266,23,5,73,0.018167456556082148,80,4,1,1,1,1,1,4
5532,128.2904147465428,434,24,6,70,0.055299539170506916,80,8,1,1,1,3,1,6
5533,1.6249667616316188,1053,24,6,73,0.022792022792022793,80,7,1,1,1,3,1,3
5534,-33.770000000002085,1164,23,5,74,0.019759450171821305,80,11,1,2,3,1,2,5
5535,27.346496272628755,939,24,6,72,0.025559105431309903,80,8,1,2,1,2,1,4
5536,37.43111111111161,900,24,6,64,0.02666666666666667,80,9,1,1,2,2,3,5
5537,-54.57000000000206,1208,23,5,74,0.01903973509933775,80,7,1,1,1,1,1,4
5538,-14.190000000001877,1022,23,5,76,0.022504892367906065,80,8,1,2,1,3,1,4
5539,82.77432098765279,648,24,6,74,0.037037037037037035,80,7,1,1,1,1,2,5
5540,90.27793594305946,562,24,6,66,0.042704626334519574,80,4,1,1,2,1,1,3
5541,-55.88000000000181,1170,23,5,75,0.019658119658119658,80,4,1,1,1,1,2,3
5542,9.139999999998247,1000,24,6,72,0.024,80,6,1,1,2,1,1,5
5543,-30.750000000001904,1088,23,5,72,0.021139705882352942,80,7,1,1,1,1,3,6
5544,167.98650406504171,246,24,6,58,0.0975609756097561,80,9,1,1,1,3,2,6
5545,-33.25000000000192,1081,23,5,62,0.02127659574468085,80,6,1,1,1,1,1,5
5546,71.85534883720786,688,24,6,75,0.03488372093023256,80,6,1,1,1,2,1,6
5547,-67.97000000000202,1260,23,5,74,0.018253968253968255,80,6,1,2,2,1,2,4
5548,62.31534883720771,688,24,6,69,0.03488372093023256,80,3,1,1,2,1,1,2
5549,108.993310225302,577,24,6,74,0.0415944540727903,80,11,1,1,2,2,3,6
5550,60.76706480304759,787,24,6,72,0.030495552731893267,80,9,1,1,2,1,3,5
5551,23.742880658434448,972,24,6,72,0.024691358024691357,80,9,2,1,1,1,3,4
5552,-110.39000000000273,1473,23,5,76,0.015614392396469789,80,6,1,1,1,1,3,5
5553,106.81242914979644,494,24,6,65,0.048582995951417005,80,5,1,1,3,1,1,3
5554,-17.370000000001816,1007,23,5,74,0.022840119165839126,80,6,1,1,3,1,1,5
5555,130.57041474654366,434,24,6,62,0.055299539170506916,80,9,1,1,3,1,1,4
5556,101.14574692442926,569,24,6,69,0.0421792618629174,80,8,1,1,3,1,1,4
5557,-36.384383561645706,1168,24,6,73,0.02054794520547945,80,2,1,1,1,1,1,3
5558,4.845147478590391,1051,24,6,71,0.022835394862036156,80,8,1,1,1,1,2,6
5559,5.834607379373557,1057,24,6,62,0.02270577105014191,80,9,1,2,2,1,1,5
5560,109.01450184501834,542,24,6,63,0.04428044280442804,80,9,2,1,2,2,1,6
5561,30.925042016804664,952,24,6,74,0.025210084033613446,80,10,1,1,3,1,1,9
5562,81.04641288433328,683,24,6,66,0.03513909224011713,80,9,1,1,3,1,2,3
5563,95.01064846416281,586,24,6,72,0.040955631399317405,80,7,1,1,1,1,2,5
5564,45.292249388751095,818,24,6,69,0.029339853300733496,80,6,1,2,1,1,1,4
5565,-41.66000000000153,1098,23,5,73,0.020947176684881604,80,4,1,1,2,1,1,4
5566,-82.46000000000248,1362,23,5,73,0.016886930983847283,80,8,1,1,2,2,2,5
5567,31.905485232065562,948,24,6,76,0.02531645569620253,80,10,1,1,3,1,4,5
5568,-146.14514536478453,1823,24,6,76,0.013165112452002194,80,9,1,2,2,1,2,4
5569,39.86820330969124,846,24,6,71,0.028368794326241134,80,6,1,2,2,1,1,5
5570,-40.240000000001615,1075,23,5,71,0.021395348837209303,80,3,1,1,1,1,2,2
5571,-21.970000000001832,1015,23,5,74,0.022660098522167486,80,5,1,1,1,2,1,4
5572,101.22518518518457,540,24,6,72,0.044444444444444446,80,6,1,2,1,1,1,4
5573,71.19623978201457,734,24,6,70,0.0326975476839237,80,9,1,1,1,2,1,7
5574,-48.750000000001776,1118,23,5,72,0.020572450805008944,80,3,1,1,1,1,1,3
5575,102.82501650165075,606,24,6,70,0.039603960396039604,80,11,1,1,2,3,2,8
5576,67.25987012987028,770,24,6,73,0.03116883116883117,80,10,1,1,1,2,4,3
5577,-29.170000000001878,1066,23,5,74,0.021575984990619138,80,6,1,1,1,1,1,5
5578,-26.39000000000178,1023,23,5,76,0.022482893450635387,80,4,1,1,1,1,2,3
5579,-11.680000000001979,1009,23,5,75,0.022794846382556987,80,8,1,2,1,2,2,6
5580,125.56598272138164,463,24,6,71,0.05183585313174946,80,9,1,1,1,3,2,4
5581,-5.871894273128978,1135,24,6,72,0.021145374449339206,80,10,1,2,2,1,2,8
5582,-33.08000000000199,1116,23,5,75,0.02060931899641577,80,8,1,1,1,1,1,7
5583,58.63515644555589,799,24,6,75,0.030037546933667083,80,9,2,1,1,1,3,3
5584,117.67746887966696,482,24,6,59,0.04979253112033195,80,8,1,1,1,1,3,3
5585,26.955473441107117,866,24,6,72,0.02771362586605081,80,3,1,1,1,1,1,4
5586,-15.570000000001901,1058,23,5,74,0.021739130434782608,80,10,1,1,2,1,4,7
5587,-258.18999999999573,2182,23,5,76,0.010540788267644362,80,4,1,1,1,1,2,3
5588,64.43869625519933,721,24,6,66,0.033287101248266296,80,6,1,1,2,2,1,5
5589,78.76953367875778,772,24,6,72,0.031088082901554404,80,14,1,1,2,3,3,10
5590,127.19809523809447,420,24,6,60,0.05714285714285714,80,7,2,1,2,1,1,6
5591,-55.17000000000188,1166,23,5,74,0.01972555746140652,80,4,1,1,1,1,2,3
5592,67.57020833333148,768,24,6,72,0.03125,80,10,1,1,1,3,2,8
5593,-62.22000000000142,1259,23,5,69,0.018268467037331215,80,8,2,1,1,2,4,4
5594,-52.06000000000175,1135,23,5,73,0.02026431718061674,80,3,1,1,1,1,1,2
5595,-42.92076069730802,1262,24,6,76,0.01901743264659271,80,6,1,1,1,2,1,6
5596,-130.52266055046,1744,24,6,74,0.013761467889908258,80,9,1,1,2,1,3,5
5597,128.82178010471128,382,24,6,60,0.06282722513089005,80,5,1,1,1,1,1,4
5598,15.60718172983277,1029,24,6,75,0.023323615160349854,80,10,1,1,3,1,2,8
5599,126.38779043280168,439,24,6,60,0.05466970387243736,80,8,1,1,1,2,2,4
5600,94.88050541516124,554,24,6,66,0.04332129963898917,80,5,1,1,1,1,1,6
5601,37.1926126126114,888,24,6,68,0.02702702702702703,80,8,1,1,2,3,1,6
5602,69.55084507042102,710,24,6,65,0.03380281690140845,80,7,1,1,2,3,1,5
5603,77.1217450682837,659,24,6,69,0.036418816388467376,80,6,1,1,3,1,1,4
5604,92.71750418760327,597,24,6,71,0.04020100502512563,80,7,1,1,2,2,1,4
5605,-95.93577392421591,1557,24,6,76,0.015414258188824663,80,8,1,1,1,2,2,5
5606,-82.59000000000243,1349,23,5,76,0.01704966641957005,80,7,1,1,1,1,1,6
5607,57.38453300124348,803,24,6,70,0.029887920298879204,80,9,1,1,1,1,4,6
5608,2.5829866117387734,971,24,6,68,0.024716786817713696,80,2,1,1,1,1,1,3
5609,144.8057002457022,407,24,6,60,0.05896805896805897,80,12,2,1,3,3,2,4
5610,128.4340816326545,490,24,6,63,0.04897959183673469,80,12,1,2,3,1,2,6
5611,17.75560229445311,1046,24,6,70,0.022944550669216062,80,12,2,1,2,1,3,9
5612,105.42417475728091,515,24,6,63,0.04660194174757282,80,6,1,1,1,2,1,4
5613,-187.68000000000035,1874,23,5,75,0.012273212379935965,80,7,1,1,1,1,1,7
5614,-18.750000000002075,1058,23,5,72,0.021739130434782608,80,9,1,1,1,1,2,9
5615,1.667943192946245,1021,24,6,69,0.023506366307541625,80,5,1,1,1,2,1,5
5616,-11.37000000000208,1052,23,5,74,0.021863117870722433,80,11,2,1,1,1,3,9
5617,-36.46000000000173,1177,23,5,73,0.01954120645709431,80,11,1,1,3,2,1,9
5618,-22.57000000000191,1033,23,5,74,0.022265246853823813,80,6,1,1,3,1,1,3
5619,84.83037593984804,665,24,6,68,0.03609022556390978,80,9,1,1,2,1,3,4
5620,-20.24000000000069,1005,23,5,71,0.022885572139303482,80,5,1,1,2,1,1,3
5621,117.4588071570565,503,24,6,70,0.04771371769383698,80,9,1,1,1,2,2,7
5622,-38.06000000000178,1095,23,5,73,0.021004566210045664,80,5,1,1,2,1,1,3
5623,57.07422360248252,805,24,6,71,0.02981366459627329,80,9,1,1,1,1,2,9
5624,-13.550000000001505,1002,23,5,72,0.022954091816367265,80,7,1,1,1,2,1,5
5625,133.0289473684205,304,24,6,66,0.07894736842105263,80,1,1,1,1,1,1,2
5626,73.39836795252064,674,24,6,61,0.03560830860534125,80,6,1,1,1,1,1,6
5627,86.48393442622859,610,24,6,64,0.03934426229508197,80,6,1,1,1,1,1,5
5628,-33.880000000001445,1060,23,5,75,0.02169811320754717,80,4,1,1,1,1,1,4
5629,-19.02000000000104,1058,23,5,69,0.021739130434782608,80,9,1,2,1,3,1,5
5630,-17.620000000001006,1021,23,5,69,0.022526934378060724,80,7,1,1,1,1,1,5
5631,67.8574926253671,678,24,6,75,0.035398230088495575,80,4,1,1,1,1,1,3
5632,-53.060000000001374,1185,23,5,73,0.019409282700421943,80,6,1,1,1,1,2,6
5633,128.97509803921474,408,24,6,53,0.058823529411764705,80,7,1,1,1,1,3,3
5634,-28.53000000000187,1091,23,5,70,0.021081576535288724,80,8,1,1,1,1,2,7
5635,30.440011001098547,909,24,6,73,0.026402640264026403,80,7,1,1,1,1,1,8
5636,-29.640000000001923,1082,23,5,71,0.021256931608133085,80,7,1,1,1,1,3,6
5637,108.43267822735918,519,24,6,72,0.046242774566473986,80,7,1,1,1,1,1,8
5638,-48.4800000000019,1163,23,5,75,0.019776440240756664,80,6,2,1,1,1,1,3
5639,82.9250387596885,645,24,6,69,0.037209302325581395,80,7,1,1,1,1,2,5
5640,44.750048019207526,833,24,6,63,0.028811524609843937,80,7,1,1,2,1,2,6
5641,58.36071895424646,765,24,6,63,0.03137254901960784,80,7,1,1,1,3,1,4
5642,148.1131645569615,395,24,6,70,0.060759493670886074,80,12,1,1,3,2,4,4
5643,-15.420000000001373,1010,23,5,69,0.02277227722772277,80,7,1,1,3,1,1,5
5644,-124.59000000000263,1499,23,5,76,0.015343562374916611,80,3,1,1,1,1,1,4
5645,29.234166666664738,960,24,6,73,0.025,80,10,2,1,1,1,3,4
5646,20.87638297872149,940,24,6,69,0.02553191489361702,80,6,1,1,1,2,1,4
5647,111.4588071570569,503,24,6,70,0.04771371769383698,80,7,1,1,2,1,2,4
5648,-62.81887624466826,1406,24,6,75,0.017069701280227598,80,9,1,1,1,2,3,7
5649,-81.35000000000218,1266,23,5,72,0.018167456556082148,80,2,1,1,1,1,1,3
5650,116.78148148148058,432,24,6,71,0.05555555555555555,80,4,1,1,1,1,2,2
5651,-123.23093325457981,1693,24,6,75,0.014176018901358535,80,8,1,1,2,2,2,3
5652,92.50835016834937,594,24,6,62,0.04040404040404041,80,7,1,1,2,1,1,4
5653,117.24231422505198,471,24,6,63,0.050955414012738856,80,7,1,2,1,1,1,4
5654,-21.44000000000188,1071,23,5,71,0.021475256769374416,80,9,1,1,1,1,2,9
5655,-53.66000000000185,1143,23,5,73,0.020122484689413824,80,3,1,1,1,1,1,3
5656,-97.59000000000272,1454,23,5,76,0.01581843191196699,80,9,1,1,2,2,2,5
5657,99.89761726078683,533,24,6,75,0.0450281425891182,80,5,1,1,1,1,1,4
5658,75.8743209876528,648,24,6,64,0.037037037037037035,80,5,1,1,2,1,2,4
5659,108.70267822735914,519,24,6,75,0.046242774566473986,80,7,2,1,1,1,3,3
5660,-8.860000000001712,1009,23,5,73,0.022794846382556987,80,9,1,1,3,1,2,6
5661,58.1900390117022,769,24,6,70,0.031209362808842653,80,7,2,1,1,1,3,5
5662,-35.55,1112,23,5,72,0.02068345323741007,80,7,1,1,3,1,1,3
5663,-40.80708126036663,1206,24,6,75,0.01990049751243781,80,3,1,1,2,1,1,2
5664,-24.79000000000206,1105,23,5,76,0.02081447963800905,80,10,1,2,2,2,1,6
5665,51.04123359579892,762,24,6,75,0.031496062992125984,80,4,1,1,1,1,1,3
5666,4.5608064516110876,992,24,6,70,0.024193548387096774,80,4,1,1,1,1,1,4
5667,-16.530000000002005,1031,23,5,70,0.02230843840931135,80,8,1,2,1,1,1,6
5668,62.34404825737169,746,24,6,65,0.032171581769437,80,7,1,1,2,1,1,5
5669,-10.577749077492605,1084,24,6,73,0.02214022140221402,80,5,1,1,1,1,1,4
5670,-26.06000000000159,1140,23,5,73,0.02017543859649123,81,12,1,1,1,3,4,8
5671,131.4909468822165,433,24,6,70,0.05542725173210162,81,9,1,1,1,1,2,9
5672,52.3877139208155,783,24,6,70,0.03065134099616858,81,6,1,1,1,1,1,5
5673,-11.053793103449546,1160,24,6,70,0.020689655172413793,81,10,1,1,1,1,2,8
5674,-84.24000000000247,1355,23,5,71,0.016974169741697416,81,7,1,1,1,1,2,6
5675,117.70675736961361,441,24,6,68,0.05442176870748299,81,5,1,2,1,1,2,3
5676,100.95518518518534,540,24,6,69,0.044444444444444446,81,6,1,1,2,2,1,3
5677,-58.52700729927235,1370,24,6,76,0.017518248175182483,81,8,1,1,1,1,2,7
5678,-16.78000000000152,1075,23,5,65,0.021395348837209303,81,11,1,1,1,3,3,8
5679,55.17245033112402,755,24,6,72,0.031788079470198675,81,5,1,1,1,1,1,3
5680,-27.750000000001407,1058,23,5,72,0.021739130434782608,81,6,1,1,1,3,2,3
5681,48.751926121370246,758,24,6,74,0.0316622691292876,81,3,1,1,1,1,1,3
5682,113.7769158878502,535,24,6,67,0.044859813084112146,81,10,1,1,1,2,3,4
5683,-28.478896999190518,1233,24,6,72,0.019464720194647202,81,9,2,1,1,2,1,7
5684,-17.930000000001872,1083,23,5,70,0.02123730378578024,81,11,1,1,1,3,2,9
5685,-53.17000000000178,1156,23,5,74,0.019896193771626297,81,4,1,1,2,1,1,2
5686,-75.7900000000024,1345,23,5,76,0.017100371747211896,81,9,2,1,1,1,2,8
5687,144.15125628140697,398,24,6,66,0.06030150753768844,81,11,1,1,3,1,2,7
5688,-67.86000000000223,1289,23,5,73,0.017843289371605897,81,8,2,1,2,1,1,7
5689,37.74905125408735,917,24,6,72,0.026172300981461286,81,10,1,1,1,3,2,4
5690,126.78883295194535,437,24,6,60,0.05491990846681922,81,8,1,1,3,1,1,4
5691,60.89064697608837,711,24,6,71,0.03375527426160337,81,4,1,1,1,2,1,3
5692,-21.260000000001906,1026,23,5,73,0.022417153996101363,81,6,1,1,1,1,3,4
5693,-25.93000000000145,1003,23,5,70,0.022931206380857428,81,3,1,1,2,1,1,2
5694,44.953507377980074,881,24,6,72,0.02724177071509648,81,10,1,2,1,1,3,6
5695,41.27594458438107,794,24,6,71,0.030226700251889168,81,3,1,1,1,1,2,2
5696,-16.205824915826103,1188,24,6,75,0.020202020202020204,81,10,1,1,2,2,1,9
5697,-23.080000000002123,1096,23,5,75,0.020985401459854013,81,10,1,1,1,2,3,5
5698,116.80876826722238,479,24,6,76,0.05010438413361169,81,7,1,2,1,1,2,4
5699,-0.3501996008002237,1002,24,6,71,0.023952095808383235,81,3,1,1,1,1,1,2
5700,-26.114015477215798,1163,24,6,76,0.02063628546861565,81,5,1,1,2,1,1,3
5701,-105.19000000000247,1447,23,5,76,0.015894955079474776,81,6,1,1,1,1,1,4
5702,86.8075041876033,597,24,6,72,0.04020100502512563,81,5,2,1,2,1,1,3
5703,-22.250000000000522,1041,23,5,62,0.022094140249759846,81,7,1,1,1,1,2,5
5704,83.89339869280907,612,24,6,73,0.0392156862745098,81,5,1,1,2,1,1,3
5705,129.58881838074487,457,24,6,69,0.0525164113785558,81,10,1,1,3,3,1,5
5706,-213.58999999999867,2004,23,5,76,0.011477045908183632,81,7,2,1,1,2,1,4
5707,108.05801980197917,505,24,6,70,0.047524752475247525,81,6,1,1,1,2,1,6
5708,25.168813928180885,919,24,6,70,0.026115342763873776,81,6,1,1,1,1,2,3
5709,132.1747417840371,426,24,6,62,0.056338028169014086,81,9,1,1,1,1,4,4
5710,78.98367816091786,696,24,6,72,0.034482758620689655,81,9,1,1,1,1,2,8
5711,-14.2900000000018,1048,23,5,66,0.02194656488549618,81,10,1,2,2,1,4,5
5712,-40.62000000000174,1136,23,5,69,0.020246478873239437,81,7,1,1,1,2,3,3
5713,60.429760479040034,835,24,6,75,0.02874251497005988,81,12,1,1,3,1,4,5
5714,-19.570000000002082,1093,23,5,74,0.021043000914913082,81,11,2,1,2,2,2,8
5715,-107.88000000000285,1490,23,5,75,0.015436241610738255,81,8,1,1,1,1,2,8
5716,54.2497604790398,835,24,6,73,0.02874251497005988,81,10,2,1,2,1,1,8
5717,-38.57000000000158,1083,23,5,74,0.02123730378578024,81,4,1,2,1,1,1,3
5718,54.236422250314114,791,24,6,75,0.03034134007585335,81,7,1,1,1,1,3,6
5719,113.80267822735911,519,24,6,65,0.046242774566473986,81,9,1,1,1,2,2,8
5720,-11.000000000002013,1002,23,5,67,0.022954091816367265,81,8,1,1,1,3,1,4
5721,-286.5596774193481,2480,24,6,76,0.00967741935483871,81,6,1,1,1,1,1,5
5722,-57.0400000000017,1189,23,5,71,0.01934398654331371,81,5,1,1,1,1,1,6
5723,41.4211111111108,900,24,6,75,0.02666666666666667,81,10,2,1,1,2,2,7
5724,22.743950103948944,962,24,6,72,0.02494802494802495,81,8,1,1,1,1,2,4
5725,-31.770000000001577,1049,23,5,74,0.0219256434699714,81,4,1,1,1,1,1,4
5726,77.49534883720769,688,24,6,71,0.03488372093023256,81,8,1,1,3,2,2,3
5727,-35.30205767732075,1283,24,6,74,0.018706157443491817,81,10,1,1,2,1,2,9
5728,67.6712429378514,708,24,6,73,0.03389830508474576,81,6,1,1,1,1,2,5
5729,21.510502512561942,995,24,6,65,0.024120603015075376,81,10,2,1,2,1,1,9
5730,-10.880000000000912,1035,23,5,75,0.022222222222222223,81,10,1,1,3,1,3,6
5731,-37.64000000000191,1137,23,5,71,0.020228671943711522,81,8,1,1,1,1,3,6
5732,71.51245014244847,702,24,6,69,0.03418803418803419,81,7,1,1,1,3,1,3
5733,-17.770000000001957,1024,23,5,74,0.0224609375,81,7,1,1,1,2,1,5
5734,-41.26000000000158,1126,23,5,73,0.020426287744227355,81,6,1,1,1,2,1,3
5735,89.05123287671101,584,24,6,68,0.0410958904109589,81,5,2,1,1,1,2,3
5736,-56.970000000002095,1235,23,5,74,0.01862348178137652,81,8,2,1,1,1,1,4
5737,82.24181229773332,618,24,6,68,0.038834951456310676,81,5,1,1,1,1,2,4
5738,29.990011001098097,909,24,6,68,0.026402640264026403,81,7,1,1,1,2,4,3
5739,57.37717421124657,729,24,6,72,0.03292181069958848,81,4,1,1,1,1,1,5
5740,85.52455950540802,647,24,6,69,0.03709428129829984,81,8,1,1,2,1,1,8
5741,65.06586956521576,736,24,6,73,0.03260869565217391,81,7,1,1,1,1,1,5
5742,85.78583747926909,603,24,6,74,0.03980099502487562,81,5,1,1,1,1,2,5
5743,-215.64327102803472,2140,24,6,75,0.011214953271028037,81,7,1,1,1,2,1,6
5744,-4.624942965781106,1052,24,6,68,0.022813688212927757,81,5,1,1,1,3,1,3
5745,147.57894736842047,304,24,6,61,0.07894736842105263,81,6,1,1,1,2,2,3
5746,5.206525096523169,1036,24,6,75,0.023166023166023165,81,7,1,1,1,1,3,6
5747,-134.68000000000308,1594,23,5,75,0.014429109159347553,81,6,1,1,1,1,2,3
5748,-12.800000000002028,1011,23,5,67,0.02274975272007913,81,8,1,1,1,1,1,9
5749,116.34083969465792,524,24,6,71,0.04580152671755725,81,10,1,1,1,1,4,7
5750,-24.770000000002135,1119,23,5,74,0.020554066130473638,81,11,1,1,2,1,2,10
5751,55.02806375442586,847,24,6,75,0.02833530106257379,81,11,1,2,1,3,1,9
5752,-43.57000000000178,1123,23,5,74,0.020480854853072127,81,5,1,1,1,1,1,5
5753,121.21746887966695,482,24,6,65,0.04979253112033195,81,9,1,1,1,2,3,3
5754,-33.55000000000172,1102,23,5,72,0.020871143375680582,81,7,1,1,1,1,1,8
5755,-212.95395948434344,2172,24,6,76,0.011049723756906077,81,10,1,1,1,1,3,6
5756,39.339760479040095,835,24,6,74,0.02874251497005988,81,5,1,1,2,1,1,4
5757,-24.130000000001903,1039,23,5,70,0.02213666987487969,81,6,1,1,1,1,1,5
5758,15.414712041883728,955,24,6,75,0.025130890052356022,81,5,1,1,2,1,1,4
5759,-10.048675799088434,1095,24,6,70,0.021917808219178082,81,6,1,1,1,1,1,6
5760,-18.440000000000673,1086,23,5,71,0.02117863720073665,81,11,2,1,2,1,2,6
5761,49.32033694343958,831,24,6,76,0.02888086642599278,81,8,1,1,2,1,2,5
5762,74.19908205841284,719,24,6,70,0.03337969401947149,81,9,1,2,2,1,1,4
5763,-44.840000000001815,1143,23,5,71,0.020122484689413824,81,6,1,1,2,1,2,4
5764,57.42044943820058,712,24,6,68,0.033707865168539325,81,3,1,1,1,1,1,3
5765,-89.33438320210136,1524,24,6,76,0.015748031496062992,81,8,1,1,2,1,1,7
5766,74.21174506828368,659,24,6,70,0.036418816388467376,81,5,1,1,1,1,1,5
5767,-24.73000000000192,1057,23,5,70,0.021759697256385997,81,7,1,1,3,2,1,4
5768,-15.440000000002046,1056,23,5,71,0.021780303030303032,81,10,1,1,2,1,4,5
5769,-1.5300000000006548,1001,23,5,70,0.022977022977022976,81,11,2,1,2,1,3,8
5770,47.638369704747774,779,24,6,75,0.03080872913992298,81,4,1,1,1,1,1,2
5771,-7.930000000001192,1003,23,5,70,0.022931206380857428,81,9,1,1,2,1,1,6
5772,175.90846889952195,209,24,6,63,0.11483253588516747,81,9,1,1,2,3,1,5
5773,-72.48000000000218,1313,23,5,75,0.017517136329017517,81,8,2,1,2,1,1,5
5774,-202.3699999999991,2022,23,5,74,0.011374876360039565,81,12,1,1,3,1,4,8
5775,-14.440000000001774,1021,23,5,71,0.022526934378060724,81,8,1,1,2,2,1,6
5776,100.74513134851003,571,24,6,69,0.04203152364273205,81,8,1,1,2,1,3,4
5777,-26.990000000001718,1056,23,5,76,0.021780303030303032,81,6,1,1,2,1,2,5
5778,-81.280000000002,1312,23,5,75,0.01753048780487805,81,5,1,1,1,2,1,4
5779,97.3400680272095,588,24,6,69,0.04081632653061224,81,8,2,1,1,1,4,3
5780,139.39075055187908,453,24,6,69,0.052980132450331126,81,13,1,1,2,3,4,4
5781,-108.08000000000273,1461,23,5,75,0.01574264202600958,81,6,1,1,1,1,1,6
5782,60.55440860214873,744,24,6,74,0.03225806451612903,81,6,1,1,1,2,3,3
5783,74.2718439716295,705,24,6,73,0.03404255319148936,81,8,1,1,1,3,1,6
5784,20.891626016259778,984,24,6,67,0.024390243902439025,81,9,1,1,2,1,1,7
5785,-53.370000000000424,1157,23,5,74,0.019878997407087293,81,4,1,1,1,1,1,4
5786,23.634384133609984,958,24,6,73,0.025052192066805846,81,8,1,1,2,1,3,6
5787,-46.48000000000182,1153,23,5,75,0.0199479618386817,81,6,1,1,2,1,1,4
5788,82.28748031495914,635,24,6,73,0.03779527559055118,81,6,1,2,1,1,1,4
5789,-35.330000000001846,1080,23,5,70,0.021296296296296296,81,5,1,1,1,1,1,4
5790,106.04348623853188,545,24,6,70,0.044036697247706424,81,8,1,1,1,1,3,7
5791,19.743950103948105,962,24,6,72,0.02494802494802495,81,7,1,1,2,2,1,3
5792,-24.58000000000178,1114,23,5,65,0.02064631956912029,81,11,1,1,3,1,1,10
5793,39.81848341232043,844,24,6,66,0.02843601895734597,81,6,1,1,1,2,1,4
5794,44.757370892016965,852,24,6,72,0.028169014084507043,81,8,1,1,1,1,1,9
5795,56.38853470436831,778,24,6,70,0.030848329048843187,81,7,1,1,1,1,2,7
5796,-47.30295839753693,1298,24,6,74,0.01848998459167951,81,7,1,2,1,1,1,7
5797,-87.68000000000254,1389,23,5,75,0.01655867530597552,81,8,1,1,1,1,4,6
5798,55.985786163520046,795,24,6,70,0.03018867924528302,81,8,1,2,1,1,1,7
5799,116.13645021644923,462,24,6,64,0.05194805194805195,81,6,1,1,1,1,1,6
5800,46.58737089201681,852,24,6,59,0.028169014084507043,81,9,2,1,3,1,2,4
5801,78.21290519877523,654,24,6,70,0.03669724770642202,81,6,1,1,1,2,1,4
5802,69.26986013985882,715,24,6,73,0.033566433566433566,81,7,1,1,1,1,3,4
5803,107.09450184501728,542,24,6,75,0.04428044280442804,81,8,1,2,2,1,3,3
5804,-11.86000000000093,1024,23,5,73,0.0224609375,81,9,1,1,1,2,1,5
5805,-106.08000000000277,1451,23,5,75,0.015851137146795313,81,6,1,1,1,1,1,6
5806,-63.12498124531362,1333,24,6,76,0.01800450112528132,81,4,1,1,1,1,2,3
5807,33.8804972375686,905,24,6,69,0.026519337016574586,81,8,1,1,1,1,3,7
5808,18.053092783504226,970,24,6,71,0.024742268041237112,81,7,1,2,1,1,2,4
5809,-20.690000000001824,1020,23,5,66,0.022549019607843137,81,6,1,2,2,1,1,5
5810,-147.2800000000026,1627,23,5,75,0.014136447449293177,81,4,1,1,1,1,2,3
5811,-8.800000000002083,1021,23,5,67,0.022526934378060724,81,10,1,2,2,1,1,9
5812,95.92624999999859,640,24,6,69,0.0375,81,11,2,2,2,1,3,6
5813,-4.467663896585361,1083,24,6,72,0.0221606648199446,81,7,1,1,1,1,3,5
5814,130.83906735751236,386,24,6,58,0.06217616580310881,81,6,1,1,1,2,1,4
5815,-22.24000000000185,1045,23,5,71,0.02200956937799043,81,7,1,2,1,1,1,7
5816,-103.77000000000255,1409,23,5,74,0.016323633782824698,81,4,1,1,1,1,1,5
5817,89.7580672268893,595,24,6,67,0.040336134453781515,81,6,1,1,1,1,1,6
5818,-12.761032028471616,1124,24,6,71,0.021352313167259787,81,7,1,1,2,1,1,6
5819,-36.44000000000196,1131,23,5,71,0.020335985853227233,81,8,1,1,1,1,4,4
5820,37.666686114350405,857,24,6,71,0.028004667444574097,81,6,1,1,1,2,1,4
5821,84.49970059880084,668,24,6,71,0.03592814371257485,81,9,1,1,3,1,1,7
5822,-2.8600000000021346,1024,23,5,73,0.0224609375,81,12,1,1,2,3,3,8
5823,108.58723865877586,507,24,6,47,0.047337278106508875,81,7,1,2,1,1,1,5
5824,-31.717081260366832,1206,24,6,76,0.01990049751243781,81,6,1,1,2,1,1,4
5825,60.34495276652998,741,24,6,65,0.032388663967611336,81,6,1,1,1,1,1,7
5826,94.7955287569561,539,24,6,65,0.04452690166975881,81,4,1,2,1,2,1,2
5827,20.9141619585667,1062,24,6,74,0.022598870056497175,81,14,2,1,3,3,3,4
5828,139.42737967914357,374,24,6,60,0.06417112299465241,81,8,1,2,2,1,2,4
5829,-3.9774930619813524,1081,24,6,73,0.022201665124884366,81,7,1,1,1,1,1,8
5830,-39.58000000000171,1054,23,5,65,0.021821631878557873,81,2,1,1,2,1,1,2
5831,-36.300000000001205,1023,22,4,68,0.021505376344086023,81,6,2,1,1,2,1,4
5832,113.84656716417908,536,24,6,70,0.04477611940298507,81,10,2,1,2,1,3,5
5833,86.00814814814777,675,24,6,70,0.035555555555555556,81,10,1,1,1,1,3,9
5834,64.37531799729209,739,24,6,72,0.03247631935047361,81,7,1,1,1,1,3,5
5835,-30.57000000000064,1013,23,5,74,0.022704837117472853,81,2,1,1,1,1,1,3
5836,-63.460000000001926,1177,23,5,73,0.01954120645709431,81,2,2,1,1,1,1,2
5837,76.27705882352778,680,24,6,73,0.03529411764705882,81,7,1,2,1,1,2,4
5838,73.79315579227547,751,24,6,70,0.03195739014647137,81,11,1,1,2,2,3,5
5839,120.99330900243227,411,24,6,71,0.058394160583941604,81,4,1,1,1,1,1,4
5840,-22.530000000001607,1016,23,5,70,0.022637795275590553,81,5,1,1,1,1,1,4
5841,-42.64000000000186,1147,23,5,71,0.02005231037489102,81,7,1,2,1,1,2,5
5842,122.5242152466358,446,24,6,66,0.053811659192825115,81,7,1,1,2,1,2,4
5843,79.13749262536712,678,24,6,67,0.035398230088495575,81,8,1,1,2,2,2,6
5844,49.340548302870374,766,24,6,65,0.031331592689295036,81,4,1,1,1,1,1,3
5845,78.20005602240724,714,24,6,70,0.03361344537815126,81,10,1,2,1,2,2,8
5846,139.41706940874022,389,24,6,60,0.061696658097686374,81,9,1,1,1,2,1,6
5847,25.06049723756727,905,24,6,71,0.026519337016574586,81,5,1,1,1,1,2,3
5848,-57.990000000001885,1166,23,5,76,0.01972555746140652,81,3,1,1,1,1,1,4
5849,-10.970000000001553,1005,23,5,74,0.022885572139303482,81,8,1,1,1,2,2,3
5850,-38.140000000001606,1034,22,4,72,0.02127659574468085,81,6,1,2,1,3,2,3
5851,-47.37000000000187,1142,23,5,74,0.020140105078809107,81,5,1,1,1,2,1,3
5852,23.916609808100716,938,24,6,65,0.0255863539445629,81,7,1,1,1,1,3,5
5853,110.04533880903378,487,24,6,52,0.049281314168377825,81,6,1,1,2,1,1,4
5854,42.27210012209843,819,24,6,71,0.029304029304029304,81,5,1,1,1,1,1,4
5855,9.051522842638073,985,24,6,71,0.024365482233502538,81,5,2,1,1,1,1,4
5856,33.30402508551686,877,24,6,67,0.027366020524515394,81,6,1,1,2,1,1,4
5857,-37.590000000001346,1139,23,5,76,0.02019315188762072,81,8,1,1,1,3,2,5
5858,-47.480000000001745,1158,23,5,75,0.019861830742659757,81,6,1,1,1,1,1,7
5859,18.855152471081144,951,24,6,71,0.025236593059936908,81,6,2,1,1,1,1,6
5860,-28.460000000001838,1032,23,5,73,0.022286821705426358,81,4,1,1,1,1,1,4
5861,129.2441920374706,427,24,6,65,0.05620608899297424,81,8,1,1,1,1,3,3
5862,-28.750000000001837,1108,23,5,72,0.02075812274368231,81,9,1,2,2,1,3,6
5863,71.95025245441624,713,24,6,65,0.033660589060308554,81,8,1,1,1,1,1,9
5864,131.24980815347635,417,24,6,65,0.05755395683453238,81,8,2,1,2,1,2,5
5865,45.02224938875183,818,24,6,66,0.029339853300733496,81,6,1,1,1,1,1,6
5866,-1.558925318763416,1098,24,6,71,0.02185792349726776,81,9,1,1,1,1,1,10
5867,-157.17000000000178,1721,23,5,74,0.01336432306798373,81,7,1,1,1,1,2,4
5868,43.53848341232022,844,24,6,74,0.02843601895734597,81,7,1,1,1,3,2,4
5869,127.01779043280091,439,24,6,67,0.05466970387243736,81,8,1,1,1,1,4,3
5870,-0.8674074074093383,1080,24,6,72,0.022222222222222223,81,8,1,1,1,1,2,6
5871,75.83384615384465,650,24,6,68,0.036923076923076927,81,5,1,1,1,2,1,3
5872,28.87752688172,930,24,6,69,0.025806451612903226,81,8,1,2,1,1,1,6
5873,50.79976047904079,835,24,6,68,0.02874251497005988,81,9,1,1,1,2,3,5
5874,44.93453300124337,803,24,6,65,0.029887920298879204,81,5,1,2,1,1,1,5
5875,-31.240000000001835,1075,23,5,71,0.021395348837209303,81,6,1,1,2,1,1,3
5876,-119.87000000000253,1414,22,4,75,0.015558698727015558,81,4,1,1,1,1,3,3
5877,-24.280000000001866,1027,23,5,75,0.022395326192794548,81,5,1,1,1,1,1,3
5878,-7.990000000001894,1036,23,5,76,0.0222007722007722,81,11,1,2,2,1,3,7
5879,65.7855604075676,687,24,6,72,0.034934497816593885,81,4,1,1,1,1,1,5
5880,86.97152658661967,583,24,6,76,0.0411663807890223,81,4,1,1,1,1,1,5
5881,70.6829787234024,752,24,6,71,0.031914893617021274,81,10,1,1,1,2,2,6
5882,-21.35000000000202,1056,23,5,72,0.021780303030303032,81,8,1,1,1,1,3,4
5883,-76.08000000000249,1346,23,5,75,0.017087667161961365,81,9,1,2,1,1,4,4
5884,52.96330456226688,811,24,6,72,0.029593094944512947,81,8,1,1,2,2,2,4
5885,-13.380000000001871,1043,23,5,65,0.02205177372962608,81,10,1,1,2,1,3,8
5886,57.404688279299805,802,24,6,68,0.029925187032418952,81,9,1,1,1,1,1,10
5887,121.74255813953418,430,24,6,55,0.05581395348837209,81,6,1,1,1,1,1,5
5888,-56.419999999999746,1215,23,5,69,0.018930041152263374,81,7,1,1,1,1,1,8
5889,134.14325513196414,341,24,6,61,0.07038123167155426,81,4,1,1,2,1,1,3
5890,-34.9300000000017,1063,23,5,70,0.021636876763875823,81,4,1,1,1,1,1,4
5891,20.71970089730759,1003,24,6,74,0.023928215353938187,81,10,1,2,3,2,2,5
5892,111.63040080160205,499,24,6,63,0.04809619238476954,81,7,1,1,1,2,2,4
5893,75.78850415512414,722,24,6,61,0.0332409972299169,81,10,1,1,1,2,3,5
5894,89.16220700152047,657,24,6,65,0.0365296803652968,81,10,1,1,3,3,1,3
5895,-1.4899999999999913,1014,23,5,66,0.022682445759368838,81,12,1,2,2,2,4,5
5896,-48.97000000000189,1150,23,5,74,0.02,81,5,1,1,3,1,1,3
5897,-36.04000000000171,1054,23,5,71,0.021821631878557873,81,3,1,1,1,1,2,3
5898,13.43373443983228,964,24,6,73,0.024896265560165973,81,5,1,1,1,3,1,3
5899,135.74834061135292,458,24,6,73,0.05240174672489083,81,12,2,1,3,1,3,8
5900,59.661061598949885,763,24,6,73,0.03145478374836173,81,7,1,1,1,1,2,7
5901,122.47598272138136,463,24,6,70,0.05183585313174946,81,8,1,1,1,1,1,9
5902,-71.59800575954173,1389,24,6,73,0.017278617710583154,81,5,1,1,1,1,2,3
5903,-512.9723145071839,3612,24,6,76,0.006644518272425249,81,6,1,1,3,1,1,4
5904,25.525374077977226,949,24,6,74,0.02528977871443625,81,8,1,2,2,1,2,6
5905,-76.88000000000213,1275,23,5,75,0.01803921568627451,81,4,1,1,1,1,1,3
5906,-92.2800000000025,1382,23,5,75,0.016642547033285094,81,6,1,1,1,1,1,5
5907,-63.5105072967355,1439,24,6,74,0.01667824878387769,81,11,1,1,2,2,4,5
5908,-7.198925318762919,1098,24,6,75,0.02185792349726776,81,7,1,1,2,1,3,4
5909,53.78180267965912,821,24,6,70,0.029232643118148598,81,9,1,1,2,2,1,7
5910,70.45071895424728,765,24,6,64,0.03137254901960784,81,11,2,2,1,3,2,7
5911,37.97494252873374,870,24,6,70,0.027586206896551724,81,7,1,1,3,1,1,4
5912,-9.459999999999596,1042,23,5,73,0.022072936660268713,81,11,1,1,1,2,2,9
5913,-50.600000000001714,1200,23,5,67,0.019166666666666665,81,8,1,1,1,2,1,8
5914,-8.480000000001962,1008,23,5,75,0.022817460317460316,81,9,2,1,1,2,1,8
5915,23.619409190370156,914,24,6,75,0.0262582056892779,81,5,1,1,2,1,1,4
5916,42.31019230769064,832,24,6,67,0.028846153846153848,81,6,1,1,1,1,1,7
5917,-24.550000000001383,1012,23,5,72,0.022727272727272728,81,4,1,1,1,1,1,4
5918,32.156959064325676,855,24,6,72,0.028070175438596492,81,4,1,2,1,1,1,3
5919,70.10531799729188,739,24,6,69,0.03247631935047361,81,9,2,1,1,2,2,6
5920,106.83115942029097,552,24,6,61,0.043478260869565216,81,9,2,1,1,1,2,7
5921,-54.37000000000008,1237,23,5,74,0.018593371059013743,81,9,1,1,1,1,3,5
5922,25.967526881718463,930,24,6,70,0.025806451612903226,81,7,1,1,1,1,2,5
5923,53.190890052354135,764,24,6,70,0.031413612565445025,81,5,1,1,3,1,1,2
5924,-13.468925318763146,1098,24,6,72,0.02185792349726776,81,5,1,1,1,1,1,4
5925,107.29157088122486,522,24,6,66,0.04597701149425287,81,7,1,1,1,1,1,5
5926,-60.35000000000205,1206,23,5,72,0.019071310116086235,81,5,1,1,1,1,1,5
5927,-39.207559769169386,1213,24,6,75,0.01978565539983512,81,4,1,1,1,1,1,3
5928,69.53987012987,770,24,6,65,0.03116883116883117,81,11,1,1,3,3,1,7
5929,74.27243902438907,656,24,6,64,0.036585365853658534,81,5,1,2,1,1,1,3
5930,-42.33000000000177,1115,23,5,70,0.02062780269058296,81,5,1,1,1,1,1,4
5931,-41.150000000001086,1110,23,5,72,0.02072072072072072,81,5,1,1,1,1,1,6
5932,-18.350000000001597,1071,23,5,72,0.021475256769374416,81,10,1,1,2,2,3,7
5933,100.5308396946553,524,24,6,62,0.04580152671755725,81,5,1,1,2,1,1,4
5934,-33.82000000000204,1147,23,5,69,0.02005231037489102,81,10,2,1,1,3,3,4
5935,18.054712041883093,955,24,6,71,0.025130890052356022,81,6,1,1,1,1,1,3
5936,-20.600000000001717,1035,23,5,67,0.022222222222222223,81,7,1,1,1,1,1,5
5937,-44.12000000000042,1063,22,4,70,0.020696142991533398,81,6,1,2,1,1,1,4
5938,119.28621973929437,537,24,6,66,0.0446927374301676,81,12,2,1,1,1,4,6
5939,112.8004008016021,499,24,6,76,0.04809619238476954,81,7,1,1,2,1,1,6
5940,-38.14999999999981,1170,23,5,72,0.019658119658119658,81,10,2,1,1,1,3,6
5941,136.66075055187534,453,24,6,72,0.052980132450331126,81,12,1,1,2,2,3,6
5942,-19.930000000001858,1018,23,5,70,0.022593320235756387,81,6,1,1,1,1,2,5
5943,-64.28000000000196,1212,23,5,75,0.018976897689768978,81,4,1,1,2,1,1,3
5944,96.53474464579857,607,24,6,69,0.039538714991762765,81,9,1,1,1,1,2,6
5945,55.46003901170167,769,24,6,73,0.031209362808842653,81,6,1,1,1,1,1,4
5946,-40.079743178172265,1246,24,6,72,0.019261637239165328,81,6,1,2,1,1,2,3
5947,111.4444989775049,489,24,6,72,0.049079754601226995,81,6,1,1,2,1,1,4
5948,-52.1500000000008,1135,23,5,72,0.02026431718061674,81,3,1,2,1,1,1,3
5949,-22.420000000001988,1045,23,5,69,0.02200956937799043,81,7,1,1,1,1,1,5
5950,66.0815789473673,760,24,6,71,0.031578947368421054,81,9,1,1,1,3,1,7
5951,-29.930000000001847,1083,23,5,70,0.02123730378578024,81,7,1,1,2,2,1,4
5952,81.69044943820111,712,24,6,71,0.033707865168539325,81,11,1,1,3,1,3,7
5953,-16.801582670205068,1131,24,6,75,0.021220159151193633,81,6,1,1,1,2,1,6
5954,-29.550000000000825,1022,23,5,72,0.022504892367906065,81,3,1,1,2,1,1,3
5955,105.74920318724988,502,24,6,71,0.04780876494023904,81,5,1,1,1,1,2,3
5956,-58.3800000000015,1122,22,4,76,0.0196078431372549,81,5,1,1,1,1,1,3
5957,-37.570000000001926,1138,23,5,74,0.020210896309314587,81,8,1,1,1,1,4,5
5958,69.7168428781194,681,24,6,69,0.03524229074889868,81,5,1,1,1,1,3,3
5959,73.92285714285696,700,24,6,58,0.03428571428571429,81,8,1,1,3,1,2,4
5960,140.06172949002422,451,24,6,72,0.05321507760532151,81,13,2,2,2,3,1,7
5961,47.74376237623568,808,24,6,74,0.0297029702970297,81,6,1,1,1,1,3,5
5962,-14.390000000002075,1038,23,5,76,0.022157996146435453,81,9,1,2,1,1,3,7
5963,108.92361111110976,576,24,6,71,0.041666666666666664,81,11,1,1,2,3,3,5
5964,-17.110000000001904,1003,23,5,68,0.022931206380857428,81,6,1,1,1,1,1,5
5965,25.635485232065484,948,24,6,73,0.02531645569620253,81,8,1,1,2,2,1,7
5966,-16.71000000000192,1016,23,5,68,0.022637795275590553,81,7,1,1,1,1,1,8
5967,84.8007717041786,622,24,6,72,0.03858520900321544,81,6,1,1,1,1,1,7
5968,77.81600624024809,641,24,6,70,0.0374414976599064,81,5,1,1,2,2,1,4
5969,87.06051364365821,623,24,6,66,0.038523274478330656,81,7,1,1,2,3,1,4
5970,26.321607142855292,896,24,6,65,0.026785714285714284,81,5,1,1,2,1,1,3
5971,34.2241552511396,876,24,6,75,0.0273972602739726,81,6,1,2,1,1,2,5
5972,-10.460000000001827,1017,23,5,73,0.02261553588987217,81,9,2,1,2,1,2,6
5973,122.1672659176024,534,24,6,58,0.0449438202247191,81,13,1,2,3,1,3,9
5974,-35.36816693944507,1222,24,6,71,0.019639934533551555,81,6,1,1,2,1,1,4
5975,-33.120508744040265,1258,24,6,76,0.019077901430842606,81,9,1,2,1,1,2,8
5976,-107.95000000000276,1459,23,5,72,0.015764222069910898,81,6,1,1,1,2,3,2
5977,60.929366106079,773,24,6,76,0.031047865459249677,81,8,1,1,1,1,3,7
5978,-20.58000000000116,1004,23,5,65,0.022908366533864542,81,5,1,1,1,1,1,6
5979,-15.853344887350044,1154,24,6,70,0.02079722703639515,81,8,1,1,1,2,1,7
5980,78.74384615384487,650,24,6,67,0.036923076923076927,81,6,2,1,2,2,1,3
5981,35.71507479861743,869,24,6,76,0.02761795166858458,81,6,1,1,1,2,3,3
5982,-55.92548435171586,1342,24,6,76,0.01788375558867362,81,7,1,1,1,1,1,4
5983,-63.28000000000217,1252,23,5,75,0.018370607028753993,81,7,1,1,1,1,3,5
5984,26.614275286755383,959,24,6,75,0.02502606882168926,81,9,1,1,1,2,2,4
5985,-9.002049252419422,1137,24,6,75,0.021108179419525065,81,9,1,1,1,1,2,7
5986,159.5716793893137,262,24,6,67,0.0916030534351145,81,7,1,2,1,1,3,5
5987,90.88181229773366,618,24,6,64,0.038834951456310676,81,8,1,2,1,1,2,6
5988,-3.717149489323937,1077,24,6,67,0.022284122562674095,81,7,1,1,1,1,2,7
5989,-75.2918336741677,1467,24,6,72,0.016359918200409,81,9,2,2,2,2,1,5
5990,85.76898251192219,629,24,6,65,0.03815580286168521,81,7,1,1,3,1,1,5
5991,-51.73000000000093,1177,23,5,70,0.01954120645709431,81,6,1,1,1,1,3,4
5992,97.10384615384683,650,24,6,71,0.036923076923076927,81,12,1,1,3,2,2,8
5993,-88.08000000000197,1316,23,5,75,0.017477203647416412,81,3,1,1,1,1,1,2
5994,-0.8711111111132279,1125,24,6,72,0.021333333333333333,81,11,1,2,1,1,3,6
5995,-26.95000000000177,1009,23,5,72,0.022794846382556987,81,3,1,1,1,1,2,2
5996,-51.5500000000018,1147,23,5,72,0.02005231037489102,81,4,1,1,1,1,1,3
5997,35.641358574608205,898,24,6,73,0.026726057906458798,81,8,1,1,1,2,1,4
5998,-33.60666666666782,1200,24,6,75,0.02,81,5,1,1,1,1,1,3
5999,-32.680000000001804,1054,23,5,75,0.021821631878557873,81,4,1,1,1,1,1,5
6000,39.24764705882176,850,24,6,73,0.02823529411764706,81,6,1,1,2,1,1,6
6001,-17.690000000002048,1065,23,5,66,0.0215962441314554,46,10,1,1,2,1,2,8
6002,39.530011001097975,909,24,6,74,0.026402640264026403,46,10,1,1,1,1,3,6
6003,-30.607695473253127,1215,24,6,75,0.019753086419753086,48,7,1,1,2,2,1,3
6004,117.58379844961132,516,24,6,67,0.046511627906976744,48,10,1,1,2,2,3,4
6005,-18.950000000001936,1014,23,5,72,0.022682445759368838,48,6,1,1,1,2,1,4
6006,26.66148272017675,897,24,6,71,0.026755852842809364,50,5,1,1,2,2,1,4
6007,-147.75000000000267,1673,23,5,72,0.013747758517632994,50,7,1,1,1,1,1,8
6008,96.37267175572545,655,24,6,74,0.0366412213740458,50,12,1,1,1,3,3,9
6009,60.4147708894861,742,24,6,68,0.03234501347708895,50,6,1,1,2,1,1,6
6010,37.16695906432724,855,24,6,61,0.028070175438596492,50,6,1,2,1,1,1,4
6011,56.70679890560716,731,24,6,69,0.03283173734610123,50,4,1,1,3,1,1,2
6012,121.55080321285222,498,24,6,71,0.04819277108433735,50,10,1,1,1,1,2,10
6013,12.053092783503688,970,24,6,71,0.024742268041237112,50,5,2,1,1,1,2,4
6014,-89.97000000000241,1340,23,5,74,0.017164179104477612,50,4,1,1,1,1,1,4
6015,-39.130000000001566,1129,23,5,70,0.02037201062887511,51,7,1,1,1,1,4,3
6016,106.27501650165034,606,24,6,75,0.039603960396039604,52,12,2,1,2,1,4,7
6017,44.419617224878756,836,24,6,66,0.028708133971291867,52,7,1,1,1,2,2,4
6018,-15.06999999999844,1066,23,5,64,0.021575984990619138,52,11,1,1,1,3,3,5
6019,71.38204545454377,704,24,6,72,0.03409090909090909,53,7,1,1,1,1,2,4
6020,63.38005602240728,714,24,6,72,0.03361344537815126,53,5,1,1,1,2,1,3
6021,-25.550000000002036,1137,23,5,72,0.020228671943711522,54,12,2,1,1,3,4,4
6022,25.15428571428407,875,24,6,72,0.027428571428571427,54,3,1,1,1,1,1,4
6023,-45.600000000001955,1160,23,5,67,0.019827586206896553,54,7,1,1,1,1,2,7
6024,75.41755158184137,727,24,6,68,0.033012379642365884,54,10,1,1,1,2,2,9
6025,96.33051364365905,623,24,6,69,0.038523274478330656,54,10,2,1,2,1,2,4
6026,137.658663484486,419,24,6,74,0.057279236276849645,57,10,1,1,2,1,3,8
6027,-18.982357581070836,1141,24,6,73,0.021034180543382998,58,6,1,1,1,2,2,4
6028,19.8557082452413,946,24,6,71,0.02536997885835095,58,6,1,1,2,1,1,5
6029,60.3515789473666,760,24,6,74,0.031578947368421054,59,7,1,1,2,1,1,7
6030,-46.810000000000564,1031,22,4,69,0.02133850630455868,59,3,1,1,1,1,1,4
6031,60.614952766529946,741,24,6,68,0.032388663967611336,59,6,1,1,1,1,2,5
6032,100.364931773878,513,24,6,69,0.04678362573099415,59,4,1,1,1,1,1,4
6033,-227.64575221238627,2260,24,6,75,0.010619469026548672,59,11,1,1,1,2,2,10
6034,-23.8400000000019,1038,23,5,71,0.022157996146435453,59,6,1,1,1,2,2,3
6035,18.411522842637815,985,24,6,75,0.024365482233502538,59,8,1,1,1,1,2,6
6036,-50.6800000000006,1204,23,5,75,0.01910299003322259,60,8,1,1,1,2,2,5
6037,34.53061946902471,904,24,6,74,0.02654867256637168,64,8,1,1,1,1,3,6
6038,39.236382978721736,940,24,6,73,0.02553191489361702,64,12,2,1,3,1,3,8
6039,-71.08000000000224,1291,23,5,75,0.017815646785437646,64,7,1,1,1,2,2,4
6040,75.05880952380791,672,24,6,75,0.03571428571428571,64,6,1,1,2,1,2,4
6041,-10.460000000001578,1017,23,5,73,0.02261553588987217,70,9,1,2,1,2,1,8
6042,102.25761989342674,563,24,6,68,0.04262877442273535,70,8,1,1,2,2,1,4
6043,21.19198208286501,893,24,6,68,0.026875699888017916,70,3,1,1,2,1,1,3
6044,-18.53000000000012,1071,23,5,70,0.021475256769374416,70,10,1,1,1,1,4,8
6045,-27.990000000002134,1151,23,5,76,0.01998262380538662,70,12,2,1,2,1,3,9
6046,74.3790820584127,719,24,6,72,0.03337969401947149,70,9,1,2,2,1,2,7
6047,-70.68000000000194,1214,23,5,75,0.018945634266886325,70,2,1,1,1,1,1,3
6048,20.4326694045155,974,24,6,73,0.024640657084188913,70,8,1,1,1,3,1,5
6049,88.59694490817887,599,24,6,63,0.04006677796327212,70,6,2,1,2,1,1,3
6050,-31.790000000001484,1050,23,5,76,0.021904761904761906,70,4,1,1,1,1,1,5
6051,45.634378109450836,804,24,6,75,0.029850746268656716,70,5,1,1,1,2,1,3
6052,29.49976948408231,911,24,6,67,0.026344676180021953,70,7,1,1,1,1,3,3
6053,50.60642225031464,791,24,6,68,0.03034134007585335,70,6,1,1,2,1,1,3
6054,-46.52000000000115,1060,22,4,70,0.020754716981132074,70,5,1,1,1,1,1,5
6055,-69.77000000000211,1314,23,5,74,0.01750380517503805,70,9,1,1,1,1,2,9
6056,-114.39000000000277,1538,23,5,76,0.01495448634590377,70,9,1,2,1,2,2,7
6057,109.30857142857045,560,24,6,73,0.04285714285714286,70,10,1,2,1,2,1,8
6058,-19.880000000001935,1020,23,5,75,0.022549019607843137,70,6,1,1,3,1,1,3
6059,71.51245014244846,702,24,6,69,0.03418803418803419,70,7,1,1,1,2,2,5
6060,-35.680000000000774,1129,23,5,75,0.02037201062887511,70,8,2,1,2,1,2,4
6061,-7.569999999999808,1003,23,5,74,0.022931206380857428,70,9,1,1,1,3,1,6
6062,107.99120458890906,523,24,6,76,0.045889101338432124,70,7,1,1,1,2,2,4
6063,-23.45000000000089,1062,23,5,62,0.021657250470809793,70,8,1,1,1,2,2,5
6064,72.99015015014855,666,24,6,72,0.036036036036036036,70,5,1,1,1,1,2,5
6065,18.71871668311842,1013,24,6,74,0.023692003948667325,70,10,1,1,2,1,2,6
6066,20.16940919037055,914,24,6,70,0.0262582056892779,70,4,1,1,1,1,1,3
6067,-193.34997498749206,1999,24,6,76,0.01200600300150075,70,5,1,1,1,2,1,5
6068,119.66964360586941,477,24,6,70,0.050314465408805034,70,8,1,1,2,1,3,4
6069,-41.26000000000177,1156,23,5,73,0.019896193771626297,70,8,1,1,2,1,2,6
6070,-44.97307692307897,1300,24,6,71,0.018461538461538463,70,8,1,1,1,2,3,4
6071,-37.48000000000143,1108,23,5,75,0.02075812274368231,70,6,1,1,2,1,2,4
6072,72.2000390117024,769,24,6,59,0.031209362808842653,70,12,1,2,1,3,3,8
6073,5.606711798837681,1034,24,6,75,0.02321083172147002,70,7,1,1,1,1,2,5
6074,-30.87000000000189,1070,23,5,64,0.02149532710280374,70,6,1,1,1,1,1,5
6075,16.326951871656426,935,24,6,74,0.025668449197860963,70,4,1,2,1,1,2,2
6076,-44.660000000001084,1173,23,5,73,0.0196078431372549,70,8,1,2,1,1,3,5
6077,56.150548302870334,766,24,6,74,0.031331592689295036,70,6,1,1,1,1,1,6
6078,-100.73552546744284,1551,24,6,76,0.015473887814313346,70,6,1,1,1,1,1,5
6079,-53.150000000001945,1185,23,5,72,0.019409282700421943,70,6,1,1,1,2,1,6
6080,99.45305019304908,518,24,6,70,0.04633204633204633,70,4,1,1,1,1,3,3
6081,50.89658227847904,790,24,6,69,0.030379746835443037,70,6,1,2,1,1,1,4
6082,33.21806375442556,847,24,6,66,0.02833530106257379,70,4,1,1,1,1,1,3
6083,-66.79592592592839,1350,24,6,73,0.017777777777777778,70,4,1,1,1,1,1,3
6084,-51.450000000001154,1011,22,4,73,0.021760633036597428,70,0,1,1,1,1,1,1
6085,-20.06000000000183,1020,23,5,73,0.022549019607843137,70,6,1,1,1,1,1,6
6086,-31.006805324461265,1202,24,6,75,0.019966722129783693,70,6,1,1,2,2,3,2
6087,-17.960000000001955,1020,23,5,63,0.022549019607843137,70,7,1,1,1,1,1,6
6088,168.95363636363754,275,24,6,67,0.08727272727272728,70,11,1,2,1,2,4,7
6089,43.684810562570284,871,24,6,69,0.027554535017221583,70,9,1,1,1,2,1,8
6090,-22.55000000000179,1017,23,5,72,0.02261553588987217,70,5,1,1,1,1,2,3
6091,66.21192612137014,758,24,6,68,0.0316622691292876,70,9,1,1,1,2,4,4
6092,-23.82000000000162,1037,23,5,69,0.022179363548698167,70,6,1,1,1,1,2,6
6093,31.866822429904687,856,24,6,71,0.028037383177570093,70,4,1,1,1,1,1,3
6094,-36.1600000000017,1040,22,4,74,0.021153846153846155,70,7,1,1,3,1,1,5
6095,31.37454753722605,873,24,6,70,0.027491408934707903,71,5,1,1,1,1,1,5
6096,-76.32774566474201,1384,24,6,76,0.017341040462427744,71,3,1,1,1,1,1,4
6097,-24.950000000001694,1074,23,5,72,0.021415270018621976,71,8,2,1,1,1,1,7
6098,51.89738853502995,785,24,6,69,0.030573248407643312,71,6,1,1,3,2,1,2
6099,78.8007717041786,622,24,6,72,0.03858520900321544,71,4,1,1,1,1,1,3
6100,-42.93000000000191,1148,23,5,70,0.02003484320557491,71,7,1,1,2,1,1,4
6101,116.51008403361243,476,24,6,66,0.05042016806722689,71,7,1,1,2,1,2,4
6102,50.76600928074026,862,24,6,61,0.027842227378190254,71,11,1,2,1,3,2,7
6103,-115.93000000000232,1453,23,5,70,0.015829318651066758,71,3,1,1,1,1,1,3
6104,27.77223344556566,891,24,6,70,0.026936026936026935,71,5,1,1,2,1,1,3
6105,33.641982082864786,893,24,6,73,0.026875699888017916,71,7,1,1,1,2,1,4
6106,-29.220000000001907,1139,23,5,69,0.02019315188762072,71,11,1,2,2,1,4,4
6107,-66.15000000000173,1235,23,5,72,0.01862348178137652,71,5,1,1,1,1,1,4
6108,17.414166666665505,960,24,6,75,0.025,71,6,2,1,2,1,1,5
6109,107.11723865877597,507,24,6,64,0.047337278106508875,71,6,1,1,1,1,1,7
6110,-19.770000000001843,1004,23,5,74,0.022908366533864542,71,5,1,1,1,1,1,6
6111,77.71339869280902,612,24,6,71,0.0392156862745098,71,3,1,1,1,1,1,3
6112,-8.820000000000705,1022,23,5,69,0.022504892367906065,71,10,1,1,3,3,1,6
6113,-42.77000000000172,1089,23,5,74,0.021120293847566574,71,3,1,1,1,2,1,3
6114,-1.795303030304483,1056,24,6,75,0.022727272727272728,71,6,1,1,1,1,2,4
6115,133.9963054187212,406,24,6,71,0.059113300492610835,71,8,1,1,1,1,2,8
6116,38.48534025374662,867,24,6,69,0.02768166089965398,71,7,1,1,1,1,1,6
6117,-15.240000000001846,1100,23,5,71,0.02090909090909091,71,13,1,1,2,2,3,10
6118,13.827847358119671,1022,24,6,73,0.023483365949119372,71,9,1,2,1,1,1,9
6119,-34.36000000000128,1001,22,4,74,0.02197802197802198,71,5,1,1,1,1,1,6
6120,48.18210012209956,819,24,6,70,0.029304029304029304,71,7,1,1,2,1,1,5
6121,-52.48000000000206,1198,23,5,75,0.019198664440734557,71,7,1,1,1,1,2,7
6122,-335.36308600958813,2709,24,6,76,0.008859357696566999,71,5,2,1,1,1,1,4
6123,8.402592592591077,1080,24,6,75,0.022222222222222223,71,11,1,2,1,1,2,10
6124,-15.530000000000939,1011,23,5,70,0.02274975272007913,71,7,1,1,1,1,4,3
6125,110.67193857965485,521,24,6,68,0.046065259117082535,71,8,1,1,1,1,1,8
6126,25.789289617484442,915,24,6,68,0.02622950819672131,71,6,1,1,1,1,2,4
6127,-46.97000000000185,1185,23,5,74,0.019409282700421943,71,8,1,2,1,2,1,7
6128,107.17587360594696,538,24,6,67,0.04460966542750929,71,8,1,1,1,1,4,4
6129,123.18097046413405,474,24,6,69,0.05063291139240506,78,9,1,1,3,2,1,7
6130,-61.820000000002125,1242,23,5,69,0.018518518518518517,78,7,1,1,1,1,1,4
6131,108.54880715705656,503,24,6,71,0.04771371769383698,78,6,1,1,2,1,1,4
6132,-25.590000000001726,1014,22,4,67,0.021696252465483234,78,9,1,1,2,2,1,8
6133,42.0899040767367,834,24,6,69,0.02877697841726619,78,6,1,2,1,1,2,5
6134,136.10246719160025,381,24,6,72,0.06299212598425197,79,7,1,1,2,1,1,7
6135,-20.950000000001587,1039,23,5,72,0.02213666987487969,79,7,1,1,2,1,1,3
6136,-43.44000000000085,1151,23,5,71,0.01998262380538662,79,7,1,1,1,1,1,6
6137,-9.660000000001997,1028,23,5,73,0.02237354085603113,79,10,1,1,1,3,2,5
6138,63.887741046830385,726,24,6,71,0.03305785123966942,79,6,1,1,1,1,1,6
6139,3.6302004007998256,998,24,6,73,0.02404809619238477,79,4,1,1,1,1,1,3
6140,-93.3164272091574,1573,24,6,74,0.015257469802924348,79,10,1,1,1,1,3,7
6141,-126.37000000000279,1582,23,5,74,0.014538558786346398,79,8,1,1,2,1,2,3
6142,62.75927576601505,718,24,6,74,0.033426183844011144,79,5,1,1,1,1,1,4
6143,120.0009704641346,474,24,6,67,0.05063291139240506,79,8,1,1,1,1,2,8
6144,-20.170000000001714,1096,23,5,74,0.020985401459854013,79,11,2,1,1,2,1,10
6145,88.17015015014903,666,24,6,74,0.036036036036036036,79,10,1,1,1,2,4,6
6146,120.48367521367416,468,24,6,59,0.05128205128205128,79,8,1,1,1,2,2,3
6147,112.8820202020191,495,24,6,68,0.048484848484848485,79,7,1,1,2,1,2,5
6148,21.840253583240134,907,24,6,73,0.026460859977949284,79,4,1,1,1,1,1,4
6149,-30.35000000000142,1131,23,5,72,0.020335985853227233,79,10,2,1,1,3,2,4
6150,-94.22000000000239,1389,23,5,69,0.01655867530597552,79,6,1,1,1,1,1,5
6151,118.53040080160208,499,24,6,73,0.04809619238476954,79,9,1,1,1,1,3,5
6152,-170.94700582935846,1887,24,6,76,0.012718600953895072,79,5,1,1,2,1,1,5
6153,-4.220000000001238,1014,23,5,69,0.022682445759368838,79,11,2,1,2,1,3,6
6154,82.68224751066683,703,24,6,62,0.034139402560455195,79,11,2,1,1,2,3,6
6155,-32.55012779552878,1252,24,6,69,0.019169329073482427,81,9,1,1,2,1,2,5
6156,-17.202891986064596,1148,24,6,75,0.020905923344947737,81,7,1,1,2,1,1,6
6157,61.548888888887106,720,24,6,65,0.03333333333333333,81,5,1,1,1,1,2,3
6158,-154.63722955145184,1895,24,6,75,0.012664907651715039,81,11,2,1,1,2,3,7
6159,52.04787723784975,782,24,6,64,0.030690537084398978,81,6,1,1,1,1,3,2
6160,-65.39000000000195,1218,23,5,76,0.018883415435139574,81,4,1,1,1,1,1,3
6161,168.46052863436174,227,24,6,54,0.10572687224669604,81,8,1,2,1,1,3,3
6162,145.92906735751512,386,24,6,59,0.06217616580310881,81,11,1,2,1,3,2,7
6163,109.937468879667,482,24,6,73,0.04979253112033195,81,5,1,1,1,1,2,4
6164,84.50673981191109,638,24,6,71,0.03761755485893417,81,7,1,1,1,2,1,6
6165,-33.97000000000148,1045,23,5,74,0.02200956937799043,81,3,1,1,1,1,1,3
6166,80.30368983957358,748,24,6,69,0.03208556149732621,81,13,1,1,3,1,4,9
6167,-25.480000000001972,1063,23,5,75,0.021636876763875823,81,7,1,1,1,1,2,4
6168,-18.890000000001436,1041,23,5,66,0.022094140249759846,81,8,1,1,2,1,2,7
6169,-11.840000000001242,1023,23,5,71,0.022482893450635387,81,9,1,1,1,2,1,8
6170,-37.19000000000138,1092,23,5,76,0.021062271062271064,81,5,1,1,1,2,1,4
6171,100.83513134851044,571,24,6,70,0.04203152364273205,81,8,1,1,1,1,3,6
6172,38.283250283124154,883,24,6,69,0.027180067950169876,81,8,1,1,1,3,1,6
6173,-53.76000000000181,1128,22,4,74,0.01950354609929078,81,7,1,1,1,1,1,6
6174,-10.730000000001578,1017,23,5,70,0.02261553588987217,81,9,1,1,2,1,1,9
6175,119.99471910112294,445,24,6,69,0.05393258426966292,81,6,2,1,1,2,1,3
6176,7.4248766603395495,1054,24,6,73,0.022770398481973434,81,9,1,1,2,1,2,6
6177,89.44750418760509,597,24,6,68,0.04020100502512563,81,6,1,2,2,1,1,5
6178,-24.498633034988963,1229,24,6,74,0.01952807160292921,81,10,1,1,2,2,2,7
6179,-19.999999999999712,1002,23,5,67,0.022954091816367265,81,5,1,1,1,1,1,4
6180,96.62921146953275,558,24,6,61,0.043010752688172046,81,6,1,1,1,1,4,3
6181,81.81360983102766,651,24,6,70,0.03686635944700461,81,7,1,1,2,1,1,6
6182,176.54728971962655,214,24,6,48,0.11214953271028037,81,10,1,1,3,3,1,5
6183,69.76550135501266,738,24,6,63,0.032520325203252036,81,9,1,1,1,1,2,9
6184,-59.21000000000028,1078,22,4,69,0.02040816326530612,81,2,1,1,1,1,1,2
6185,-17.260000000002016,1051,23,5,73,0.021883920076117985,81,9,1,1,1,2,1,9
6186,27.42560693641531,865,24,6,75,0.027745664739884393,81,3,1,1,1,2,1,3
6187,-5.116454630497691,1069,24,6,67,0.02245088868101029,81,6,1,1,1,1,2,5
6188,-37.640000000001834,1107,23,5,71,0.02077687443541102,81,6,1,2,2,1,2,4
6189,-43.52000000000074,1060,22,4,70,0.020754716981132074,81,6,1,1,1,1,1,6
6190,-20.080000000001863,1006,23,5,75,0.02286282306163022,81,5,2,1,2,1,1,4
6191,72.57649452269041,639,24,6,74,0.03755868544600939,81,3,1,1,1,1,1,2
6192,-12.830000000000938,1017,22,5,71,0.021632251720747297,81,10,1,1,3,1,1,8
6193,42.58239902080636,817,24,6,70,0.02937576499388005,81,5,1,1,1,1,2,4
6194,60.80987012986831,770,24,6,68,0.03116883116883117,81,8,1,1,1,2,2,6
6195,-19.420000000001526,1030,23,5,69,0.02233009708737864,81,7,1,1,3,1,2,3
6196,50.88140604467627,761,24,6,71,0.03153745072273324,81,4,1,1,1,1,1,3
6197,-168.59000000000123,1704,23,5,76,0.013497652582159625,81,2,1,1,1,1,1,2
6198,-94.19000000000256,1392,23,5,76,0.016522988505747127,81,6,1,2,1,2,1,3
6199,-26.57000000000186,1038,23,5,74,0.022157996146435453,81,5,1,1,1,1,3,4
6200,95.8773049645377,564,24,6,66,0.0425531914893617,81,6,1,1,2,1,1,6
6201,-47.860000000001826,1189,23,5,73,0.01934398654331371,81,8,1,1,1,3,1,7
6202,98.21543859648989,570,24,6,72,0.042105263157894736,81,7,2,1,1,2,1,6
6203,122.82255813953427,430,24,6,67,0.05581395348837209,81,6,1,1,1,2,1,4
6204,32.647233294254065,853,24,6,73,0.02813599062133646,81,4,1,1,1,1,1,4
6205,74.06586956521708,736,24,6,73,0.03260869565217391,81,10,1,1,1,2,4,3
6206,-33.84000000000178,1088,23,5,71,0.021139705882352942,81,6,1,1,1,2,1,5
6207,-27.950000000001623,1119,23,5,72,0.020554066130473638,81,10,1,1,1,3,1,5
6208,-29.46000000000192,1067,23,5,73,0.02155576382380506,81,6,1,1,1,1,3,3
6209,-38.104642049735304,1327,24,6,74,0.01808590806330068,81,12,2,1,2,2,4,6
6210,74.50947001394708,717,24,6,69,0.03347280334728033,81,9,1,1,1,3,2,5
6211,97.508890876564,559,24,6,73,0.04293381037567084,81,6,1,1,1,1,1,6
6212,131.03310023309933,429,24,6,56,0.055944055944055944,81,9,1,1,1,1,4,4
6213,-18.600000000002115,1070,23,5,67,0.02149532710280374,81,10,1,1,1,1,3,7
6214,-87.99000000000223,1376,23,5,76,0.016715116279069766,81,7,1,1,2,2,1,6
6215,39.03976948408251,911,24,6,73,0.026344676180021953,81,10,2,1,1,3,1,7
6216,-42.55000000000062,1177,23,5,72,0.01954120645709431,81,9,1,1,2,2,1,8
6217,134.95449877750514,409,24,6,55,0.05867970660146699,81,9,2,1,1,1,2,6
6218,-24.985682967961463,1186,24,6,73,0.02023608768971332,81,7,1,1,1,1,1,8
6219,-26.930000000001744,1053,23,5,70,0.02184235517568851,81,6,1,1,1,1,1,5
6220,-18.370000000001955,1027,23,5,74,0.022395326192794548,81,7,1,1,1,1,3,3
6221,54.96484394506719,801,24,6,72,0.0299625468164794,81,8,1,1,1,2,1,7
6222,-58.95000000000217,1259,23,5,72,0.018268467037331215,81,9,2,1,2,3,1,6
6223,46.84280212483217,753,24,6,75,0.03187250996015936,81,2,1,1,1,2,1,2
6224,94.0893939393937,528,24,6,66,0.045454545454545456,81,3,1,1,2,1,1,2
6225,-7.440000000002001,1001,23,5,71,0.022977022977022976,81,9,1,1,3,1,1,5
6226,60.88495276653001,741,24,6,71,0.032388663967611336,81,6,1,1,1,1,3,4
6227,-97.91614303959433,1566,24,6,74,0.01532567049808429,81,8,1,1,1,2,3,6
6228,47.51111111110896,900,24,6,76,0.02666666666666667,81,12,1,2,1,2,3,9
6229,-20.550000000001827,1007,23,5,72,0.022840119165839126,81,5,1,1,1,1,2,5
6230,115.7287682672223,479,24,6,64,0.05010438413361169,81,7,1,2,1,1,2,4
6231,-12.710000000001981,1026,23,5,68,0.022417153996101363,81,9,1,1,2,1,2,8
6232,10.105042016805033,952,24,6,76,0.025210084033613446,81,3,1,1,1,1,2,2
6233,56.11150668286617,823,24,6,67,0.02916160388821385,81,10,1,1,1,2,3,8
6234,65.05771048744323,677,24,6,75,0.03545051698670606,81,3,1,1,1,1,1,3
6235,121.5544989775054,489,24,6,51,0.049079754601226995,81,10,1,1,2,2,2,5
6236,-10.068759124088844,1096,24,6,72,0.021897810218978103,81,6,1,1,1,2,3,3
6237,-24.370000000001838,1042,23,5,74,0.022072936660268713,81,6,1,1,1,1,2,5
6238,-55.35000000000196,1181,23,5,72,0.01947502116850127,81,5,1,1,2,1,1,4
6239,-59.720000000000894,1141,22,4,70,0.019281332164767746,81,6,1,1,1,1,2,6
6240,8.142564102563316,975,24,6,72,0.024615384615384615,81,4,1,1,1,1,2,3
6241,-167.83612068965516,1856,24,6,75,0.01293103448275862,81,4,1,1,1,1,1,5
6242,99.22391304347693,575,24,6,61,0.04173913043478261,81,8,1,1,2,1,2,6
6243,15.124602510458478,956,24,6,74,0.02510460251046025,81,5,1,1,1,1,3,4
6244,125.68366598777891,491,24,6,68,0.048879837067209775,81,11,2,1,2,1,3,5
6245,98.63636684303222,567,24,6,70,0.042328042328042326,81,7,2,1,2,1,1,4
6246,107.16605633802784,568,24,6,67,0.04225352112676056,81,10,1,1,3,1,1,9
6247,-72.24000000000129,1400,23,5,71,0.016428571428571428,81,14,1,1,3,2,4,9
6248,-188.39000000000004,1863,23,5,76,0.012345679012345678,81,6,1,1,1,2,2,5
6249,-8.950000000001877,1009,23,5,72,0.022794846382556987,81,9,1,2,1,1,2,8
6250,96.76025641025504,624,24,6,76,0.038461538461538464,81,10,1,2,1,1,2,9
6251,124.36321961620368,469,24,6,71,0.0511727078891258,81,9,1,1,3,2,2,5
6252,72.17077170417876,622,24,6,65,0.03858520900321544,81,2,1,1,1,1,1,2
6253,-17.020000000001655,1018,23,5,69,0.022593320235756387,81,7,1,1,1,1,1,6
6254,-18.480000000002097,1103,23,5,75,0.02085222121486854,81,12,1,2,1,1,3,10
6255,90.34337423312726,652,24,6,67,0.03680981595092025,81,10,2,1,2,2,1,5
6256,-42.613371647511855,1305,24,6,75,0.01839080459770115,81,9,1,2,1,1,2,6
6257,49.53578616352068,795,24,6,65,0.03018867924528302,81,6,1,1,1,1,1,7
6258,83.7224390243892,656,24,6,69,0.036585365853658534,81,8,1,1,2,1,1,7
6259,-19.860000000001634,1019,23,5,73,0.022571148184494603,81,6,1,1,1,1,3,4
6260,-34.8800000000017,1050,23,5,75,0.021904761904761906,81,3,1,1,1,1,1,3
6261,-31.280000000001852,1092,23,5,75,0.021062271062271064,81,7,1,1,1,1,4,5
6262,-23.080000000001995,1066,23,5,75,0.021575984990619138,81,8,2,1,1,1,1,6
6263,55.077388535029925,785,24,6,71,0.030573248407643312,81,7,2,1,1,2,1,5
6264,26.149289617484893,915,24,6,72,0.02622950819672131,81,6,1,1,2,1,2,4
6265,-4.50999999999965,1045,23,5,68,0.02200956937799043,81,13,1,1,1,3,3,10
6266,-248.75691512278743,2321,24,6,76,0.01034037052994399,81,8,1,1,1,1,3,5
6267,39.44778563015118,849,24,6,73,0.028268551236749116,81,6,1,1,1,1,3,4
6268,-56.61481203007755,1330,24,6,75,0.01804511278195489,81,6,1,1,2,1,2,3
6269,42.038063754425345,847,24,6,64,0.02833530106257379,81,7,1,1,1,1,1,4
6270,-48.64000000000155,1132,23,5,71,0.020318021201413426,81,4,1,1,1,1,1,3
6271,-22.060000000001775,1015,23,5,73,0.022660098522167486,81,5,1,1,1,1,1,6
6272,97.56985611510663,556,24,6,67,0.04316546762589928,81,6,1,1,2,3,2,2
6273,71.44577259475061,686,24,6,66,0.03498542274052478,81,6,1,1,1,1,3,5
6274,127.52935779816494,436,24,6,66,0.05504587155963303,81,8,1,1,1,1,4,3
6275,-309.5612403100695,2580,24,6,76,0.009302325581395349,81,5,1,1,1,3,1,2
6276,101.95691588784956,535,24,6,69,0.044859813084112146,81,6,1,1,1,1,2,6
6277,-40.55000000000164,1152,23,5,72,0.019965277777777776,81,8,2,1,1,2,1,7
6278,-22.550000000001766,1002,23,5,72,0.022954091816367265,81,4,1,1,1,1,1,5
6279,-10.750000000001535,1003,23,5,72,0.022931206380857428,81,8,1,1,1,1,1,7
6280,61.0038848920847,695,24,6,70,0.034532374100719423,81,3,1,2,1,1,1,3
6281,133.56255813953643,430,24,6,53,0.05581395348837209,81,10,1,1,2,1,4,4
6282,-19.870313901347107,1115,24,6,72,0.021524663677130046,81,4,1,1,1,1,1,3
6283,-22.72999999999998,1092,23,5,70,0.021062271062271064,81,10,1,1,2,3,1,8
6284,-33.77000000000159,1134,23,5,74,0.020282186948853614,81,9,1,2,2,1,1,6
6285,43.02402508551675,877,24,6,75,0.027366020524515394,81,9,1,1,1,2,4,3
6286,-19.113644214164253,1158,24,6,76,0.02072538860103627,81,7,1,2,1,2,1,4
6287,-18.39000000000181,1058,23,5,76,0.021739130434782608,81,9,1,2,1,1,2,5
6288,59.53605442176754,735,24,6,76,0.0326530612244898,81,5,1,2,1,2,1,3
6289,115.02985611510822,556,24,6,61,0.04316546762589928,81,12,1,1,3,1,2,6
6290,-40.15063492063714,1260,24,6,69,0.01904761904761905,81,7,1,1,2,1,1,4
6291,-9.871111111112954,1125,24,6,72,0.021333333333333333,81,8,1,1,1,1,1,9
6292,81.74748031495949,635,24,6,67,0.03779527559055118,81,6,1,1,1,1,1,4
6293,94.11949152542238,590,24,6,71,0.04067796610169491,81,7,1,1,1,3,1,4
6294,-88.7355254674433,1551,24,6,76,0.015473887814313346,81,10,2,1,2,2,2,4
6295,58.169870129868315,770,24,6,72,0.03116883116883117,81,7,1,1,1,1,3,4
6296,22.030401606423567,996,24,6,73,0.024096385542168676,81,10,1,1,1,1,4,5
6297,-14.453941480208417,1162,24,6,70,0.020654044750430294,81,9,1,1,1,2,1,9
6298,-76.06000000000218,1285,23,5,73,0.0178988326848249,81,5,1,1,1,3,1,3
6299,-13.260000000001956,1001,23,5,73,0.022977022977022976,81,7,1,1,1,1,2,7
6300,-22.853718723038757,1159,24,6,70,0.02070750647109577,81,6,1,1,1,1,2,4
6301,-46.900063948842885,1251,24,6,74,0.019184652278177457,81,4,1,1,1,1,1,5
6302,72.81723270440105,636,24,6,70,0.03773584905660377,81,3,1,1,1,1,1,2
6303,55.92089005235512,764,24,6,67,0.031413612565445025,81,6,1,2,1,1,2,3
6304,-36.31554054054197,1184,24,6,76,0.02027027027027027,81,3,1,1,2,2,1,2
6305,42.29224938875117,818,24,6,69,0.029339853300733496,81,5,2,1,1,1,1,3
6306,-97.2800000000024,1347,23,5,75,0.017074981440237565,81,2,1,1,1,1,2,2
6307,-28.330000000001363,1045,23,5,70,0.02200956937799043,81,5,1,1,1,3,1,4
6308,97.40155088852839,619,24,6,72,0.03877221324717286,81,10,1,1,1,2,2,6
6309,-8.190000000000198,1037,23,5,76,0.022179363548698167,81,11,1,1,1,1,3,10
6310,106.81482517482385,572,24,6,72,0.04195804195804196,81,10,1,1,1,1,3,8
6311,-59.7281092739062,1391,24,6,76,0.017253774263120056,81,9,1,2,1,1,1,8
6312,82.88586956521561,736,24,6,71,0.03260869565217391,81,13,2,1,2,2,4,8
6313,12.138522167485815,1015,24,6,72,0.023645320197044337,81,8,1,1,1,2,2,6
6314,-39.910000000001446,1102,23,5,68,0.020871143375680582,81,5,2,1,2,1,1,4
6315,-26.750000000001815,1038,23,5,72,0.022157996146435453,81,5,1,1,1,2,1,4
6316,109.50161290322464,496,24,6,66,0.04838709677419355,81,6,1,2,1,2,2,3
6317,-24.31961414791208,1244,24,6,76,0.01929260450160772,81,11,1,1,3,3,2,5
6318,-25.420000000001846,1045,23,5,69,0.02200956937799043,81,6,1,1,2,1,3,4
6319,6.13999999999854,1000,24,6,72,0.024,81,5,1,2,1,1,1,5
6320,-21.3700000000014,1012,23,5,74,0.022727272727272728,81,5,1,1,1,1,2,5
6321,123.55096385542086,415,24,6,75,0.05783132530120482,81,5,1,2,1,1,2,3
6322,123.07052631578846,475,24,6,70,0.05052631578947368,81,9,1,1,2,1,1,8
6323,108.30699115044166,565,24,6,73,0.04247787610619469,81,10,2,1,1,1,2,7
6324,-39.15000000000097,1130,23,5,72,0.020353982300884955,81,7,1,2,1,1,2,6
6325,-42.770000000001986,1179,23,5,74,0.019508057675996608,81,9,1,1,1,2,3,4
6326,41.12091898427891,827,24,6,76,0.02902055622732769,81,5,1,1,3,1,1,3
6327,-34.680000000001996,1139,23,5,75,0.02019315188762072,81,9,1,1,1,1,2,9
6328,-43.66000000000183,1168,23,5,73,0.019691780821917807,81,8,1,1,1,1,3,7
6329,113.25214936247588,549,24,6,59,0.04371584699453552,81,11,1,2,1,2,4,7
6330,18.493519668735168,966,24,6,67,0.024844720496894408,81,7,1,1,1,2,3,3
6331,-114.37000000000269,1507,23,5,74,0.015262110152621102,81,7,1,1,1,1,1,5
6332,8.829800399199733,1002,24,6,73,0.023952095808383235,81,6,1,1,1,2,1,4
6333,10.452249488750788,978,24,6,71,0.024539877300613498,81,5,1,1,1,1,2,3
6334,85.27128593040715,661,24,6,64,0.036308623298033284,81,9,1,1,1,2,2,4
6335,82.04898251192354,629,24,6,57,0.03815580286168521,81,6,1,1,1,1,3,2
6336,-79.35000000000234,1361,23,5,72,0.01689933872152829,81,9,2,1,1,2,1,7
6337,49.51834319526428,845,24,6,76,0.028402366863905324,81,9,2,1,3,1,2,4
6338,-17.220000000001786,1004,23,5,69,0.022908366533864542,81,6,1,2,1,1,2,5
6339,102.68348623853083,545,24,6,66,0.044036697247706424,81,7,2,1,1,1,1,5
6340,-66.52753623188629,1380,24,6,76,0.017391304347826087,81,6,2,1,1,1,1,4
6341,32.73325028312386,883,24,6,74,0.027180067950169876,81,6,1,1,1,1,1,7
6342,-5.77950226244519,1105,24,6,73,0.02171945701357466,81,8,1,1,1,1,1,9
6343,47.777508813159386,851,24,6,70,0.0282021151586369,81,9,1,1,2,1,2,6
6344,101.72636684303389,567,24,6,71,0.042328042328042326,81,8,1,1,1,1,2,7
6345,88.96123287671095,584,24,6,67,0.0410958904109589,81,5,1,1,1,1,2,2
6346,-22.89386735572971,1161,24,6,74,0.020671834625323,81,6,1,1,1,1,1,7
6347,41.325473441106496,866,24,6,65,0.02771362586605081,81,8,1,1,1,1,2,5
6348,78.40025245441623,713,24,6,70,0.033660589060308554,81,10,1,1,2,2,1,8
6349,24.65504201680499,952,24,6,71,0.025210084033613446,81,8,1,1,1,2,1,8
6350,-19.44000000000202,1046,23,5,71,0.02198852772466539,81,8,2,1,1,1,1,8
6351,89.7996648044683,716,24,6,70,0.0335195530726257,81,14,1,2,3,1,4,9
6352,-73.77000000000223,1274,23,5,74,0.01805337519623234,81,5,1,1,1,1,1,3
6353,121.06271844660165,412,24,6,74,0.05825242718446602,81,4,1,1,1,1,1,3
6354,-17.860000000001907,1009,23,5,73,0.022794846382556987,81,6,1,1,1,1,2,2
6355,127.79570024569942,407,24,6,71,0.05896805896805897,81,6,2,1,1,1,1,3
6356,-20.590000000001595,1024,23,5,76,0.0224609375,81,6,1,1,1,1,1,7
6357,69.46717421124652,729,24,6,73,0.03292181069958848,81,8,1,1,1,2,2,5
6358,70.85124293785154,708,24,6,75,0.03389830508474576,81,7,1,1,1,2,1,6
6359,-14.769090909092515,1100,24,6,62,0.02181818181818182,81,5,1,2,1,1,1,3
6360,53.58391573729665,807,24,6,70,0.02973977695167286,81,8,1,1,1,1,1,9
6361,80.1151378809858,689,24,6,69,0.03483309143686502,81,9,2,1,1,1,4,3
6362,-12.695611814348016,1185,24,6,74,0.020253164556962026,81,11,1,2,2,1,3,5
6363,93.57949152542236,590,24,6,65,0.04067796610169491,81,7,1,1,1,1,1,5
6364,-42.950000000001765,1119,23,5,72,0.020554066130473638,81,5,1,1,1,1,1,6
6365,122.58094688221615,433,24,6,71,0.05542725173210162,81,6,1,1,1,1,1,7
6366,-37.13000000000159,1014,23,5,70,0.022682445759368838,81,0,1,1,1,1,1,1
6367,-465.1704840613761,3388,24,6,76,0.0070838252656434475,81,7,1,1,1,1,1,8
6368,18.81330578512217,968,24,6,75,0.024793388429752067,81,7,1,1,1,1,3,4
6369,-60.76000000000057,1118,22,4,74,0.01967799642218247,81,4,1,1,1,1,1,5
6370,0.44871668311770563,1013,24,6,71,0.023692003948667325,81,4,1,1,1,2,1,2
6371,104.37115942028936,552,24,6,67,0.043478260869565216,81,8,1,1,1,1,4,5
6372,16.69582010581943,945,24,6,67,0.025396825396825397,81,5,1,1,1,1,1,4
6373,-10.710000000000672,1001,23,5,68,0.022977022977022976,81,8,1,1,3,1,3,3
6374,17.764602510458644,956,24,6,70,0.02510460251046025,81,6,1,2,1,1,2,5
6375,88.48550135501202,738,24,6,71,0.032520325203252036,81,15,2,2,3,2,4,6
6376,26.45775862068775,928,24,6,71,0.02586206896551724,81,7,1,1,1,1,1,7
6377,-49.890000000001855,1151,23,5,66,0.01998262380538662,81,5,1,1,1,1,1,6
6378,-9.370000000002054,1012,23,5,74,0.022727272727272728,81,9,1,1,2,1,3,4
6379,-97.15000000000232,1315,23,5,72,0.01749049429657795,81,0,1,1,1,1,1,1
6380,85.8920745542935,617,24,6,73,0.03889789303079417,81,6,1,2,1,1,1,5
6381,6.323092783504004,970,24,6,74,0.024742268041237112,81,3,2,1,1,1,1,3
6382,-50.61217898832909,1285,24,6,75,0.01867704280155642,81,5,1,1,1,1,2,5
6383,-62.70000000000184,1140,22,4,68,0.01929824561403509,81,5,1,1,1,1,1,5
6384,64.48204545454436,704,24,6,62,0.03409090909090909,81,5,1,1,1,1,1,3
6385,-20.460000000001966,1037,23,5,73,0.022179363548698167,81,7,1,1,1,1,1,7
6386,-18.97000000000174,1015,23,5,74,0.022660098522167486,81,6,1,1,1,1,1,6
6387,117.73321961620363,469,24,6,64,0.0511727078891258,81,7,1,1,2,1,2,5
6388,37.376550116548145,858,24,6,70,0.027972027972027972,81,6,1,1,1,1,3,3
6389,89.9542036124784,609,24,6,67,0.03940886699507389,81,7,1,1,1,3,1,4
6390,-232.96999999999758,2085,23,5,74,0.011031175059952039,81,6,1,1,1,1,1,7
6391,22.368932461871786,918,24,6,70,0.026143790849673203,81,5,2,1,1,1,1,3
6392,-20.56000000000209,1063,23,5,63,0.021636876763875823,81,9,1,1,1,2,3,5
6393,13.360704934541122,993,24,6,70,0.02416918429003021,81,7,1,1,1,1,3,3
6394,87.19103059581174,621,24,6,63,0.03864734299516908,81,7,1,1,2,1,2,4
6395,167.98154340835984,311,24,6,70,0.07717041800643087,84,13,1,2,2,2,2,9
6396,52.146822429906805,856,24,6,63,0.028037383177570093,84,11,2,1,1,1,3,7
6397,-25.680000000001886,1049,23,5,75,0.0219256434699714,84,6,1,1,1,1,1,5
6398,-39.05000000000176,1069,22,4,73,0.0205799812909261,84,8,1,1,1,1,1,7
6399,-39.28000000000178,1102,23,5,75,0.020871143375680582,84,5,1,1,1,1,1,4
6400,-37.11000000000139,1058,23,5,68,0.021739130434782608,84,3,1,1,1,1,1,3
6401,111.69417475728159,515,24,6,66,0.04660194174757282,84,8,1,1,2,1,2,6
6402,35.11787486515644,927,24,6,65,0.025889967637540454,84,10,1,1,1,1,3,6
6403,17.18775862068828,928,24,6,68,0.02586206896551724,84,4,1,1,1,1,1,5
6404,-56.060000000002084,1215,23,5,73,0.018930041152263374,84,7,1,2,1,1,1,5
6405,83.50552099533283,643,24,6,71,0.03732503888024884,84,7,1,1,2,1,3,3
6406,44.921982082868084,893,24,6,65,0.026875699888017916,84,11,1,2,2,2,3,6
6407,-24.130000000001615,1114,23,5,70,0.02064631956912029,84,11,2,1,3,1,3,6
6408,-33.84000000000181,1058,23,5,71,0.021739130434782608,84,4,1,1,1,1,1,3
6409,54.94953367875464,772,24,6,74,0.031088082901554404,84,6,1,1,1,1,2,6
6410,-33.660000000001276,1028,23,5,73,0.02237354085603113,84,2,1,1,1,1,1,3
6411,-56.860000000001435,1249,23,5,73,0.018414731785428344,84,9,1,2,1,1,2,8
6412,86.59552099533288,643,24,6,72,0.03732503888024884,84,8,1,2,1,1,2,7
6413,-454.9704316972043,3382,24,6,76,0.007096392667060911,84,10,1,1,1,2,3,5
6414,-93.17000000000002,1431,23,5,74,0.01607267645003494,84,9,1,1,1,3,3,4
6415,59.6435113484629,749,24,6,75,0.03204272363150868,84,6,1,1,1,3,1,5
6416,76.74409221901851,694,24,6,76,0.0345821325648415,84,8,1,1,1,1,2,7
6417,-9.660000000002054,1013,23,5,73,0.022704837117472853,84,9,1,1,2,1,1,5
6418,-21.440000000001586,1071,23,5,71,0.021475256769374416,84,9,1,1,1,1,3,8
6419,105.54880715705663,503,24,6,71,0.04771371769383698,84,5,1,1,1,1,1,4
6420,-24.7500000000016,1043,23,5,72,0.02205177372962608,84,6,1,1,1,3,2,2
6421,-274.9384372402266,2406,24,6,74,0.00997506234413965,84,5,1,1,1,1,3,3
6422,80.25792899408123,676,24,6,75,0.03550295857988166,84,8,1,1,3,1,1,6
6423,-38.349999999999945,1156,23,5,72,0.019896193771626297,84,9,2,1,1,2,2,6
6424,31.042233445564946,891,24,6,73,0.026936026936026935,84,6,1,1,1,1,2,3
6425,-69.23000000000167,1144,22,4,71,0.019230769230769232,84,3,1,1,1,1,1,2
6426,-3.948989898991554,990,24,6,71,0.024242424242424242,84,1,1,1,1,1,1,2
6427,-28.440000000001774,1031,23,5,71,0.02230843840931135,84,4,1,1,2,1,1,2
6428,82.46531799729283,739,24,6,73,0.03247631935047361,84,13,1,1,2,1,4,10
6429,135.9331645569615,395,24,6,68,0.060759493670886074,84,8,1,1,1,3,4,3
6430,-17.00281604185014,1147,24,6,75,0.020924149956408022,84,7,1,1,1,1,2,4
6431,-6.889990999101901,1111,24,6,74,0.021602160216021602,84,8,1,2,1,1,1,8
6432,-109.75000000000281,1528,23,5,72,0.015052356020942409,84,10,1,1,3,2,2,5
6433,40.358483412320524,844,24,6,72,0.02843601895734597,84,6,1,1,3,1,2,3
6434,77.45184397162956,705,24,6,75,0.03404255319148936,84,9,1,1,1,3,1,8
6435,-41.44000000000195,1156,23,5,71,0.019896193771626297,84,8,1,1,2,1,1,6
6436,63.43774104683021,726,24,6,66,0.03305785123966942,84,6,1,1,1,1,2,6
6437,-22.6600000000019,1033,23,5,73,0.022265246853823813,84,6,1,1,1,2,1,4
6438,-52.750000000001954,1183,23,5,72,0.01944209636517329,84,6,1,1,3,1,2,2
6439,38.62507479861708,869,24,6,75,0.02761795166858458,84,7,1,1,1,1,2,4
6440,-18.570000000001812,1013,23,5,74,0.022704837117472853,84,6,1,1,1,1,2,4
6441,-29.860000000000788,1039,23,5,73,0.02213666987487969,84,4,1,1,1,1,1,3
6442,56.06054830287022,766,24,6,73,0.031331592689295036,84,6,1,1,1,1,2,6
6443,-21.990000000001896,1031,23,5,76,0.02230843840931135,84,6,2,2,1,1,1,4
6444,83.79948963317233,627,24,6,72,0.03827751196172249,84,6,1,2,1,2,1,4
6445,-79.37000000000238,1332,23,5,74,0.017267267267267267,84,7,1,1,1,1,1,8
6446,74.80903129657102,671,24,6,70,0.03576751117734724,84,6,1,2,1,2,2,2
6447,-65.22000000000213,1229,23,5,69,0.01871440195280716,84,5,1,1,2,1,1,3
6448,61.3638848920847,695,24,6,74,0.034532374100719423,84,3,1,1,1,1,1,4
6449,-16.200000000002,1043,23,5,67,0.02205177372962608,84,9,1,2,2,1,1,5
6450,33.447785630151564,849,24,6,73,0.028268551236749116,84,4,1,1,1,1,2,4
6451,-24.17966576332608,1107,24,6,73,0.02168021680216802,84,2,1,1,1,1,1,3
6452,-55.95000000000188,1169,23,5,72,0.019674935842600515,84,4,1,1,1,1,1,5
6453,-12.390000000001264,1028,23,5,76,0.02237354085603113,84,9,1,1,1,1,2,9
6454,131.44839793281574,387,24,6,67,0.06201550387596899,84,6,1,1,1,1,1,7
6455,3.2114198782944072,986,24,6,75,0.02434077079107505,84,3,1,1,1,1,1,3
6456,-108.88000000000237,1465,23,5,75,0.015699658703071672,84,6,1,1,2,1,1,4
6457,33.55389521639901,878,24,6,72,0.02733485193621868,84,6,1,1,2,1,1,3
6458,-22.97917347865751,1101,24,6,73,0.021798365122615803,84,2,1,1,1,1,1,3
6459,-36.28000000000148,1132,23,5,75,0.020318021201413426,84,8,1,1,2,1,3,4
6460,84.31641288433457,683,24,6,69,0.03513909224011713,84,10,1,2,2,1,3,6
6461,13.712669404515557,974,24,6,65,0.024640657084188913,84,6,1,1,1,1,1,7
6462,-49.1500000000019,1165,23,5,72,0.019742489270386267,84,6,1,1,1,2,3,4
6463,115.66723865877806,507,24,6,59,0.047337278106508875,84,9,1,1,2,1,2,7
6464,-18.64000000000102,1012,23,5,71,0.022727272727272728,84,6,1,2,1,1,2,3
6465,-33.820000000000064,1132,23,5,69,0.020318021201413426,84,9,1,1,1,3,1,5
6466,63.742625994693114,754,24,6,65,0.03183023872679045,84,8,2,1,3,2,1,3
6467,79.83151515151359,660,24,6,68,0.03636363636363636,84,7,1,1,1,1,3,6
6468,-26.909999999999908,1037,23,5,68,0.022179363548698167,84,5,1,1,1,1,1,3
6469,-15.150000000002056,1040,23,5,72,0.022115384615384617,84,9,1,1,1,2,1,9
6470,44.03315270935768,812,24,6,75,0.029556650246305417,84,5,1,1,2,1,1,5
6471,-21.750000000001947,1043,23,5,72,0.02205177372962608,84,7,1,2,2,2,1,2
6472,-73.06000000000256,1390,23,5,73,0.016546762589928057,84,13,2,1,1,3,3,9
6473,184.41500000000022,160,24,6,47,0.15,84,9,2,1,3,2,1,4
6474,96.72939393939271,528,24,6,62,0.045454545454545456,84,4,1,1,1,2,1,2
6475,-42.740000000001324,1057,22,4,72,0.020813623462630087,84,6,1,1,1,1,1,4
6476,-21.660000000001908,1028,23,5,73,0.02237354085603113,84,6,2,1,2,1,1,3
6477,-20.370000000001227,1112,23,5,74,0.02068345323741007,84,12,1,1,1,2,3,10
6478,75.39290519877531,654,24,6,72,0.03669724770642202,84,5,1,1,1,1,1,4
6479,-17.893119026934972,1151,24,6,74,0.020851433536055605,84,7,1,1,3,1,3,2
6480,-28.260000000001128,1076,23,5,73,0.02137546468401487,84,7,1,1,1,1,1,4
6481,-133.370000000003,1617,23,5,74,0.01422387136672851,84,8,1,1,2,1,1,7
6482,89.39898251192236,629,24,6,72,0.03815580286168521,84,8,2,1,1,1,2,7
6483,-32.00000000000196,1107,23,5,67,0.02077687443541102,84,8,1,2,1,1,1,4
6484,72.90360983102767,651,24,6,71,0.03686635944700461,84,4,1,1,1,1,2,4
6485,66.1859854014582,685,24,6,72,0.035036496350364967,84,4,1,1,1,1,1,3
6486,25.510497237567435,905,24,6,76,0.026519337016574586,84,5,1,2,1,1,1,5
6487,-68.35000000000142,1261,23,5,72,0.01823949246629659,84,6,1,1,1,2,2,4
6488,-2.2900000000011973,1018,23,5,66,0.022593320235756387,84,12,1,1,1,2,4,9
6489,-30.786666666668676,1200,24,6,73,0.02,84,6,1,1,1,1,2,6
6490,-29.5600000000019,1063,23,5,63,0.021636876763875823,84,6,1,1,1,2,1,4
6491,122.1159827213813,463,24,6,66,0.05183585313174946,84,8,1,1,3,1,1,7
6492,98.80267822735914,519,24,6,65,0.046242774566473986,84,4,2,1,1,1,1,3
6493,-15.872280701756218,1140,24,6,72,0.021052631578947368,84,7,1,1,1,2,3,2
6494,-20.06000000000185,1005,23,5,73,0.022885572139303482,84,5,1,1,2,1,3,2
6495,-71.39000000000237,1323,23,5,76,0.017384731670445956,84,9,1,1,1,3,1,5
6496,59.57106159895074,763,24,6,72,0.03145478374836173,84,7,1,1,2,1,2,5
6497,-23.460000000001802,1022,23,5,73,0.022504892367906065,84,5,1,1,1,1,2,3
6498,55.855470514427196,797,24,6,73,0.030112923462986198,84,8,1,2,1,2,2,4
6499,-13.95000000000153,1019,23,5,72,0.022571148184494603,84,8,1,1,2,1,3,4
6500,-31.870000000001596,1019,22,4,75,0.021589793915603533,84,7,1,1,1,1,1,7
6501,145.55965034965118,286,24,6,65,0.08391608391608392,84,4,1,1,2,1,1,3
6502,-26.79000000000206,1100,23,5,76,0.02090909090909091,84,9,1,2,2,1,2,4
6503,-28.570000000001585,1033,23,5,74,0.022265246853823813,84,4,1,1,1,1,1,4
6504,165.52971223021643,278,24,6,69,0.08633093525179857,84,10,1,1,1,2,2,5
6505,0.3558772770835432,1043,24,6,70,0.023010546500479387,84,6,1,1,1,1,1,7
6506,-19.530000000001007,1031,23,5,70,0.02230843840931135,84,7,1,1,2,3,1,4
6507,-5.68697674418671,1075,24,6,74,0.022325581395348838,84,6,1,1,1,1,2,6
6508,14.03090817356035,991,24,6,73,0.024217961654894045,84,7,1,1,1,2,1,4
6509,48.832249388751094,818,24,6,75,0.029339853300733496,84,7,1,1,1,1,2,4
6510,-48.600000000001984,1175,23,5,67,0.01957446808510638,84,7,1,1,2,1,2,5
6511,-41.00000000000128,1167,23,5,67,0.01970865467009426,84,9,1,1,2,3,1,6
6512,45.398063754425294,847,24,6,68,0.02833530106257379,84,8,1,2,1,2,2,3
6513,-15.55000000000091,1027,23,5,72,0.022395326192794548,84,8,1,1,2,2,1,7
6514,30.842107623316473,892,24,6,73,0.026905829596412557,84,6,1,1,1,2,1,6
6515,39.94857763300541,921,24,6,72,0.026058631921824105,84,11,1,1,1,2,3,8
6516,63.910845070421615,710,24,6,69,0.03380281690140845,84,5,1,1,2,1,1,3
6517,-6.469999999998533,1038,23,5,64,0.022157996146435453,84,12,2,2,2,1,4,5
6518,-29.880000000001743,1040,23,5,75,0.022115384615384617,84,4,1,1,1,1,1,3
6519,42.027370892017,852,24,6,75,0.028169014084507043,84,7,1,1,2,1,1,7
6520,156.16211480362585,331,24,6,50,0.07250755287009064,84,11,1,1,3,2,3,7
6521,19.78416666666526,960,24,6,68,0.025,84,7,1,1,1,1,1,5
6522,100.16006802720955,588,24,6,67,0.04081632653061224,84,9,1,1,1,1,2,9
6523,-184.7900000000006,1860,23,5,76,0.012365591397849462,84,7,1,1,2,1,2,4
6524,-12.400000000001182,1009,23,5,67,0.022794846382556987,84,8,1,1,1,2,2,7
6525,117.07267822735942,519,24,6,68,0.046242774566473986,84,10,2,1,1,1,4,5
6526,126.32624434389045,442,24,6,66,0.05429864253393665,84,8,1,1,1,2,1,5
6527,25.37074197120524,903,24,6,70,0.026578073089700997,84,5,1,1,1,1,1,6
6528,-17.990000000001743,1041,23,5,76,0.022094140249759846,84,8,1,1,1,3,1,4
6529,-111.86000000000294,1509,23,5,73,0.015241882041086813,84,8,1,1,1,1,2,7
6530,-52.41695398101019,1369,24,6,75,0.017531044558071585,84,10,1,1,3,1,2,5
6531,1.1599999999990587,1003,23,5,71,0.022931206380857428,84,12,1,1,3,2,3,6
6532,-98.93514915694202,1542,24,6,76,0.01556420233463035,84,6,1,1,1,1,2,5
6533,-33.31000000000031,1114,23,5,68,0.02064631956912029,84,8,1,1,1,1,4,4
6534,42.62376564277398,879,24,6,75,0.027303754266211604,84,9,1,1,3,1,2,5
6535,68.89577259475051,686,24,6,71,0.03498542274052478,84,5,1,1,1,2,2,3
6536,-112.15000000000221,1435,23,5,72,0.01602787456445993,84,3,1,1,2,1,1,3
6537,118.28080321285121,498,24,6,68,0.04819277108433735,84,9,1,1,3,1,1,5
6538,109.36242914979671,494,24,6,60,0.048582995951417005,84,6,1,1,1,2,1,3
6539,149.31706940874005,389,24,6,70,0.061696658097686374,84,12,1,2,2,2,3,7
6540,-36.44000000000199,1146,23,5,71,0.02006980802792321,84,9,1,1,1,1,3,5
6541,75.13326647564298,698,24,6,67,0.034383954154727794,84,8,1,1,2,1,2,6
6542,-18.820000000001954,1012,23,5,69,0.022727272727272728,84,6,1,2,1,1,1,5
6543,73.46531799729212,739,24,6,73,0.03247631935047361,84,10,1,2,1,2,3,5
6544,-101.37000000000265,1427,23,5,74,0.0161177295024527,84,6,1,1,1,2,2,4
6545,-18.619999999999333,1011,23,5,69,0.02274975272007913,84,6,1,1,2,1,1,4
6546,-26.620000000001866,1021,23,5,69,0.022526934378060724,84,4,1,1,1,1,1,4
6547,-26.660000000000853,1068,23,5,73,0.02153558052434457,84,7,1,2,1,1,2,3
6548,-12.970000000001908,1015,23,5,74,0.022660098522167486,84,8,1,1,1,1,1,9
6549,-33.79000000000069,1010,22,4,67,0.02178217821782178,84,6,2,1,1,2,1,5
6550,26.91723329425447,853,24,6,76,0.02813599062133646,84,2,1,1,1,1,1,2
6551,-24.804602903502804,1171,24,6,75,0.02049530315969257,84,6,1,1,1,3,1,3
6552,-84.88000000000224,1360,23,5,75,0.016911764705882352,84,7,1,1,1,2,1,7
6553,89.05123287671093,584,24,6,68,0.0410958904109589,84,5,2,1,1,1,1,3
6554,80.22694490817892,599,24,6,70,0.04006677796327212,84,3,1,1,1,1,1,4
6555,-26.40000000000203,1094,23,5,67,0.02102376599634369,84,9,1,1,3,1,2,5
6556,37.99507479861708,869,24,6,68,0.02761795166858458,84,7,1,1,2,2,1,6
6557,67.59297872340248,752,24,6,70,0.031914893617021274,84,9,1,1,1,1,4,5
6558,113.42833333333228,480,24,6,74,0.05,84,6,1,1,1,1,3,3
6559,-30.28000000000179,1147,23,5,75,0.02005231037489102,84,11,1,2,1,2,2,8
6560,-63.99000000000219,1271,23,5,76,0.01809598741148702,84,8,1,1,1,3,1,5
6561,20.504166666664908,960,24,6,76,0.025,84,7,1,1,1,2,2,4
6562,-21.64000000000181,1012,23,5,71,0.022727272727272728,84,5,1,1,1,1,2,3
6563,84.90723270440184,636,24,6,71,0.03773584905660377,84,7,1,2,1,1,3,4
6564,-58.00060374740034,1441,24,6,73,0.016655100624566273,84,13,1,2,3,1,4,7
6565,-99.73593850096374,1561,24,6,76,0.015374759769378604,84,7,1,2,1,1,2,3
6566,36.023378684805266,882,24,6,75,0.027210884353741496,84,7,1,2,1,1,1,7
6567,61.55531799729187,739,24,6,74,0.03247631935047361,84,6,1,1,2,1,2,5
6568,105.30762845849692,506,24,6,75,0.04743083003952569,84,5,1,1,1,1,3,3
6569,0.36330578512255407,968,24,6,70,0.024793388429752067,84,1,1,1,1,1,1,2
6570,61.28531799729182,739,24,6,71,0.03247631935047361,84,6,1,1,1,1,1,6
6571,161.47587188612232,281,24,6,64,0.08540925266903915,84,9,1,1,1,2,3,4
6572,54.78484394506683,801,24,6,70,0.0299625468164794,84,8,2,1,1,1,2,3
6573,-131.57000000000312,1578,23,5,74,0.014575411913814956,84,6,1,1,2,1,2,5
6574,-40.02000000000086,1208,23,5,69,0.01903973509933775,84,12,2,1,1,1,2,10
6575,-20.035895710683256,1189,24,6,68,0.020185029436501262,84,9,1,1,1,2,1,9
6576,-35.77000000000139,1114,23,5,74,0.02064631956912029,84,7,1,1,2,1,1,7
6577,-26.170000000002027,1111,23,5,74,0.020702070207020702,84,10,1,1,1,1,4,5
6578,12.54834236186207,923,24,6,72,0.02600216684723727,84,2,1,1,1,1,1,2
6579,-11.71000000000171,1066,23,5,68,0.021575984990619138,84,12,1,2,1,2,3,9
6580,30.46587485515458,863,24,6,71,0.027809965237543453,84,4,2,1,1,1,1,4
6581,-54.5500000000008,1252,23,5,72,0.018370607028753993,84,10,1,2,1,2,2,6
6582,66.55267175572374,655,24,6,76,0.0366412213740458,84,2,1,1,1,1,1,3
6583,56.65717421124647,729,24,6,64,0.03292181069958848,84,4,1,1,1,1,1,5
6584,-29.71000000000165,1021,23,5,68,0.022526934378060724,84,3,1,1,1,1,1,4
6585,72.31025245441631,713,24,6,69,0.033660589060308554,84,8,1,1,2,1,2,5
6586,176.62878787878853,264,24,6,61,0.09090909090909091,84,13,2,1,2,3,2,5
6587,-40.45000000000141,1016,22,4,73,0.021653543307086614,84,4,1,1,1,1,1,3
6588,12.3215228426377,985,24,6,74,0.024365482233502538,84,6,1,1,2,1,1,4
6589,-47.080000000001874,1156,23,5,75,0.019896193771626297,84,6,1,1,1,1,2,3
6590,90.69447368420916,608,24,6,73,0.039473684210526314,84,7,1,1,1,1,2,7
6591,-16.8313475177321,1128,24,6,68,0.02127659574468085,84,6,1,1,1,2,1,4
6592,27.32471204188277,955,24,6,74,0.025130890052356022,84,9,2,1,2,1,1,5
6593,0.6699999999979802,1005,23,5,70,0.022885572139303482,84,12,1,1,2,1,3,10
6594,-95.75000000000216,1353,23,5,72,0.016999260901699925,84,3,1,1,1,1,1,3
6595,110.97231422505203,471,24,6,60,0.050955414012738856,84,5,1,1,1,1,2,2
6596,-29.99000000000187,1086,23,5,76,0.02117863720073665,84,7,1,1,2,1,2,3
6597,45.600336943439615,831,24,6,68,0.02888086642599278,84,7,1,1,2,1,1,3
6598,137.80839793281586,387,24,6,71,0.06201550387596899,84,8,1,1,2,1,3,5
6599,65.52140604467613,761,24,6,67,0.03153745072273324,84,9,1,1,3,1,2,4
6600,-54.68000000000183,1179,23,5,75,0.019508057675996608,84,5,1,1,1,1,2,5
6601,53.719032258063,775,24,6,67,0.03096774193548387,84,6,1,1,1,1,2,5
6602,28.7088139281809,919,24,6,76,0.026115342763873776,84,7,1,1,2,2,1,6
6603,-74.99887624466811,1406,24,6,73,0.017069701280227598,84,5,2,2,1,1,2,2
6604,-54.864184988630086,1319,24,6,70,0.01819560272934041,84,6,2,1,1,1,3,3
6605,-8.339173478657688,1101,24,6,69,0.021798365122615803,84,7,1,1,3,1,1,3
6606,132.0124795640325,367,24,6,62,0.0653950953678474,84,5,1,1,1,2,1,5
6607,-39.84000000000142,1118,23,5,71,0.020572450805008944,84,6,1,1,2,1,1,5
6608,-9.85000000000209,1009,23,5,62,0.022794846382556987,84,9,1,2,1,1,3,7
6609,-239.75517705064536,2231,24,6,76,0.010757507844016136,84,5,1,1,2,1,1,3
6610,-18.890000000002008,1041,23,5,66,0.022094140249759846,84,8,1,1,3,1,2,4
6611,27.217991360689325,926,24,6,75,0.02591792656587473,84,7,1,1,1,2,3,5
6612,54.40239902080615,817,24,6,68,0.02937576499388005,84,9,1,1,3,1,3,5
6613,43.60562814070171,796,24,6,68,0.03015075376884422,84,4,1,1,1,2,1,3
6614,-5.570000000002091,1008,23,5,74,0.022817460317460316,84,10,1,1,1,1,3,6
6615,-16.24000000000082,1060,23,5,71,0.02169811320754717,84,10,1,2,1,2,3,5
6616,-20.582967798086838,1149,24,6,73,0.020887728459530026,84,6,1,1,1,1,1,6
6617,93.31857142857015,560,24,6,62,0.04285714285714286,84,5,1,1,1,1,2,5
6618,91.60574692442752,569,24,6,63,0.0421792618629174,84,5,1,1,1,1,1,4
6619,-14.46933816863279,1103,24,6,72,0.021758839528558477,84,5,1,1,1,1,1,3
6620,-4.440000000001827,1001,23,5,71,0.022977022977022976,84,10,1,1,1,1,4,6
6621,92.69313213702978,613,24,6,73,0.03915171288743882,84,8,1,1,1,1,3,7
6622,-60.13000000000191,1159,23,5,70,0.01984469370146678,84,2,1,1,2,1,1,2
6623,18.53587727708454,1043,24,6,72,0.023010546500479387,84,12,1,1,1,1,4,10
6624,17.803199174404675,969,24,6,66,0.02476780185758514,84,7,1,1,1,1,1,8
6625,-81.88000000000231,1330,23,5,75,0.017293233082706767,84,6,1,1,1,2,1,5
6626,-24.53000000000206,1086,23,5,70,0.02117863720073665,84,9,1,1,3,1,1,5
6627,158.67089887640586,356,24,6,67,0.06741573033707865,84,13,2,2,1,3,3,4
6628,57.139533678755164,772,24,6,65,0.031088082901554404,84,7,2,1,3,1,1,3
6629,-83.18224932249557,1476,24,6,71,0.016260162601626018,84,7,1,1,2,1,2,4
6630,-35.350000000001955,1126,23,5,72,0.020426287744227355,84,8,1,1,1,1,1,9
6631,-85.39000000000217,1333,23,5,76,0.0172543135783946,84,5,1,2,1,2,1,2
6632,120.27097046413394,474,24,6,70,0.05063291139240506,84,8,1,1,2,2,3,4
6633,3.2606618313672175,1103,24,6,69,0.021758839528558477,84,11,1,2,3,2,2,6
6634,-61.68000000000138,1244,23,5,75,0.018488745980707395,84,7,2,1,1,1,1,6
6635,117.7786792452828,530,24,6,67,0.045283018867924525,84,11,2,1,1,2,3,6
6636,-30.71000000000198,1101,23,5,68,0.02089009990917348,84,8,1,1,1,3,1,4
6637,-10.330000000001085,1000,23,5,70,0.023,84,8,1,1,3,3,2,4
6638,86.16948963317233,627,24,6,65,0.03827751196172249,84,7,1,1,1,2,1,5
6639,32.56964912280535,912,24,6,70,0.02631578947368421,84,8,1,1,2,1,2,6
6640,-18.330000000001448,1040,23,5,70,0.022115384615384617,84,8,1,1,1,1,3,5
6641,-78.70831541218853,1395,24,6,74,0.017204301075268817,84,3,1,1,1,1,1,4
6642,111.96417475728155,515,24,6,69,0.04660194174757282,84,8,1,2,1,1,2,4
6643,103.18482517482406,572,24,6,65,0.04195804195804196,84,9,1,1,1,1,4,5
6644,7.03040160642418,996,24,6,73,0.024096385542168676,84,5,1,1,1,1,2,3
6645,-23.91000000000078,1082,23,5,68,0.021256931608133085,84,9,1,1,1,2,2,7
6646,67.07315579227544,751,24,6,62,0.03195739014647137,84,9,1,1,1,2,3,7
6647,135.97696682464388,422,24,6,62,0.05687203791469194,84,10,1,1,3,2,2,4
6648,-17.910000000001926,1007,23,5,68,0.022840119165839126,84,6,1,1,1,1,3,3
6649,-58.903722349353856,1311,24,6,74,0.018306636155606407,84,4,1,1,1,1,1,4
6650,25.251111111109495,900,24,6,62,0.02666666666666667,84,5,1,1,2,1,1,5
6651,-20.840000000001975,1068,23,5,71,0.02153558052434457,84,9,1,1,2,1,1,9
6652,165.63630036630173,273,24,6,59,0.08791208791208792,84,10,1,1,2,3,2,3
6653,-495.3713795077091,3494,24,6,76,0.006868918145392101,84,4,1,1,1,1,2,4
6654,-1.5737536092414377,1039,24,6,73,0.023099133782483156,84,5,1,1,1,2,1,3
6655,-54.37000000000213,1237,23,5,74,0.018593371059013743,84,9,1,1,1,2,1,9
6656,-28.370000000002005,1107,23,5,74,0.02077687443541102,84,9,1,1,1,2,4,5
6657,-34.81000000000168,1016,22,4,69,0.021653543307086614,84,6,1,1,1,1,1,3
6658,107.67645021644924,462,24,6,70,0.05194805194805195,84,3,1,1,1,1,1,4
6659,146.32062656641867,399,24,6,59,0.06015037593984962,84,12,2,1,2,1,2,7
6660,1.0461538461520714,1040,24,6,71,0.023076923076923078,84,6,1,1,1,2,1,5
6661,-22.390000000001614,1048,23,5,76,0.02194656488549618,84,7,1,1,1,1,2,5
6662,-34.93000000000191,1093,23,5,70,0.021043000914913082,84,6,1,1,1,1,1,7
6663,88.69583747926899,603,24,6,73,0.03980099502487562,84,6,1,1,2,1,1,3
6664,136.91881720430248,372,24,6,61,0.06451612903225806,84,7,1,1,1,1,3,4
6665,-19.840000000001876,1003,23,5,71,0.022931206380857428,84,5,1,1,1,1,2,4
6666,24.416382978721458,940,24,6,75,0.02553191489361702,84,7,1,1,1,1,1,5
6667,103.95699115044144,565,24,6,58,0.04247787610619469,84,9,1,1,2,2,2,5
6668,-209.15222169134987,2093,24,6,76,0.011466794075489728,84,6,1,1,1,1,2,3
6669,-21.37000000000192,1057,23,5,74,0.021759697256385997,84,8,1,1,3,1,1,7
6670,-79.73293091884928,1491,24,6,76,0.01609657947686117,84,9,2,1,1,3,2,6
6671,66.76970059880082,668,24,6,74,0.03592814371257485,84,3,1,1,1,1,1,4
6672,107.84656716417874,536,24,6,70,0.04477611940298507,84,8,1,1,1,1,2,6
6673,-16.730000000000828,1017,23,5,70,0.02261553588987217,84,7,1,1,1,1,2,4
6674,-43.57266047950732,1293,24,6,71,0.018561484918793503,84,8,1,1,1,1,3,6
6675,9.91881422924742,1012,24,6,74,0.023715415019762844,84,7,1,1,1,2,2,4
6676,110.66325203251927,492,24,6,70,0.04878048780487805,84,6,1,1,1,1,2,5
6677,-23.390000000000313,1038,23,5,76,0.022157996146435453,84,6,1,1,3,1,1,5
6678,72.19705882352773,680,24,6,61,0.03529411764705882,84,6,1,1,1,1,1,7
6679,-25.770000000000962,1064,23,5,74,0.021616541353383457,84,7,1,1,1,1,2,3
6680,-16.999999999999652,1002,23,5,67,0.022954091816367265,84,6,1,1,1,1,1,6
6681,79.28814814814648,675,24,6,62,0.035555555555555556,84,8,1,1,1,1,3,4
6682,89.94290519877518,654,24,6,67,0.03669724770642202,84,10,1,1,2,2,4,4
6683,-19.8000000000018,1046,23,5,67,0.02198852772466539,84,8,1,2,1,1,1,6
6684,3.3999999999977213,1005,23,5,67,0.022885572139303482,84,13,1,2,2,1,3,10
6685,84.30649452269033,639,24,6,71,0.03755868544600939,84,7,1,1,1,1,1,6
6686,53.86386880856594,747,24,6,73,0.0321285140562249,84,4,1,1,1,1,1,5
6687,69.223266475643,698,24,6,68,0.034383954154727794,84,6,1,1,2,1,2,3
6688,87.53077170417868,622,24,6,69,0.03858520900321544,84,7,1,1,1,1,2,7
6689,54.92531799729182,739,24,6,67,0.03247631935047361,84,4,1,1,1,1,1,3
6690,-26.24000000000191,1080,23,5,71,0.021296296296296296,84,8,1,1,1,3,1,7
6691,-22.38000000000198,1043,23,5,65,0.02205177372962608,84,7,1,1,2,1,3,5
6692,30.089904076737334,834,24,6,69,0.02877697841726619,84,2,1,1,1,1,1,2
6693,-12.440000000001987,1011,23,5,71,0.02274975272007913,84,8,1,1,1,2,1,6
6694,-31.22000000000167,1014,23,5,69,0.022682445759368838,84,2,1,1,1,1,2,2
6695,-43.440000000001525,1121,23,5,71,0.020517395182872437,84,5,1,1,2,1,2,2
6696,158.0815434083619,311,24,6,60,0.07717041800643087,84,10,1,1,1,1,4,8
6697,-29.054893617022927,1175,24,6,70,0.020425531914893616,84,5,1,1,1,1,1,6
6698,35.06111111110912,900,24,6,71,0.02666666666666667,84,8,2,1,1,1,1,8
6699,156.50842293906845,279,24,6,71,0.08602150537634409,84,7,1,1,1,1,2,4
6700,54.98738853502995,785,24,6,70,0.030573248407643312,84,7,1,1,3,1,2,3
6701,117.2412389380537,452,24,6,54,0.05309734513274336,84,6,1,1,1,1,2,4
6702,26.147526881718786,930,24,6,72,0.025806451612903226,84,7,1,1,1,1,1,4
6703,-52.06000000000174,1105,23,5,73,0.02081447963800905,84,1,1,1,1,1,1,2
6704,126.33929824561363,456,24,6,64,0.05263157894736842,84,9,2,1,1,1,3,5
6705,-98.88000000000252,1385,23,5,75,0.01660649819494585,84,4,1,1,1,2,1,3
6706,-99.77000000000255,1419,23,5,74,0.01620859760394644,84,6,1,1,2,1,2,3
6707,68.77386880856581,747,24,6,72,0.0321285140562249,84,9,1,1,1,1,3,8
6708,82.5379289940829,676,24,6,67,0.03550295857988166,84,9,1,1,2,2,2,7
6709,67.25064697608833,711,24,6,75,0.03375527426160337,84,6,1,1,1,1,1,6
6710,-123.64000000000304,1567,23,5,71,0.014677728142948309,84,8,1,1,1,2,1,5
6711,45.0899040767366,834,24,6,69,0.02877697841726619,84,7,1,1,2,1,3,4
6712,-4.260000000002051,1001,23,5,73,0.022977022977022976,84,10,1,1,2,1,3,5
6713,-126.46000000000308,1567,23,5,73,0.014677728142948309,84,7,1,1,1,1,1,5
6714,112.42618556700923,485,24,6,74,0.049484536082474224,84,6,1,1,2,1,1,5
6715,-23.000000000002014,1092,23,5,67,0.021062271062271064,85,10,1,2,3,1,1,8
6716,124.19703933747348,483,24,6,67,0.049689440993788817,85,10,1,1,2,2,2,8
6717,-16.350000000000684,1046,23,5,72,0.02198852772466539,85,9,1,1,1,1,2,9
6718,39.72834236186189,923,24,6,74,0.02600216684723727,85,11,1,1,3,2,3,7
6719,-23.570000000001993,1068,23,5,74,0.02153558052434457,85,8,1,1,1,3,1,5
6720,93.37624999999848,640,24,6,74,0.0375,85,10,1,1,1,1,4,6
6721,115.08661157024686,484,24,6,68,0.049586776859504134,85,7,1,1,1,3,1,6
6722,61.52054830287253,766,24,6,67,0.031331592689295036,85,8,1,1,1,1,3,4
6723,-66.90000000000143,1176,22,4,68,0.01870748299319728,85,6,1,1,1,1,2,4
6724,-125.82979530403604,1661,24,6,75,0.014449127031908489,85,5,1,1,1,1,1,6
6725,-120.59000000000246,1524,23,5,76,0.015091863517060367,85,6,1,1,1,2,1,5
6726,-192.97000000000014,1900,23,5,74,0.012105263157894737,85,7,1,1,1,1,1,6
6727,125.91920502092026,478,24,6,75,0.0502092050209205,85,10,1,1,1,1,3,6
6728,-35.19000000000129,1142,23,5,76,0.020140105078809107,85,9,1,1,1,3,2,7
6729,22.238695652172062,920,24,6,73,0.02608695652173913,85,5,1,1,2,1,2,3
6730,-42.122360248449354,1288,24,6,76,0.018633540372670808,85,8,1,1,1,1,4,6
6731,116.35052631578837,475,24,6,62,0.05052631578947368,85,7,1,1,1,1,2,5
6732,-39.00850040750003,1227,24,6,75,0.019559902200488997,85,5,1,1,1,1,2,3
6733,-42.00000000000166,1082,23,5,67,0.021256931608133085,85,3,1,1,1,1,1,3
6734,97.97050541516117,554,24,6,67,0.04332129963898917,85,6,1,1,1,1,2,4
6735,-15.040000000001747,1069,23,5,71,0.021515434985968196,85,11,1,1,1,2,4,5
6736,-85.17000000000216,1301,23,5,74,0.017678708685626442,85,3,1,1,1,1,1,4
6737,-27.6600000000018,1058,23,5,73,0.021739130434782608,85,6,1,1,2,1,1,4
6738,95.14552099533297,643,24,6,67,0.03732503888024884,85,11,2,2,2,3,2,5
6739,-12.040000000001518,1039,23,5,71,0.02213666987487969,85,10,1,1,1,2,3,5
6740,41.13890606420759,841,24,6,74,0.028537455410225922,85,6,1,1,1,1,2,4
6741,-35.1500000000015,1035,23,5,72,0.022222222222222223,85,2,1,1,1,1,1,2
6742,82.63128593040862,661,24,6,68,0.036308623298033284,85,8,1,1,1,1,3,4
6743,-24.408633034989656,1229,24,6,75,0.01952807160292921,85,10,1,1,2,2,2,7
6744,-36.55000000000139,1042,23,5,72,0.022072936660268713,85,2,1,1,1,1,2,2
6745,-21.279999999999244,1087,23,5,75,0.021159153633854646,85,10,1,1,1,1,4,5
6746,72.38005602240723,714,24,6,72,0.03361344537815126,85,8,2,1,1,1,2,5
6747,-61.35000000000206,1241,23,5,72,0.018533440773569703,85,7,1,1,1,1,1,8
6748,123.74779043280085,439,24,6,64,0.05466970387243736,85,7,1,1,2,1,2,5
6749,-82.75000000000236,1318,23,5,72,0.017450682852807285,85,5,1,1,1,1,1,5
6750,-26.890000000001336,1021,23,5,66,0.022526934378060724,85,4,1,1,1,1,1,3
6751,136.72069767441792,344,24,6,63,0.06976744186046512,85,5,1,1,1,1,2,2
6752,-25.550000000001976,1077,23,5,72,0.02135561745589601,85,8,1,1,1,1,3,6
6753,75.27925373134173,670,24,6,73,0.03582089552238806,85,6,1,2,2,1,2,4
6754,30.610497237567067,905,24,6,66,0.026519337016574586,85,7,1,1,2,1,1,5
6755,-75.96000000000194,1269,22,4,74,0.017336485421591805,85,9,1,1,2,1,3,7
6756,6.404339622639872,1060,24,6,75,0.022641509433962263,85,9,1,1,1,1,4,6
6757,-30.116527545911786,1198,24,6,76,0.02003338898163606,85,6,1,1,3,1,1,3
6758,-47.44000000000184,1126,23,5,71,0.020426287744227355,85,4,1,1,1,1,1,3
6759,-91.86000000000223,1364,23,5,73,0.01686217008797654,85,5,1,1,1,1,1,4
6760,97.58155088852865,619,24,6,74,0.03877221324717286,85,10,2,1,1,2,2,7
6761,75.77749262536776,678,24,6,63,0.035398230088495575,85,7,1,1,2,1,1,7
6762,-7.730000000002176,1032,23,5,70,0.022286821705426358,85,11,1,1,1,2,4,5
6763,138.66573363431056,443,24,6,72,0.05417607223476298,85,12,1,1,1,2,3,10
6764,132.2231578947362,380,24,6,60,0.06315789473684211,85,6,1,1,1,1,1,4
6765,-14.509502262444952,1105,24,6,76,0.02171945701357466,85,5,1,1,2,1,1,3
6766,-7.860000000001744,1019,23,5,73,0.022571148184494603,85,10,1,1,2,2,2,7
6767,79.49527950310403,644,24,6,62,0.037267080745341616,85,6,1,1,1,1,2,6
6768,-23.060000000001757,1005,23,5,73,0.022885572139303482,85,4,1,1,1,1,1,5
6769,26.443122171944125,884,24,6,73,0.027149321266968326,85,4,1,1,1,1,1,5
6770,143.9408988764041,356,24,6,70,0.06741573033707865,85,8,1,1,1,1,3,5
6771,83.98583747926887,603,24,6,54,0.03980099502487562,85,5,1,1,1,1,1,3
6772,-0.7503984063747478,1004,24,6,71,0.02390438247011952,85,3,1,1,1,1,1,3
6773,-106.73849938499684,1626,24,6,76,0.014760147601476014,85,9,1,1,2,1,1,7
6774,-88.46000000000242,1347,23,5,73,0.017074981440237565,85,5,1,1,1,2,1,4
6775,-3.4400000000016098,1011,23,5,71,0.02274975272007913,85,11,1,1,2,3,4,6
6776,-18.090000000001336,1022,23,5,66,0.022504892367906065,85,7,1,1,2,1,2,4
6777,129.84595744680774,376,24,6,58,0.06382978723404255,85,5,1,1,1,1,1,5
6778,35.16940919036991,914,24,6,70,0.0262582056892779,85,9,1,1,1,1,3,7
6779,-68.41641648271009,1359,24,6,75,0.017660044150110375,85,4,1,1,1,1,1,5
6780,35.271359223299164,824,24,6,71,0.02912621359223301,85,3,1,1,1,1,1,3
6781,-7.440000000002068,1016,23,5,71,0.022637795275590553,85,10,1,1,2,1,4,3
6782,-57.92764109985694,1382,24,6,76,0.017366136034732273,85,9,1,2,2,1,2,7
6783,-18.510000000001156,1010,23,5,68,0.02277227722772277,85,6,1,1,1,1,2,5
6784,27.017874865154432,927,24,6,75,0.025889967637540454,85,7,1,1,1,1,2,3
6785,-44.37000000000124,1017,22,4,65,0.021632251720747297,85,3,1,1,1,1,1,4
6786,-14.170000000002066,1036,23,5,74,0.0222007722007722,85,9,1,2,1,3,3,4
6787,143.47585798816505,338,24,6,58,0.07100591715976332,85,7,1,1,1,1,3,6
6788,-27.2400000000003,1130,23,5,71,0.020353982300884955,85,11,1,1,1,1,4,9
6789,124.04640661938447,423,24,6,65,0.05673758865248227,85,6,1,1,2,2,2,3
6790,-26.350000000001565,1081,23,5,72,0.02127659574468085,85,8,1,1,1,1,4,6
6791,111.43618556700925,485,24,6,63,0.049484536082474224,85,6,1,1,1,1,1,6
6792,55.19003901170176,769,24,6,70,0.031209362808842653,85,6,1,1,1,1,2,4
6793,61.908888888887134,720,24,6,69,0.03333333333333333,85,5,1,1,1,1,2,3
6794,100.09103059581335,621,24,6,73,0.03864734299516908,85,11,1,1,2,1,2,7
6795,-40.011691464371864,1277,24,6,75,0.018794048551292093,85,8,1,1,1,1,1,8
6796,-26.56401547721602,1163,24,6,71,0.02063628546861565,85,5,1,1,1,1,1,5
6797,-40.40896272285435,1234,24,6,75,0.019448946515397084,85,5,1,1,1,2,1,3
6798,109.53939393939275,528,24,6,71,0.045454545454545456,85,8,1,2,1,1,2,5
6799,-13.602663755460338,1145,24,6,75,0.02096069868995633,85,8,1,2,1,2,1,5
6800,-10.159999999998627,1011,23,5,63,0.02274975272007913,85,9,1,1,3,1,2,4
6801,49.24627906976593,860,24,6,73,0.027906976744186046,85,10,1,1,2,1,3,8
6802,-16.880000000001953,1080,23,5,75,0.021296296296296296,85,11,1,1,3,1,2,5
6803,2.3799999999979704,1041,23,5,69,0.022094140249759846,85,15,2,1,2,2,4,10
6804,78.31060240963694,664,24,6,60,0.03614457831325301,85,7,2,1,1,1,1,4
6805,-38.180000000001485,1036,22,4,76,0.021235521235521235,85,6,1,1,1,1,1,7
6806,-2.8227237354101806,1028,24,6,68,0.023346303501945526,85,4,1,1,1,2,1,4
6807,117.30315018314997,546,24,6,64,0.04395604395604396,85,12,1,1,2,2,2,10
6808,-22.309008189264645,1099,24,6,76,0.02183803457688808,85,2,1,1,1,1,1,2
6809,35.24810810810628,925,24,6,62,0.025945945945945945,85,10,1,1,2,3,1,5
6810,34.66668611435064,857,24,6,71,0.028004667444574097,85,5,1,1,1,1,1,5
6811,14.209403578526912,1006,24,6,75,0.02385685884691849,85,8,1,1,2,1,2,6
6812,-24.005397631135686,1182,24,6,75,0.02030456852791878,85,7,1,1,3,1,1,6
6813,-41.13000000000157,1079,23,5,70,0.021316033364226137,85,3,1,1,1,1,1,2
6814,-19.68000000000192,1034,23,5,75,0.022243713733075435,85,7,1,1,2,2,1,6
6815,57.88227513227346,756,24,6,71,0.031746031746031744,85,6,1,1,1,1,2,4
6816,-26.950000000000472,1084,23,5,72,0.021217712177121772,85,8,1,1,1,3,2,3
6817,78.22060240963975,664,24,6,59,0.03614457831325301,85,7,1,1,1,2,2,3
6818,-34.66000000000164,1108,23,5,73,0.02075812274368231,85,7,1,1,1,1,1,6
6819,108.36880715705654,503,24,6,69,0.04771371769383698,85,6,1,1,1,2,1,5
6820,-35.24000000000163,1110,23,5,71,0.02072072072072072,85,7,1,2,1,1,3,4
6821,21.438225108223396,924,24,6,73,0.025974025974025976,85,5,1,1,1,1,2,3
6822,-30.48000000000174,1058,23,5,75,0.021739130434782608,85,5,1,1,1,2,2,4
6823,53.56150668286552,823,24,6,72,0.02916160388821385,85,9,1,1,2,1,2,5
6824,-37.760000000001554,1018,22,4,74,0.021611001964636542,85,5,1,2,1,1,1,5
6825,22.060497237567443,905,24,6,71,0.026519337016574586,85,4,1,1,1,1,2,2
6826,-15.169999999999938,1071,23,5,74,0.021475256769374416,85,11,1,2,1,3,1,8
6827,156.00816326530585,245,24,6,56,0.09795918367346938,85,5,1,1,1,1,1,5
6828,-31.960000000001635,1019,22,4,74,0.021589793915603533,85,7,1,1,1,1,1,6
6829,105.95867924528208,530,24,6,69,0.045283018867924525,85,7,1,1,1,3,1,5
6830,-114.15000000000299,1520,23,5,72,0.015131578947368421,85,8,1,1,1,1,3,7
6831,139.36735632183894,348,24,6,68,0.06896551724137931,85,6,2,1,2,1,1,3
6832,-46.35000000000197,1211,23,5,72,0.018992568125516102,85,10,1,1,1,1,4,5
6833,10.430603621728611,994,24,6,73,0.02414486921529175,85,6,2,1,1,2,1,3
6834,13.270704934540088,993,24,6,69,0.02416918429003021,85,7,1,1,2,1,1,4
6835,-38.45000000000154,1021,22,4,73,0.021547502448579822,85,5,1,1,1,1,2,3
6836,95.84656716417793,536,24,6,70,0.04477611940298507,85,4,1,1,1,1,1,4
6837,-72.19000000000207,1237,23,5,76,0.018593371059013743,85,3,1,1,1,1,1,3
6838,-22.95000000000159,1049,23,5,72,0.0219256434699714,85,7,1,1,1,1,3,4
6839,88.5028664495106,614,24,6,62,0.03908794788273615,85,7,1,1,1,3,2,3
6840,59.4810615989498,763,24,6,71,0.03145478374836173,85,7,1,1,3,1,2,3
6841,28.134058272630604,961,24,6,63,0.02497398543184183,85,10,1,1,3,2,2,7
6842,-43.57000000000182,1228,23,5,74,0.018729641693811076,85,12,1,1,3,2,2,9
6843,143.77027027026958,370,24,6,66,0.06486486486486487,85,9,2,1,3,1,2,5
6844,-16.040000000001484,1059,23,5,71,0.021718602455146365,85,10,2,1,1,1,1,10
6845,-17.29000000000118,1033,23,5,66,0.022265246853823813,85,8,1,1,2,1,1,6
6846,-17.43999999999994,1036,23,5,71,0.0222007722007722,85,8,1,1,1,1,2,5
6847,39.56004801920601,833,24,6,72,0.028811524609843937,85,5,1,1,1,1,1,5
6848,-48.79000000000159,1195,23,5,76,0.019246861924686193,85,8,1,1,1,3,2,4
6849,47.24904761904551,840,24,6,73,0.02857142857142857,85,8,1,1,3,1,2,5
6850,-26.280000000001944,1082,23,5,75,0.021256931608133085,85,8,1,1,1,1,3,7
6851,104.62587360594682,538,24,6,72,0.04460966542750929,85,7,1,1,1,1,2,7
6852,122.42202020202018,495,24,6,74,0.048484848484848485,85,10,1,2,1,1,3,8
6853,-14.130000000001964,1004,23,5,70,0.022908366533864542,85,7,1,1,1,2,3,4
6854,-26.770000000001776,1004,22,4,65,0.021912350597609563,85,8,1,1,3,1,1,7
6855,-12.892357581071098,1141,24,6,74,0.021034180543382998,85,8,1,1,3,1,2,6
6856,-15.08999999999974,1052,23,5,66,0.021863117870722433,85,10,1,2,1,1,3,5
6857,169.41735042735067,234,24,6,47,0.10256410256410256,85,9,1,1,3,1,3,4
6858,55.69106537530078,826,24,6,69,0.029055690072639227,85,10,1,1,1,2,2,8
6859,-17.910000000002015,1022,23,5,68,0.022504892367906065,85,7,1,1,1,1,1,7
6860,73.40430014429852,693,24,6,70,0.03463203463203463,85,7,1,1,1,1,2,7
6861,-24.150000000001498,1040,23,5,72,0.022115384615384617,85,6,2,1,2,1,2,4
6862,98.0309401709388,585,24,6,70,0.041025641025641026,85,8,2,1,1,1,2,4
6863,-4.341190053286844,1126,24,6,69,0.021314387211367674,85,10,1,2,2,1,1,7
6864,112.91080321285038,498,24,6,75,0.04819277108433735,85,7,1,1,1,1,3,4
6865,48.465156445555046,799,24,6,62,0.030037546933667083,85,6,1,1,1,1,1,5
6866,-114.33706733795134,1589,24,6,76,0.015103838892385148,85,4,1,1,1,1,1,3
6867,-229.5699999999975,2053,23,5,74,0.011203117389186557,85,5,1,1,1,1,3,3
6868,-94.42351063830073,1504,24,6,75,0.015957446808510637,85,5,1,1,1,2,1,3
6869,-12.400000000000109,1054,23,5,67,0.021821631878557873,85,11,1,1,1,3,3,7
6870,29.733250283124192,883,24,6,74,0.027180067950169876,85,5,1,1,3,1,2,3
6871,87.55035775127632,587,24,6,58,0.04088586030664395,85,5,1,1,1,1,1,6
6872,-25.580000000001256,1074,23,5,65,0.021415270018621976,85,8,1,1,1,3,2,5
6873,22.130375275936384,906,24,6,74,0.026490066225165563,85,4,1,1,1,1,2,3
6874,71.68947001394545,717,24,6,71,0.03347280334728033,85,8,1,2,1,1,3,6
6875,61.69804097310948,781,24,6,69,0.030729833546734954,85,9,1,1,2,1,2,8
6876,60.26422818791769,745,24,6,73,0.032214765100671144,85,6,1,1,1,1,1,3
6877,30.19198208286479,893,24,6,68,0.026875699888017916,85,6,1,1,1,2,2,3
6878,-24.330000000001643,1070,23,5,70,0.02149532710280374,85,8,1,1,2,1,2,4
6879,-116.59000000000297,1549,23,5,76,0.014848289218850872,85,9,1,1,1,3,1,7
6880,35.909529025189634,913,24,6,76,0.02628696604600219,85,9,1,1,3,1,1,6
6881,-23.350000000001955,1051,23,5,72,0.021883920076117985,85,7,1,2,1,1,2,4
6882,77.68552099533282,643,24,6,73,0.03732503888024884,85,5,1,1,1,1,1,4
6883,-163.99000000000154,1696,23,5,76,0.013561320754716982,85,3,1,1,1,1,1,3
6884,46.13614401858096,861,24,6,74,0.027874564459930314,85,9,1,1,1,1,3,4
6885,13.215152471081307,951,24,6,75,0.025236593059936908,85,4,1,2,1,1,1,3
6886,9.42442870632466,1059,24,6,73,0.0226628895184136,85,10,1,1,2,1,3,5
6887,163.8594888178922,313,24,6,62,0.07667731629392971,85,12,1,1,3,2,3,6
6888,-55.46000000000176,1122,23,5,73,0.020499108734402853,85,1,1,1,1,1,1,2
6889,-37.72101105845279,1266,24,6,76,0.018957345971563982,85,8,1,1,1,3,2,3
6890,51.0790322580627,775,24,6,71,0.03096774193548387,85,5,1,1,1,1,2,3
6891,49.794069478908426,806,24,6,59,0.02977667493796526,85,7,1,1,2,3,1,4
6892,-29.13000000000167,1109,23,5,70,0.020739404869251576,85,9,1,1,3,1,1,8
6893,-80.85000000000156,1233,22,4,73,0.017842660178426603,85,5,1,1,1,1,1,4
6894,-26.91645781119561,1197,24,6,76,0.020050125313283207,85,7,1,1,2,2,1,3
6895,-42.10406985573508,1317,24,6,74,0.018223234624145785,85,10,1,1,3,2,1,5
6896,2.7398003991998614,1002,24,6,72,0.023952095808383235,85,4,1,1,1,2,1,2
6897,73.87144271569895,707,24,6,73,0.033946251768033946,85,8,1,1,1,2,2,5
6898,-13.163494809690533,1156,24,6,71,0.020761245674740483,85,9,1,1,1,1,2,9
6899,69.48736263736173,728,24,6,71,0.03296703296703297,85,8,1,1,1,1,3,5
6900,-32.73000000000125,1037,23,5,70,0.022179363548698167,85,3,1,1,1,1,1,4
6901,36.074285714284485,875,24,6,60,0.027428571428571427,85,7,1,1,1,3,1,4
6902,-40.73000000000192,1152,23,5,70,0.019965277777777776,85,8,1,1,2,1,1,7
6903,-41.540000000001854,1152,23,5,61,0.019965277777777776,85,8,2,1,1,1,2,4
6904,-10.59000000000194,1004,23,5,76,0.022908366533864542,85,8,1,1,1,1,3,5
6905,82.45705882352784,680,24,6,75,0.03529411764705882,85,9,1,2,1,1,2,8
6906,-122.74239631336502,1736,24,6,76,0.013824884792626729,85,11,1,1,2,2,4,6
6907,-0.9799909991015809,1111,24,6,73,0.021602160216021602,85,10,1,1,2,1,2,5
6908,-159.59000000000174,1704,23,5,76,0.013497652582159625,85,5,1,1,2,1,1,3
6909,-327.9633967789077,2732,24,6,76,0.008784773060029283,85,9,1,1,3,2,2,4
6910,-29.37000000000079,1052,23,5,74,0.021863117870722433,85,5,1,1,1,1,1,5
6911,50.09836970474785,779,24,6,69,0.03080872913992298,85,5,1,1,2,1,1,4
6912,133.05385224274332,379,24,6,67,0.0633245382585752,85,6,1,1,1,1,1,4
6913,-109.68000000000244,1424,23,5,75,0.016151685393258428,85,3,1,1,1,1,1,3
6914,80.8399999999986,625,24,6,68,0.0384,85,5,1,1,1,2,1,4
6915,-235.95417048578818,2182,24,6,76,0.010999083409715857,85,3,1,1,1,1,1,3
6916,173.63871559633105,218,24,6,58,0.11009174311926606,85,9,1,1,3,1,2,4
6917,60.12736263736083,728,24,6,67,0.03296703296703297,85,5,1,1,1,1,1,6
6918,-16.9425874125891,1144,24,6,69,0.02097902097902098,85,7,1,1,1,1,3,6
6919,103.1704008016025,499,24,6,69,0.04809619238476954,85,4,1,2,1,1,2,3
6920,-13.830000000000974,1013,23,5,60,0.022704837117472853,85,8,1,1,2,2,1,4
6921,70.01003901170169,769,24,6,68,0.031209362808842653,85,11,1,1,1,2,4,5
6922,-30.350000000001746,1056,23,5,72,0.021780303030303032,85,5,1,1,2,2,2,3
6923,-31.62000000000195,1106,23,5,69,0.020795660036166366,85,8,1,1,3,1,2,4
6924,-36.180000000001776,1067,23,5,65,0.02155576382380506,85,4,2,1,1,1,2,3
6925,-6.509909909911526,1110,24,6,76,0.021621621621621623,85,8,1,1,3,1,2,6
6926,-64.33000000000217,1240,23,5,70,0.018548387096774192,85,6,1,1,1,1,2,4
6927,31.02025358323989,907,24,6,75,0.026460859977949284,85,7,1,1,3,1,1,5
6928,-106.68000000000241,1424,23,5,75,0.016151685393258428,85,4,1,1,1,1,1,5
6929,115.18529411764628,425,24,6,71,0.05647058823529412,85,3,1,1,1,1,2,3
6930,123.36178010471122,382,24,6,66,0.06282722513089005,85,3,1,1,1,1,1,2
6931,-136.2600000000033,1631,23,5,73,0.014101778050275904,85,8,1,1,1,1,2,5
6932,-37.08000000000189,1136,23,5,75,0.020246478873239437,85,8,1,1,1,1,1,7
6933,18.78869565217234,920,24,6,68,0.02608695652173913,85,4,1,1,1,1,1,3
6934,-41.00000000000182,1107,23,5,67,0.02077687443541102,85,5,1,1,1,1,2,3
6935,55.51834319526415,845,24,6,76,0.028402366863905324,85,11,1,2,2,1,3,6
6936,79.53207455429353,617,24,6,69,0.03889789303079417,85,4,1,1,1,2,1,4
6937,-52.31000000000197,1179,23,5,68,0.019508057675996608,85,6,1,1,1,1,1,7
6938,99.57949152542317,590,24,6,65,0.04067796610169491,85,9,1,1,2,3,2,6
6939,-0.4860150375958927,1064,24,6,74,0.022556390977443608,85,7,1,1,1,1,1,5
6940,-28.40000000000139,1074,23,5,67,0.021415270018621976,85,7,1,1,1,1,1,8
6941,-36.110000000001854,1098,23,5,68,0.020947176684881604,85,6,1,1,3,1,1,5
6942,55.513304562266775,811,24,6,67,0.029593094944512947,85,9,2,1,1,2,3,6
6943,-90.39000000000236,1388,23,5,76,0.016570605187319884,85,7,2,1,1,1,1,6
6944,-91.59000000000243,1379,23,5,76,0.016678752719361856,85,6,1,1,1,1,1,4
6945,101.83211703958564,581,24,6,70,0.04130808950086059,85,9,1,1,3,2,2,4
6946,-99.22581514762815,1558,24,6,75,0.01540436456996149,85,7,1,1,3,1,1,4
6947,-78.19000000000229,1297,23,5,76,0.017733230531996914,85,5,1,1,1,1,1,3
6948,79.97105740181117,662,24,6,74,0.03625377643504532,85,7,1,1,1,1,2,5
6949,-19.7300000000019,1032,23,5,70,0.022286821705426358,85,7,1,1,1,1,1,5
6950,-36.46000000000146,1132,23,5,73,0.020318021201413426,85,8,1,1,1,3,1,7
6951,-36.76999999999953,1134,23,5,74,0.020282186948853614,85,8,1,1,3,2,1,5
6952,120.9214164904853,473,24,6,75,0.0507399577167019,85,8,1,1,2,2,2,6
6953,-13.710000000001967,1001,23,5,68,0.022977022977022976,85,7,1,1,1,2,3,3
6954,33.11947431302102,837,24,6,76,0.02867383512544803,85,3,1,1,1,1,1,3
6955,-33.19000000000076,1162,23,5,76,0.019793459552495698,85,11,2,1,2,1,3,5
6956,-194.67999999999978,1849,23,5,75,0.012439156300703082,85,3,1,1,1,1,2,3
6957,57.467174211246615,729,24,6,73,0.03292181069958848,85,4,1,1,1,1,1,3
6958,117.91491803278598,488,24,6,75,0.04918032786885246,85,8,1,1,1,1,2,8
6959,-52.39175273865634,1278,24,6,73,0.018779342723004695,85,4,1,1,1,1,1,3
6960,98.70447368420939,608,24,6,62,0.039473684210526314,85,10,1,1,2,3,2,3
6961,-8.092816041850352,1147,24,6,74,0.020924149956408022,85,10,1,1,1,1,3,8
6962,7.4463391136783255,1038,24,6,71,0.023121387283236993,85,8,1,1,1,1,2,7
6963,139.42472527472458,364,24,6,71,0.06593406593406594,85,7,1,1,1,3,1,6
6964,-40.37000000000194,1152,23,5,74,0.019965277777777776,85,8,1,1,2,1,1,7
6965,2.470000000000301,1026,23,5,70,0.022417153996101363,85,14,1,2,3,1,4,9
6966,-17.520394265234817,1116,24,6,67,0.021505376344086023,85,5,1,1,1,1,1,6
6967,-18.260000000001746,1056,23,5,73,0.021780303030303032,85,9,1,2,2,1,2,6
6968,-10.970000000001823,1020,23,5,74,0.022549019607843137,85,9,1,2,2,1,3,4
6969,-65.2146987951828,1328,24,6,75,0.018072289156626505,85,3,1,1,2,1,1,3
6970,65.86947001394532,717,24,6,73,0.03347280334728033,85,6,1,1,2,1,2,4
6971,-38.39000000000166,1053,23,5,76,0.02184235517568851,85,2,1,1,1,1,1,2
6972,66.46717421124663,729,24,6,73,0.03292181069958848,85,7,1,1,1,1,2,5
6973,71.50661202185613,732,24,6,69,0.03278688524590164,85,9,2,1,2,1,2,5
6974,116.6261855670098,485,24,6,54,0.049484536082474224,85,8,1,1,1,3,1,5
6975,-31.4600000000017,1092,23,5,73,0.021062271062271064,85,7,1,1,1,1,1,8
6976,3.0055109837614182,1047,24,6,75,0.022922636103151862,85,7,1,1,2,1,2,3
6977,-21.680000000001453,1059,23,5,75,0.021718602455146365,85,8,1,1,1,1,3,7
6978,-1.9100000000007817,1002,23,5,68,0.022954091816367265,85,11,1,2,3,1,3,6
6979,-46.700948616602446,1265,24,6,74,0.018972332015810278,85,5,1,1,1,1,1,3
6980,-18.26000000000139,1011,23,5,73,0.02274975272007913,85,6,1,1,1,1,2,5
6981,35.26507479861729,869,24,6,71,0.02761795166858458,85,6,1,1,1,1,1,7
6982,-22.350000000001952,1046,23,5,72,0.02198852772466539,85,7,1,1,1,2,2,3
6983,109.72587360594954,538,24,6,62,0.04460966542750929,85,9,1,1,1,3,2,7
6984,-41.010000000001554,1032,22,4,69,0.02131782945736434,85,5,1,1,1,1,1,4
6985,70.55184397162955,705,24,6,65,0.03404255319148936,85,7,1,1,2,2,1,4
6986,68.39619883040766,684,24,6,61,0.03508771929824561,85,5,1,1,1,1,2,3
6987,113.59960079840207,501,24,6,56,0.04790419161676647,85,8,1,2,1,1,2,4
6988,52.11771392081549,783,24,6,67,0.03065134099616858,85,6,1,1,1,1,1,7
6989,-8.660000000001983,1008,23,5,73,0.022817460317460316,85,9,1,1,1,2,2,6
6990,-56.02000000000211,1213,23,5,69,0.018961253091508656,85,7,1,1,1,1,1,4
6991,-97.35000000000211,1406,23,5,72,0.016358463726884778,85,6,1,1,1,1,2,4
6992,68.70966480446754,716,24,6,69,0.0335195530726257,85,7,1,1,1,1,2,5
6993,-46.77000000000155,1154,23,5,74,0.01993067590987868,85,6,1,1,1,2,1,4
6994,89.05197568388905,658,24,6,66,0.0364741641337386,85,10,1,1,1,2,4,5
6995,-21.480000000001958,1043,23,5,75,0.02205177372962608,85,7,1,1,1,2,2,3
6996,138.86901734103972,346,24,6,58,0.06936416184971098,85,6,2,1,1,1,2,3
6997,93.71077170417898,622,24,6,71,0.03858520900321544,85,9,1,1,1,2,2,7
6998,-34.57000000000187,1108,23,5,74,0.02075812274368231,85,7,1,2,1,1,1,5
6999,0.8433706816057498,1071,24,6,71,0.022408963585434174,85,8,1,2,1,3,1,6
7000,-50.11000000000153,1123,23,5,68,0.020480854853072127,85,3,1,1,1,1,1,3
7001,-47.216362297498755,1358,24,6,75,0.017673048600883652,55,11,1,1,2,1,3,7
7002,-6.174489016238621,1047,24,6,73,0.022922636103151862,56,4,1,1,1,1,1,4
7003,73.1900390117036,769,24,6,70,0.031209362808842653,57,12,1,1,3,3,2,8
7004,-64.30000000000211,1223,22,4,68,0.017988552739165987,58,10,1,1,2,1,4,5
7005,-41.35000000000176,1156,23,5,72,0.019896193771626297,58,8,1,1,1,3,1,4
7006,8.311419878295496,986,24,6,65,0.02434077079107505,58,5,1,1,1,1,1,5
7007,37.71441647597058,874,24,6,76,0.02745995423340961,59,7,2,1,1,1,2,4
7008,-28.00000000000123,1027,23,5,67,0.022395326192794548,59,4,1,1,1,1,1,4
7009,-20.370000000001877,1022,23,5,74,0.022504892367906065,59,6,2,1,3,1,2,2
7010,1.5199999999982126,1003,23,5,75,0.022931206380857428,59,12,1,1,2,3,3,8
7011,74.29513788098532,689,24,6,71,0.03483309143686502,59,7,1,1,1,1,2,5
7012,-27.420000000001792,1025,23,5,69,0.0224390243902439,59,4,1,1,1,1,1,5
7013,27.618225108223204,924,24,6,75,0.025974025974025976,59,7,1,1,2,1,1,7
7014,3.7388142292471205,1012,24,6,72,0.023715415019762844,59,5,1,2,1,1,1,4
7015,-41.45000000000161,1066,22,4,73,0.020637898686679174,59,7,1,1,1,1,2,5
7016,101.56667844522838,566,24,6,67,0.04240282685512368,59,8,1,1,1,1,2,5
7017,107.16083969465531,524,24,6,69,0.04580152671755725,68,7,2,1,1,2,1,6
7018,-19.819999999999503,1092,23,5,69,0.021062271062271064,68,11,1,1,1,3,3,5
7019,26.234166666664596,960,24,6,73,0.025,68,9,1,1,1,2,1,8
7020,-138.68000000000268,1629,23,5,75,0.014119091467157766,68,7,1,1,1,1,2,4
7021,-0.5974074074094169,1080,24,6,75,0.022222222222222223,68,8,1,1,1,1,3,6
7022,-4.7091734786575685,1101,24,6,76,0.021798365122615803,71,8,1,2,3,1,2,5
7023,58.03020833333149,768,24,6,66,0.03125,71,7,2,1,1,2,1,3
7024,83.26750418760327,597,24,6,66,0.04020100502512563,71,4,1,1,3,1,1,3
7025,-161.54565217391337,1840,24,6,76,0.013043478260869565,72,5,2,2,2,1,1,3
7026,98.3821170395857,581,24,6,65,0.04130808950086059,72,8,1,1,1,1,4,4
7027,-38.84000000000178,1113,23,5,71,0.020664869721473494,72,6,1,1,1,1,1,7
7028,-21.660000000001954,1058,23,5,73,0.021739130434782608,72,8,1,2,1,1,2,6
7029,0.5199999999978324,1008,23,5,75,0.022817460317460316,73,12,2,1,2,3,2,5
7030,-21.990000000001316,1031,23,5,76,0.02230843840931135,73,6,2,1,1,1,1,5
7031,123.63097046413405,474,24,6,74,0.05063291139240506,73,9,1,1,1,1,3,5
7032,-11.180000000001877,1002,23,5,65,0.022954091816367265,73,8,1,1,2,2,3,3
7033,173.64644808743157,183,24,6,46,0.13114754098360656,73,7,1,1,1,2,2,6
7034,88.86286644951122,614,24,6,66,0.03908794788273615,73,7,1,1,1,1,3,4
7035,-82.15000000000181,1375,23,5,72,0.016727272727272726,73,9,2,1,1,2,1,8
7036,-22.260000000001387,1031,23,5,73,0.02230843840931135,73,6,1,1,1,1,2,5
7037,-40.97000000000151,1125,23,5,74,0.020444444444444446,73,6,1,1,1,1,1,5
7038,-339.16374184190454,2758,24,6,76,0.00870195794053662,73,7,1,1,1,1,1,5
7039,-95.57000000000228,1428,23,5,74,0.01610644257703081,74,8,1,1,1,1,1,9
7040,74.4953488372077,688,24,6,71,0.03488372093023256,74,7,2,1,3,1,2,4
7041,125.82880715705947,503,24,6,63,0.04771371769383698,75,12,1,2,2,1,4,7
7042,-55.305261584456744,1338,24,6,74,0.017937219730941704,75,7,1,1,2,1,2,6
7043,135.42929824561395,456,24,6,65,0.05263157894736842,75,12,1,1,3,2,3,4
7044,24.6602535832396,907,24,6,71,0.026460859977949284,75,5,1,1,1,1,1,5
7045,-23.930000000001797,1008,23,5,70,0.022817460317460316,75,4,1,1,1,1,1,4
7046,0.5599999999994871,1021,23,5,71,0.022526934378060724,75,13,1,1,2,2,4,5
7047,76.42144271569846,707,24,6,68,0.033946251768033946,75,9,2,1,1,2,1,7
7048,86.75306151645037,699,24,6,65,0.034334763948497854,75,12,1,1,1,2,4,7
7049,54.967226463102385,786,24,6,72,0.030534351145038167,75,7,1,1,1,1,2,4
7050,56.87886597937954,776,24,6,71,0.030927835051546393,75,7,1,1,1,1,3,5
7051,-169.68000000000126,1769,23,5,75,0.013001695873374788,75,6,1,1,1,2,1,4
7052,-73.37000000000234,1317,23,5,74,0.017463933181473046,75,8,1,1,1,1,2,5
7053,131.60213075060454,413,24,6,60,0.05811138014527845,75,8,1,1,1,1,2,8
7054,-14.310000000001999,1019,23,5,68,0.022571148184494603,75,8,1,1,1,1,3,4
7055,108.02920318725226,502,24,6,63,0.04780876494023904,75,6,1,1,1,2,2,3
7056,-60.995980754998776,1351,24,6,73,0.01776461880088823,75,6,1,1,2,1,2,4
7057,-46.88000000000145,1125,23,5,75,0.020444444444444446,75,4,1,1,1,1,1,3
7058,-711.1784853700824,4648,24,6,76,0.0051635111876075735,75,9,1,2,2,1,2,6
7059,-21.79000000000159,1015,23,5,76,0.022660098522167486,75,5,1,1,1,1,1,3
7060,89.21174506828388,659,24,6,70,0.036418816388467376,75,10,1,1,1,1,4,7
7061,-13.130000000001623,1044,23,5,70,0.022030651340996167,75,10,2,1,2,1,2,5
7062,-30.53000000000198,1101,23,5,70,0.02089009990917348,75,8,1,1,1,1,1,7
7063,42.51560693641416,865,24,6,76,0.027745664739884393,75,8,2,1,2,1,1,5
7064,47.04890606420759,841,24,6,73,0.028537455410225922,75,8,1,1,3,1,1,5
7065,-137.57000000000292,1608,23,5,74,0.014303482587064677,75,6,1,1,2,1,1,4
7066,-9.07000000000201,1006,23,5,64,0.02286282306163022,75,9,1,1,2,1,3,4
7067,40.16738853503036,785,24,6,72,0.030573248407643312,75,2,1,1,1,1,1,3
7068,34.59286681715453,886,24,6,68,0.02708803611738149,75,7,1,2,1,2,2,5
7069,-109.66000000000254,1423,23,5,73,0.016163035839775124,75,3,1,1,1,1,1,4
7070,56.74853470436838,778,24,6,74,0.030848329048843187,75,7,1,1,1,2,2,5
7071,160.77714285714325,280,24,6,54,0.08571428571428572,75,9,1,1,2,1,3,7
7072,27.438225108224053,924,24,6,73,0.025974025974025976,75,7,1,1,2,1,2,5
7073,-29.460000000001926,1112,23,5,73,0.02068345323741007,75,9,1,2,1,1,2,8
7074,19.9361571125256,942,24,6,63,0.025477707006369428,75,6,1,1,2,1,2,4
7075,33.47672358591055,937,24,6,69,0.025613660618996798,75,10,1,2,1,1,4,5
7076,-3.9500000000000615,1014,23,5,72,0.022682445759368838,75,11,1,1,3,2,1,9
7077,91.1963893510801,601,24,6,63,0.03993344425956739,75,7,1,1,1,2,1,7
7078,-29.6700000000018,1124,23,5,64,0.020462633451957295,75,10,2,1,1,2,4,4
7079,-61.150000000001654,1225,23,5,72,0.018775510204081632,75,6,1,1,1,1,2,5
7080,-48.130000000001786,1129,23,5,70,0.02037201062887511,75,4,1,1,1,1,1,4
7081,115.1977904328027,439,24,6,69,0.05466970387243736,75,4,1,2,1,1,1,3
7082,-30.990000000001565,1076,23,5,76,0.02137546468401487,75,6,1,1,1,1,2,5
7083,-27.57000000000195,1088,23,5,74,0.021139705882352942,75,8,1,1,1,1,2,5
7084,93.58420361247808,609,24,6,74,0.03940886699507389,75,8,1,2,2,1,2,5
7085,-10.620000000001564,1001,23,5,69,0.022977022977022976,75,8,1,1,1,1,2,6
7086,-36.95000000000168,1074,23,5,72,0.021415270018621976,75,4,1,1,1,1,1,5
7087,-8.640000000001665,1007,23,5,71,0.022840119165839126,75,9,1,1,3,1,1,5
7088,114.88903591682296,529,24,6,66,0.045368620037807186,75,10,1,1,1,3,2,4
7089,-126.2700000000017,1416,22,4,75,0.015536723163841809,75,2,2,2,1,1,1,1
7090,-103.71485342019815,1535,24,6,74,0.015635179153094463,75,4,1,1,2,1,2,3
7091,-82.5900000000026,1409,23,5,76,0.016323633782824698,75,11,2,1,1,1,2,10
7092,-133.8800000000017,1560,23,5,75,0.014743589743589743,75,4,1,1,1,1,1,5
7093,41.651506682865616,823,24,6,73,0.02916160388821385,75,5,1,1,1,1,1,5
7094,-20.694163090130633,1165,24,6,74,0.020600858369098713,75,7,1,1,1,1,3,5
7095,72.42970168612304,771,24,6,66,0.0311284046692607,75,12,1,1,1,3,3,8
7096,-46.16000000000086,1075,22,4,74,0.020465116279069766,75,6,1,1,1,1,1,5
7097,106.89939393939284,528,24,6,75,0.045454545454545456,75,7,1,1,1,1,1,7
7098,134.88125628140642,398,24,6,63,0.06030150753768844,75,8,1,1,1,1,3,6
7099,-20.80000000000198,1036,23,5,67,0.0222007722007722,75,7,1,1,1,2,1,7
7100,-27.930000000001872,1058,23,5,70,0.021739130434782608,75,6,1,1,1,1,1,7
7101,34.48467889908077,872,24,6,69,0.027522935779816515,75,6,2,1,1,2,3,3
7102,96.43382352941063,544,24,6,61,0.04411764705882353,76,5,1,1,1,1,3,3
7103,-35.270000000001716,1036,22,4,75,0.021235521235521235,76,7,1,1,3,1,1,6
7104,-37.460000000001614,1062,23,5,73,0.021657250470809793,76,3,1,1,1,1,2,3
7105,28.055263157892696,950,24,6,71,0.02526315789473684,76,9,1,1,1,1,3,6
7106,-50.719419822725705,1241,24,6,76,0.019339242546333603,76,2,1,1,1,1,1,3
7107,-24.510000000000215,1070,23,5,68,0.02149532710280374,76,8,1,1,2,2,1,6
7108,-127.5900000000028,1574,23,5,76,0.014612452350698857,76,7,1,1,1,1,1,6
7109,-17.48000000000016,1023,23,5,75,0.022482893450635387,76,7,1,1,2,1,1,7
7110,93.3799999999988,625,24,6,74,0.0384,76,9,1,1,1,3,2,7
7111,-26.06999999999941,1076,23,5,64,0.02137546468401487,76,8,1,1,1,1,2,6
7112,10.830806451611451,992,24,6,73,0.024193548387096774,76,6,1,2,1,1,1,5
7113,-48.96000000000091,1074,22,4,74,0.020484171322160148,76,5,1,1,1,1,1,4
7114,46.352450331124096,755,24,6,74,0.031788079470198675,76,2,1,1,1,1,1,3
7115,61.7905483028718,766,24,6,70,0.031331592689295036,76,8,1,1,1,3,3,4
7116,-20.360000000000873,1011,22,5,74,0.021760633036597428,76,7,1,1,2,2,2,3
7117,-48.5224806201571,1290,24,6,76,0.018604651162790697,76,6,1,1,1,1,1,7
7118,73.65873015872872,630,24,6,66,0.0380952380952381,76,3,1,1,1,1,1,4
7119,112.30120724345969,497,24,6,66,0.0482897384305835,76,7,2,1,1,2,3,4
7120,94.73450184501729,542,24,6,71,0.04428044280442804,76,4,1,1,1,1,1,5
7121,138.0817391304341,368,24,6,65,0.06521739130434782,76,7,1,2,1,3,1,4
7122,-174.54871794871767,1950,24,6,76,0.012307692307692308,76,8,1,1,1,1,2,4
7123,-36.650000000001796,1072,22,4,73,0.020522388059701493,76,9,1,1,1,1,3,5
7124,111.47825311942835,561,24,6,66,0.0427807486631016,76,11,1,1,1,3,2,9
7125,81.50313935681379,653,24,6,71,0.036753445635528334,76,7,1,1,2,1,2,4
7126,77.95641288433221,683,24,6,65,0.03513909224011713,76,8,1,1,2,1,3,5
7127,-20.530000000001998,1051,23,5,70,0.021883920076117985,76,8,1,1,1,1,2,7
7128,32.503507377977925,881,24,6,67,0.02724177071509648,76,6,1,1,1,1,2,4
7129,-24.730000000001972,1072,23,5,70,0.021455223880597014,76,8,2,2,1,1,1,5
7130,-46.820000000000654,1001,21,3,71,0.02097902097902098,76,6,2,1,1,1,1,6
7131,-27.199999999998557,1098,23,5,67,0.020947176684881604,76,9,1,1,1,3,4,3
7132,122.4137136465315,447,24,6,67,0.053691275167785234,76,7,1,1,1,1,3,4
7133,-75.28000000000195,1237,23,5,75,0.018593371059013743,76,2,1,1,1,1,1,2
7134,-23.370000000001966,1052,23,5,74,0.021863117870722433,76,7,1,1,1,2,2,6
7135,31.196550116548543,858,24,6,68,0.027972027972027972,76,4,1,1,1,1,2,3
7136,-198.04196926032466,2082,24,6,75,0.011527377521613832,76,9,1,1,1,1,4,4
7137,-27.13000000000192,1054,23,5,70,0.021821631878557873,76,6,1,2,1,1,2,5
7138,82.6312859304073,661,24,6,68,0.036308623298033284,76,8,2,1,1,1,3,4
7139,67.57831258644357,723,24,6,72,0.03319502074688797,76,7,2,1,1,1,1,5
7140,-2.4894202898563726,1104,24,6,74,0.021739130434782608,76,9,1,1,1,1,3,7
7141,88.51923566878833,628,24,6,60,0.03821656050955414,76,8,2,1,3,1,1,6
7142,-19.749999999999876,1063,23,5,72,0.021636876763875823,76,9,2,1,1,2,1,8
7143,-44.55000000000176,1127,23,5,72,0.02040816326530612,76,5,1,1,1,1,2,5
7144,-26.89000000000191,1051,23,5,66,0.021883920076117985,76,6,1,1,2,1,1,3
7145,5.731575091574854,1092,24,6,72,0.02197802197802198,76,11,2,2,3,1,1,6
7146,-122.37000000000276,1502,23,5,74,0.015312916111850865,76,4,2,1,1,1,1,4
7147,16.653950103948237,962,24,6,71,0.02494802494802495,76,6,1,1,1,1,1,6
7148,70.28262599469343,754,24,6,71,0.03183023872679045,76,10,1,1,2,1,2,9
7149,-51.260000000002066,1206,23,5,73,0.019071310116086235,76,8,1,2,1,1,1,6
7150,-42.19000000000179,1132,23,5,76,0.020318021201413426,76,6,1,1,1,1,2,5
7151,110.03569471624151,511,24,6,72,0.046966731898238745,76,7,1,2,1,1,1,4
7152,-89.8600000000024,1339,23,5,73,0.01717699775952203,76,4,1,1,1,1,1,4
7153,8.249601593624055,1004,24,6,71,0.02390438247011952,76,6,1,1,2,1,1,3
7154,-35.860000000000596,1099,23,5,73,0.020928116469517744,76,6,1,2,3,1,1,4
7155,77.11513788098529,689,24,6,69,0.03483309143686502,76,8,1,1,1,1,2,7
7156,-35.15000000000187,1095,23,5,72,0.021004566210045664,76,6,1,1,1,1,2,5
7157,-34.55000000000199,1122,23,5,72,0.020499108734402853,76,8,1,2,2,1,1,4
7158,158.0946099290793,282,24,6,62,0.0851063829787234,76,8,1,1,3,2,1,4
7159,-10.970000000001699,1005,23,5,74,0.022885572139303482,76,8,1,2,1,3,1,5
7160,95.82115942028858,552,24,6,72,0.043478260869565216,76,5,1,1,1,1,1,6
7161,-70.2800000000021,1302,23,5,75,0.017665130568356373,76,8,2,1,1,2,2,4
7162,-37.08000000000181,1091,23,5,75,0.021081576535288724,76,5,1,1,1,1,1,3
7163,133.81988505747302,435,24,6,67,0.05517241379310345,76,10,1,1,1,1,3,9
7164,-46.310000000001295,1164,23,5,68,0.019759450171821305,76,7,1,1,1,3,1,3
7165,102.7482531194303,561,24,6,69,0.0427807486631016,76,8,1,1,1,1,4,5
7166,53.29150668286556,823,24,6,69,0.02916160388821385,76,9,1,1,1,2,2,6
7167,169.65847133758123,314,24,6,62,0.07643312101910828,76,14,2,2,2,3,4,5
7168,20.035708245241672,946,24,6,73,0.02536997885835095,76,6,2,1,1,1,1,4
7169,-57.35000000000168,1191,23,5,72,0.019311502938706968,76,5,1,1,1,1,1,3
7170,-5.542816041850148,1147,24,6,69,0.020924149956408022,76,11,2,1,1,1,3,9
7171,80.25792899408127,676,24,6,75,0.03550295857988166,76,8,1,1,1,1,4,4
7172,-19.510000000001945,1015,23,5,68,0.022660098522167486,76,6,1,1,1,2,1,4
7173,-29.460000000001763,1037,23,5,73,0.022179363548698167,76,4,1,1,1,1,1,5
7174,-43.36000000000098,1031,22,4,74,0.02133850630455868,76,4,1,1,1,1,3,3
7175,18.638342361861717,923,24,6,73,0.02600216684723727,76,4,1,1,2,1,2,2
7176,26.913250283124,883,24,6,76,0.027180067950169876,76,4,1,1,1,1,1,3
7177,121.78459227467782,466,24,6,69,0.05150214592274678,76,8,2,1,1,2,1,4
7178,-22.490000000001878,1014,23,5,66,0.022682445759368838,76,5,1,1,1,1,3,3
7179,-56.88000000000222,1280,23,5,75,0.01796875,76,11,1,1,1,3,3,8
7180,-98.55000000000175,1367,23,5,72,0.016825164594001463,76,3,1,1,2,1,1,3
7181,5.415820105818668,945,24,6,75,0.025396825396825397,76,1,1,1,1,1,1,2
7182,76.78923566878834,628,24,6,63,0.03821656050955414,76,4,1,1,1,1,1,3
7183,-26.930000000001897,1128,23,5,70,0.020390070921985817,76,11,1,1,1,2,3,9
7184,-98.66000000000226,1458,23,5,73,0.01577503429355281,76,9,1,1,1,1,4,4
7185,129.85449877750568,409,24,6,65,0.05867970660146699,76,7,1,1,1,1,3,5
7186,-13.314821124363114,1174,24,6,76,0.020442930153321975,76,10,2,1,1,1,2,9
7187,-111.03141769185778,1707,24,6,75,0.014059753954305799,76,13,2,1,2,2,4,8
7188,45.225473441106516,866,24,6,75,0.02771362586605081,76,9,1,1,2,2,2,5
7189,70.74104372355268,709,24,6,76,0.03385049365303244,76,7,1,1,1,1,3,6
7190,150.03673590504656,337,24,6,62,0.0712166172106825,76,9,2,1,2,1,3,4
7191,19.78256410256276,975,24,6,68,0.024615384615384615,76,8,1,2,1,2,1,4
7192,-219.04298542547878,2127,24,6,75,0.011283497884344146,76,5,1,1,1,1,2,4
7193,42.84210762331631,892,24,6,73,0.026905829596412557,76,10,1,1,3,1,1,6
7194,41.54574074073865,864,24,6,63,0.027777777777777776,76,8,2,1,3,1,1,4
7195,-53.530000000001785,1156,23,5,70,0.019896193771626297,76,4,1,1,2,1,2,3
7196,12.53451795841001,1058,24,6,72,0.022684310018903593,76,11,1,1,3,2,2,7
7197,-132.4299038461555,1664,24,6,75,0.014423076923076924,76,3,1,1,1,2,1,2
7198,-27.094310197088483,1167,24,6,74,0.02056555269922879,76,5,1,1,1,1,3,3
7199,145.3208988764038,356,24,6,52,0.06741573033707865,76,9,2,1,1,2,4,3
7200,-76.59000000000233,1304,23,5,76,0.01763803680981595,76,6,2,2,1,1,1,3
7201,-40.72000000000121,1076,22,4,70,0.020446096654275093,76,8,1,1,1,2,3,3
7202,-16.203644214163894,1158,24,6,75,0.02072538860103627,76,8,1,1,1,3,1,3
7203,-35.520000000000536,1005,22,4,70,0.021890547263681594,76,5,1,1,1,1,1,6
7204,-18.202126537787375,1138,24,6,75,0.0210896309314587,76,6,1,1,1,3,1,4
7205,-66.24000000000217,1265,23,5,71,0.01818181818181818,76,7,1,1,1,1,2,5
7206,85.6423376623362,616,24,6,68,0.03896103896103896,76,6,1,1,1,1,1,5
7207,35.17049723756709,905,24,6,50,0.026519337016574586,76,9,1,2,1,3,1,4
7208,4.697656249998088,1024,24,6,76,0.0234375,76,6,1,1,1,1,1,5
7209,55.17793103448108,725,24,6,72,0.03310344827586207,76,3,1,1,1,1,1,4
7210,52.90071895424662,765,24,6,69,0.03137254901960784,76,5,1,1,1,1,1,4
7211,60.23642225031415,791,24,6,75,0.03034134007585335,76,9,1,1,1,3,1,5
7212,90.7436111111098,576,24,6,69,0.041666666666666664,76,5,1,1,1,1,2,3
7213,-30.640000000002004,1117,23,5,71,0.020590868397493287,76,9,1,1,1,2,2,7
7214,-11.73000000000161,1022,23,5,70,0.022504892367906065,76,9,1,1,1,3,1,6
7215,109.12746887966698,482,24,6,64,0.04979253112033195,76,5,1,1,3,1,2,3
7216,-9.583344887350336,1154,24,6,73,0.02079722703639515,76,10,1,1,1,1,4,7
7217,-32.697355371902646,1210,24,6,74,0.019834710743801654,76,6,1,1,1,1,1,5
7218,-24.550000000000292,1072,23,5,72,0.021455223880597014,76,8,1,1,1,1,2,6
7219,103.88313213703158,613,24,6,64,0.03915171288743882,76,12,1,1,3,1,4,6
7220,-25.05000000000202,1070,23,5,62,0.02149532710280374,76,8,2,1,1,1,1,5
7221,-7.800000000001338,1016,23,5,67,0.022637795275590553,76,10,1,1,1,3,4,4
7222,-23.620000000001752,1006,23,5,69,0.02286282306163022,76,4,1,1,1,1,3,2
7223,-30.970000000001683,1045,23,5,74,0.02200956937799043,76,4,1,1,1,1,1,3
7224,-54.22000000000219,1249,23,5,69,0.018414731785428344,76,10,1,1,1,1,4,7
7225,94.09482517482394,572,24,6,64,0.04195804195804196,76,6,1,1,1,1,1,5
7226,120.4566115702489,484,24,6,61,0.049586776859504134,76,9,1,1,3,2,1,4
7227,-83.02016759776794,1432,24,6,75,0.01675977653631285,76,4,1,1,1,1,1,3
7228,67.92285714285671,700,24,6,58,0.03428571428571429,76,6,1,1,1,1,1,5
7229,-74.1900000000021,1232,23,5,76,0.018668831168831168,76,2,1,1,1,1,1,2
7230,-11.704397705546521,1046,24,6,76,0.022944550669216062,76,2,1,1,1,1,1,3
7231,-29.880000000001758,1115,23,5,75,0.02062780269058296,76,9,1,1,1,1,3,8
7232,-3.194580152673561,1048,24,6,75,0.022900763358778626,76,5,1,1,1,1,1,6
7233,-14.606317991633578,1195,24,6,75,0.0200836820083682,76,11,2,1,3,1,2,8
7234,-39.040000000001726,1069,23,5,71,0.021515434985968196,76,3,1,1,1,1,1,2
7235,35.654493207941265,957,24,6,71,0.025078369905956112,78,12,1,1,3,1,3,9
7236,13.632249488750787,978,24,6,73,0.024539877300613498,78,6,1,1,2,1,1,6
7237,86.11260162601486,615,24,6,71,0.03902439024390244,78,6,1,1,1,2,2,3
7238,-22.580000000001903,1029,23,5,65,0.022351797862001945,78,6,1,1,1,1,3,4
7239,-51.99000000000206,1211,23,5,76,0.018992568125516102,78,8,1,1,2,1,1,5
7240,118.04576131687136,486,24,6,72,0.04938271604938271,78,8,2,1,1,1,1,6
7241,-58.705373134330785,1340,24,6,74,0.01791044776119403,78,6,1,1,1,1,1,6
7242,-4.459999999998595,1002,23,5,73,0.022954091816367265,78,10,1,1,2,1,3,5
7243,-52.0800000000013,1196,23,5,75,0.019230769230769232,78,7,1,1,2,1,1,6
7244,40.03857763300709,921,24,6,73,0.026058631921824105,78,11,1,1,2,3,2,7
7245,10.579403578527003,1006,24,6,68,0.02385685884691849,78,7,2,1,1,1,2,3
7246,-22.400000000001924,1029,23,5,67,0.022351797862001945,78,6,1,1,1,1,2,6
7247,59.39927576601497,718,24,6,70,0.033426183844011144,78,4,1,1,1,1,1,4
7248,-25.83000000000171,1002,22,4,71,0.021956087824351298,78,8,1,1,1,3,2,4
7249,-118.19000000000281,1497,23,5,76,0.015364061456245824,78,5,1,1,2,1,1,5
7250,80.3479289940814,676,24,6,76,0.03550295857988166,78,8,1,1,2,1,2,4
7251,-288.35908346971485,2444,24,6,76,0.009819967266775777,78,3,1,1,1,1,2,3
7252,-9.150000000001855,1025,23,5,72,0.0224390243902439,78,10,1,1,2,1,3,5
7253,-135.6124956871785,1739,24,6,73,0.013801035077630822,78,7,1,1,1,1,1,7
7254,-140.7900000000031,1625,23,5,76,0.014153846153846154,78,6,1,1,1,2,1,3
7255,98.80750418760357,597,24,6,72,0.04020100502512563,78,9,2,1,2,1,2,5
7256,50.801951219510215,820,24,6,68,0.02926829268292683,78,8,1,1,1,2,1,7
7257,-61.350000000001664,1196,23,5,72,0.019230769230769232,78,4,1,1,1,1,1,4
7258,-20.35000000000178,1021,23,5,72,0.022526934378060724,78,6,1,1,1,1,2,3
7259,38.285207373269905,868,24,6,69,0.027649769585253458,78,7,1,1,3,1,2,3
7260,10.413626943003901,965,24,6,75,0.024870466321243522,78,4,1,1,1,1,1,5
7261,23.924493207939804,957,24,6,74,0.025078369905956112,78,8,1,1,1,1,1,8
7262,62.506612021856185,732,24,6,69,0.03278688524590164,78,6,1,1,1,1,2,5
7263,49.747713920815514,783,24,6,74,0.03065134099616858,78,5,1,1,1,1,1,3
7264,13.050502512561147,995,24,6,71,0.024120603015075376,78,7,1,2,1,1,1,7
7265,-20.4772185430484,1208,24,6,72,0.019867549668874173,78,10,1,1,1,3,1,7
7266,-7.820000000002034,1002,23,5,69,0.022954091816367265,78,9,1,1,1,1,3,7
7267,-34.450000000001616,1001,22,4,73,0.02197802197802198,78,5,1,1,1,1,1,4
7268,-2.2667164179122814,1072,24,6,72,0.022388059701492536,78,7,1,2,1,2,1,4
7269,114.87883295194413,437,24,6,61,0.05491990846681922,78,4,1,1,2,1,1,4
7270,22.53641443538845,859,24,6,74,0.027939464493597205,78,1,1,1,1,1,1,2
7271,-132.14246260069248,1738,24,6,76,0.01380897583429229,78,8,1,1,1,2,1,6
7272,-112.17000000000269,1451,23,5,74,0.015851137146795313,78,4,1,1,1,1,1,4
7273,-92.17000000000246,1351,23,5,74,0.017024426350851222,78,4,1,1,1,1,1,3
7274,129.77752475247706,404,24,6,53,0.0594059405940594,78,7,1,1,1,1,3,4
7275,-60.41902767920763,1409,24,6,75,0.017033356990773598,78,10,1,2,2,2,2,5
7276,25.21193679918269,981,24,6,75,0.024464831804281346,78,10,1,1,3,1,2,7
7277,117.51417475728124,515,24,6,64,0.04660194174757282,78,10,1,1,1,1,3,9
7278,-29.750000000000103,1053,23,5,72,0.02184235517568851,78,5,1,1,1,2,3,2
7279,51.364378109450776,804,24,6,72,0.029850746268656716,78,7,1,2,1,1,2,4
7280,7.055263157893043,950,24,6,71,0.02526315789473684,78,2,1,1,1,1,1,3
7281,-18.64000000000199,1027,23,5,71,0.022395326192794548,78,7,1,1,1,1,2,6
7282,-26.42000000000181,1020,23,5,69,0.022549019607843137,78,4,1,1,1,1,1,3
7283,-35.970000000001946,1130,23,5,74,0.020353982300884955,78,8,1,1,1,1,4,6
7284,92.90600624024805,641,24,6,71,0.0374414976599064,78,10,1,1,1,2,2,8
7285,-41.5500000000017,1097,23,5,72,0.020966271649954422,78,4,1,1,1,1,1,3
7286,-55.77000000000045,1244,23,5,74,0.018488745980707395,78,9,1,2,1,1,3,6
7287,68.17605442176702,735,24,6,72,0.0326530612244898,78,8,2,1,1,2,1,7
7288,-31.110000000001545,1073,23,5,68,0.021435228331780055,78,6,1,2,2,1,2,3
7289,128.40154589372003,414,24,6,60,0.057971014492753624,78,7,1,1,1,2,2,6
7290,-22.84000000000174,1063,23,5,71,0.021636876763875823,78,8,1,1,1,1,4,6
7291,47.00360939431202,809,24,6,68,0.029666254635352288,78,6,1,1,1,2,1,4
7292,-41.08000000000193,1156,23,5,75,0.019896193771626297,78,8,1,1,1,2,2,4
7293,-2.6843062200971044,1045,24,6,74,0.022966507177033493,78,5,1,1,1,1,1,4
7294,-44.299224555736714,1238,24,6,74,0.01938610662358643,78,4,1,1,1,2,1,3
7295,37.55862396203896,843,24,6,72,0.028469750889679714,78,5,1,1,1,1,1,5
7296,62.09157894736826,760,24,6,60,0.031578947368421054,78,8,1,1,1,1,3,7
7297,-65.1500000000018,1230,23,5,72,0.01869918699186992,78,5,1,1,1,1,1,4
7298,-79.06000000000182,1300,23,5,73,0.01769230769230769,78,5,1,1,1,1,1,3
7299,106.17793594305918,562,24,6,76,0.042704626334519574,78,9,1,1,2,1,2,4
7300,-48.66000000000137,1088,23,5,73,0.021139705882352942,78,1,1,1,2,1,1,1
7301,-31.55000000000183,1062,23,5,72,0.021657250470809793,78,5,1,1,1,1,1,6
7302,58.668764845605125,842,24,6,71,0.028503562945368172,78,12,1,2,2,1,4,6
7303,-28.730000000001873,1092,23,5,70,0.021062271062271064,78,8,1,1,1,2,4,3
7304,56.0605483028703,766,24,6,73,0.031331592689295036,78,6,1,1,1,1,2,6
7305,-56.01548435171632,1342,24,6,75,0.01788375558867362,78,7,1,1,1,1,1,7
7306,76.13749262536736,678,24,6,67,0.035398230088495575,78,7,1,1,1,1,3,4
7307,117.13186440677967,472,24,6,64,0.05084745762711865,78,7,1,1,1,1,2,6
7308,47.91210012209818,819,24,6,67,0.029304029304029304,78,7,1,1,2,1,2,6
7309,102.93949152542262,590,24,6,69,0.04067796610169491,78,10,1,1,2,1,4,6
7310,-34.53000000000151,1061,23,5,70,0.021677662582469368,78,4,1,1,1,2,1,2
7311,-57.280000000000825,1162,23,5,75,0.019793459552495698,78,3,1,1,1,1,1,3
7312,-111.35000000000245,1476,23,5,72,0.015582655826558265,78,6,1,1,1,1,3,3
7313,53.23562814070189,796,24,6,75,0.03015075376884422,78,7,1,1,1,1,3,5
7314,-31.820000000001883,1077,23,5,69,0.02135561745589601,78,6,1,1,1,1,2,3
7315,-149.54134897360757,1705,24,6,76,0.01407624633431085,78,0,1,1,1,1,1,1
7316,-81.35000000000238,1311,23,5,72,0.017543859649122806,78,5,1,1,1,1,1,4
7317,100.04867924528321,530,24,6,70,0.045283018867924525,78,5,1,1,1,1,1,4
7318,50.028764845604,842,24,6,75,0.028503562945368172,78,9,1,1,1,3,2,7
7319,-26.206177703271052,1193,24,6,75,0.020117351215423303,78,7,1,1,2,1,1,4
7320,-21.440000000000335,1026,23,5,71,0.022417153996101363,78,6,1,1,1,1,1,4
7321,35.61940919037028,914,24,6,75,0.0262582056892779,78,9,2,1,3,1,1,7
7322,-26.6700000000014,1064,23,5,64,0.021616541353383457,78,7,1,1,1,1,2,4
7323,41.88976047904029,835,24,6,69,0.02874251497005988,78,6,1,1,3,1,1,3
7324,-7.7100000000021085,1016,23,5,68,0.022637795275590553,78,10,2,1,1,2,2,8
7325,72.96082956259391,663,24,6,65,0.03619909502262444,78,5,1,1,2,1,2,2
7326,-5.8200000000017615,1007,23,5,69,0.022840119165839126,78,10,1,1,3,1,2,5
7327,-22.09000000000161,1042,23,5,66,0.022072936660268713,78,7,1,1,1,3,2,3
7328,155.08650406504023,246,24,6,48,0.0975609756097561,78,5,1,1,1,1,2,2
7329,65.72064697608832,711,24,6,58,0.03375527426160337,78,6,1,1,1,2,1,6
7330,-44.30000000000145,1078,22,4,68,0.02040816326530612,78,7,1,1,2,1,1,4
7331,124.41923444975986,418,24,6,58,0.05741626794258373,78,6,1,1,2,1,3,2
7332,-73.84000000000195,1258,23,5,71,0.018282988871224166,78,4,1,1,1,2,1,3
7333,-112.28000000000289,1497,23,5,75,0.015364061456245824,78,7,1,1,1,1,3,4
7334,100.20949152542238,590,24,6,72,0.04067796610169491,78,9,2,1,1,1,3,4
7335,-18.5800000000017,1009,23,5,65,0.022794846382556987,78,6,1,1,1,1,2,4
7336,-41.57000000000177,1143,23,5,74,0.020122484689413824,78,7,1,1,1,1,4,4
7337,10.606246390758493,1039,24,6,75,0.023099133782483156,78,9,1,2,1,1,2,7
7338,-24.080000000001938,1056,23,5,75,0.021780303030303032,78,7,1,1,2,1,4,2
7339,67.86568521031037,737,24,6,73,0.032564450474898234,78,8,1,1,1,1,2,7
7340,-74.4930207635662,1493,24,6,72,0.016075016744809108,78,11,2,1,3,1,2,6
7341,-66.24000000000228,1295,23,5,71,0.01776061776061776,78,9,2,1,1,1,2,5
7342,134.01595744680841,376,24,6,71,0.06382978723404255,78,6,1,2,2,1,1,3
7343,-54.60000000000142,1024,21,3,69,0.0205078125,78,5,1,1,1,1,1,3
7344,-55.37520568436989,1337,24,6,71,0.01795063575168287,78,7,2,1,1,1,1,6
7345,-15.310000000001876,1009,23,5,68,0.022794846382556987,78,7,1,1,1,1,2,4
7346,88.40977928692567,589,24,6,72,0.04074702886247878,78,5,1,1,3,1,2,2
7347,48.5823990208058,817,24,6,70,0.02937576499388005,78,7,1,1,1,1,1,8
7348,79.08015015014854,666,24,6,73,0.036036036036036036,78,7,1,1,1,1,2,4
7349,-55.24000000000144,1225,23,5,71,0.018775510204081632,78,8,1,1,3,2,1,6
7350,47.8696172248783,836,24,6,71,0.028708133971291867,78,8,1,2,1,1,1,5
7351,78.88698587127008,637,24,6,73,0.03767660910518053,78,5,1,1,1,1,2,3
7352,80.38267175572359,655,24,6,63,0.0366412213740458,78,7,1,1,1,1,2,6
7353,-66.7298737727929,1426,24,6,76,0.016830294530154277,78,9,1,1,2,1,3,4
7354,-59.35000000000196,1216,23,5,72,0.018914473684210526,78,6,1,1,1,1,1,5
7355,-34.97000000000179,1080,23,5,74,0.021296296296296296,78,5,1,2,1,1,1,3
7356,96.56361111110975,576,24,6,67,0.041666666666666664,78,7,1,1,1,1,3,4
7357,-12.97000000000194,1000,23,5,74,0.023,78,7,1,1,1,1,1,5
7358,76.66204545454376,704,24,6,64,0.03409090909090909,78,9,1,2,1,1,2,6
7359,142.13120481927643,332,24,6,63,0.07228915662650602,78,6,1,1,1,1,1,4
7360,-26.660000000001794,1023,23,5,73,0.022482893450635387,78,4,1,1,1,2,1,3
7361,-39.48000000000047,1088,23,5,75,0.021139705882352942,78,4,1,1,1,1,1,5
7362,68.08071895424648,765,24,6,71,0.03137254901960784,78,10,2,1,1,1,3,5
7363,-19.24000000000186,1000,23,5,71,0.023,78,5,2,1,1,1,1,3
7364,-14.169999999999664,1066,23,5,74,0.021575984990619138,78,11,1,2,2,2,2,5
7365,20.029403578526757,1006,24,6,73,0.02385685884691849,78,10,1,1,2,2,2,8
7366,125.61417475728344,515,24,6,54,0.04660194174757282,78,13,2,1,2,2,2,10
7367,-153.99000000000217,1706,23,5,76,0.013481828839390387,78,7,1,1,2,1,1,7
7368,131.82178010471125,382,24,6,60,0.06282722513089005,78,6,2,1,1,2,2,3
7369,-59.08000000000165,1186,23,5,75,0.0193929173693086,78,4,1,1,1,2,1,3
7370,57.502100396299355,757,24,6,69,0.031704095112285335,78,6,1,1,2,1,1,4
7371,-36.77000000000152,1104,23,5,74,0.020833333333333332,78,6,1,2,1,1,2,5
7372,17.428135426887227,1019,24,6,73,0.023552502453385672,78,10,1,2,1,2,1,7
7373,61.0253132832079,798,24,6,66,0.03007518796992481,78,10,1,1,2,3,1,6
7374,115.34172949002127,451,24,6,64,0.05321507760532151,78,5,1,1,1,1,1,5
7375,-85.6800000000023,1319,23,5,75,0.017437452615617893,78,4,1,1,1,1,1,5
7376,144.5844987775058,409,24,6,62,0.05867970660146699,78,12,1,1,3,3,1,9
7377,-6.493344887350382,1154,24,6,74,0.02079722703639515,78,11,2,1,1,2,2,9
7378,-24.27087344028699,1122,24,6,72,0.0213903743315508,78,3,1,1,1,1,1,4
7379,54.58468827930115,802,24,6,70,0.029925187032418952,78,8,1,1,3,1,1,4
7380,-1.446279287724364,1067,24,6,70,0.022492970946579195,78,7,1,1,1,1,1,5
7381,-462.5707602339005,3420,24,6,76,0.007017543859649123,78,10,1,1,2,3,1,8
7382,116.96008403361245,476,24,6,71,0.05042016806722689,78,7,1,1,1,1,2,4
7383,-29.450000000001705,1006,22,4,73,0.02186878727634195,78,7,1,1,1,1,1,6
7384,62.753689839570384,748,24,6,74,0.03208556149732621,78,7,1,1,1,1,1,6
7385,160.32682539682577,252,24,6,53,0.09523809523809523,78,7,2,1,1,1,2,6
7386,104.7263668430322,567,24,6,71,0.042328042328042326,78,9,1,1,2,1,1,7
7387,29.49626992561148,941,24,6,67,0.025504782146652496,78,9,1,1,1,2,2,8
7388,-9.41999999999955,1025,23,5,69,0.0224390243902439,78,10,2,1,2,2,1,5
7389,77.11624999999839,640,24,6,60,0.0375,78,5,1,1,2,1,1,4
7390,-22.49000000000173,1074,23,5,66,0.021415270018621976,78,9,1,1,2,2,1,7
7391,-48.5500000000018,1162,23,5,72,0.019793459552495698,78,6,1,1,1,1,2,5
7392,2.5139849624056634,1064,24,6,74,0.022556390977443608,78,8,1,1,3,1,3,3
7393,115.58321428571327,448,24,6,60,0.05357142857142857,78,5,1,1,2,2,1,2
7394,-25.020000000001872,1028,23,5,69,0.02237354085603113,78,5,1,1,2,1,1,3
7395,-18.040000000002067,1069,23,5,71,0.021515434985968196,78,10,2,1,1,2,3,6
7396,77.5764256480207,733,24,6,72,0.03274215552523874,78,11,1,1,2,2,4,6
7397,-20.610000000001733,1020,22,4,69,0.021568627450980392,78,11,1,2,1,2,2,5
7398,45.332549019605885,816,24,6,65,0.029411764705882353,78,6,1,1,2,1,1,3
7399,-5.715392620626082,1057,24,6,67,0.02270577105014191,78,5,1,1,1,1,2,5
7400,44.99499999999814,800,24,6,59,0.03,78,5,2,1,1,2,1,3
7401,30.170011001098217,909,24,6,70,0.026402640264026403,78,7,1,1,1,1,3,4
7402,61.32297872340246,752,24,6,67,0.031914893617021274,79,7,1,1,1,1,2,4
7403,-15.860000000001136,1009,22,4,64,0.02180376610505451,79,12,1,2,1,3,2,9
7404,73.81605442176698,735,24,6,68,0.0326530612244898,79,10,1,1,1,2,4,3
7405,68.976798905607,731,24,6,72,0.03283173734610123,79,8,1,1,1,3,1,4
7406,-137.86000000000297,1624,23,5,73,0.01416256157635468,79,7,1,1,1,1,1,6
7407,-15.730000000001997,1027,23,5,70,0.022395326192794548,79,8,2,1,1,1,2,4
7408,-58.590000000002135,1259,23,5,76,0.018268467037331215,79,9,1,1,1,1,3,5
7409,-77.48000000000225,1323,23,5,75,0.017384731670445956,79,7,1,1,1,1,2,7
7410,-55.46000000000199,1197,23,5,73,0.01921470342522974,79,6,1,1,1,1,3,5
7411,-24.26000000000195,1056,23,5,73,0.021780303030303032,79,7,1,1,2,1,2,4
7412,80.47999999999858,625,24,6,64,0.0384,79,5,1,1,1,1,2,4
7413,-31.060000000001914,1105,23,5,73,0.02081447963800905,79,8,1,1,1,1,1,9
7414,-18.200000000001634,1008,23,5,67,0.022817460317460316,79,6,1,1,1,1,3,4
7415,-5.152534113062011,1026,24,6,71,0.023391812865497075,79,3,1,1,1,1,2,2
7416,-49.62000000000194,1166,23,5,69,0.01972555746140652,79,6,1,1,1,1,2,4
7417,86.78271157167397,579,24,6,65,0.04145077720207254,79,4,1,1,1,1,1,4
7418,-4.393753609241125,1039,24,6,75,0.023099133782483156,79,4,1,1,1,1,1,3
7419,-157.68000000000188,1679,23,5,75,0.0136986301369863,79,4,1,1,2,1,1,4
7420,60.93192612137021,758,24,6,76,0.0316622691292876,79,7,2,2,2,1,2,2
7421,-36.19000000000176,1087,23,5,76,0.021159153633854646,79,5,1,2,1,1,1,4
7422,47.71903225806269,775,24,6,67,0.03096774193548387,79,4,1,1,1,1,1,4
7423,-80.35000000000237,1336,23,5,72,0.01721556886227545,79,7,1,1,1,1,2,7
7424,111.93949152542234,590,24,6,69,0.04067796610169491,79,13,1,2,2,3,3,8
7425,75.59210039629947,757,24,6,70,0.031704095112285335,79,12,2,1,1,2,4,6
7426,-40.607012448134796,1205,24,6,75,0.01991701244813278,79,3,1,1,1,1,1,3
7427,-49.480000000000985,1183,23,5,75,0.01944209636517329,79,7,1,1,1,1,1,7
7428,-27.35000000000156,1041,23,5,72,0.022094140249759846,79,5,1,1,2,1,1,5
7429,-84.28000000000227,1327,23,5,75,0.01733232856066315,79,5,1,1,1,1,1,4
7430,117.8786340640831,593,24,6,75,0.04047217537942664,79,15,1,1,2,3,4,10
7431,-47.22000000000191,1169,23,5,69,0.019674935842600515,79,7,1,1,2,1,2,5
7432,105.53761726078677,533,24,6,71,0.0450281425891182,79,7,1,1,2,1,1,5
7433,46.78106537530071,826,24,6,70,0.029055690072639227,79,7,1,1,1,1,2,4
7434,-18.660000000001933,1043,23,5,73,0.02205177372962608,79,8,1,1,1,1,3,7
7435,-65.06000000000111,1014,20,2,66,0.01972386587771203,79,6,1,1,1,2,1,4
7436,24.895374077974836,949,24,6,67,0.02528977871443625,79,8,1,1,1,2,2,3
7437,-91.19000000000247,1362,23,5,76,0.016886930983847283,79,5,1,1,1,1,1,4
7438,94.80416206261395,543,24,6,74,0.04419889502762431,79,4,1,1,1,1,1,4
7439,9.430100100098231,999,24,6,73,0.024024024024024024,79,6,1,1,2,1,1,4
7440,108.19667844522961,566,24,6,74,0.04240282685512368,79,10,1,2,2,1,3,6
7441,-30.09000000000185,1052,23,5,66,0.021863117870722433,79,5,1,1,1,1,2,3
7442,-99.84000000000125,1388,23,5,71,0.016570605187319884,79,4,1,1,1,2,1,3
7443,89.60673981191069,638,24,6,61,0.03761755485893417,79,9,1,2,1,1,2,5
7444,77.00814814814653,675,24,6,70,0.035555555555555556,79,7,1,1,2,2,2,4
7445,-7.1200000000021735,1009,23,5,59,0.022794846382556987,79,10,1,1,3,2,3,3
7446,-14.310000000000521,1019,23,5,68,0.022571148184494603,79,8,1,1,1,1,2,7
7447,65.95386880856586,747,24,6,74,0.0321285140562249,79,8,1,1,1,1,4,4
7448,-45.60000000000113,1130,23,5,67,0.020353982300884955,79,5,1,1,1,1,2,4
7449,-22.470000000001892,1058,23,5,64,0.021739130434782608,79,8,1,1,1,3,1,6
7450,54.38004801920566,833,24,6,70,0.028811524609843937,79,10,1,1,2,2,1,6
7451,-34.08000000000192,1136,23,5,75,0.020246478873239437,79,9,1,1,3,1,3,4
7452,75.49641288433216,683,24,6,71,0.03513909224011713,79,7,1,1,1,1,4,3
7453,-35.18000000000163,1122,23,5,65,0.020499108734402853,79,8,1,1,1,1,3,7
7454,-65.26000000000178,1201,23,5,73,0.019150707743547043,79,3,1,1,1,1,1,2
7455,-70.17000000000235,1316,23,5,74,0.017477203647416412,79,9,1,1,2,1,1,5
7456,-54.360000000001754,1131,22,4,74,0.019451812555260833,79,7,1,1,1,1,2,3
7457,80.55503875968841,645,24,6,76,0.037209302325581395,79,6,1,1,1,1,2,4
7458,-39.70509363296057,1335,24,6,74,0.017977528089887642,86,12,1,2,3,2,2,5
7459,-63.330000000002194,1250,23,5,70,0.0184,86,7,1,2,1,1,1,5
7460,130.46026431718082,454,24,6,72,0.05286343612334802,86,10,1,2,1,3,1,6
7461,84.70583747926892,603,24,6,62,0.03980099502487562,86,5,1,1,1,1,1,5
7462,50.37210012209896,819,24,6,61,0.029304029304029304,86,8,1,1,3,2,1,4
7463,-17.040000000001676,1019,23,5,71,0.022571148184494603,86,7,1,1,1,1,1,6
7464,-11.320000000002032,1000,23,5,59,0.023,86,8,1,1,1,1,4,6
7465,-17.109999999999687,1003,23,5,68,0.022931206380857428,86,6,1,2,1,2,1,5
7466,-13.370000000002008,1017,23,5,74,0.02261553588987217,86,8,2,1,1,3,1,6
7467,127.68883295194416,437,24,6,70,0.05491990846681922,86,8,1,1,1,2,2,4
7468,76.75513788098611,689,24,6,65,0.03483309143686502,86,8,1,1,2,1,2,4
7469,-123.51990384615645,1664,24,6,74,0.014423076923076924,86,6,2,1,1,1,1,4
7470,-47.72313604919523,1301,24,6,76,0.018447348193697154,86,7,1,1,1,2,1,5
7471,101.23835016835017,594,24,6,59,0.04040404040404041,86,10,1,1,1,1,4,7
7472,-37.37000000000116,1062,23,5,74,0.021657250470809793,86,3,1,1,1,1,1,2
7473,-20.71000000000196,1051,23,5,68,0.021883920076117985,86,8,1,1,1,1,4,3
7474,157.89303030303066,330,24,6,67,0.07272727272727272,86,11,1,1,1,2,3,7
7475,8.356805421101686,1033,24,6,70,0.023233301064859633,86,8,1,1,1,1,1,9
7476,-87.06000000000249,1370,23,5,73,0.016788321167883213,86,7,1,1,1,3,1,6
7477,106.20985611510662,556,24,6,63,0.04316546762589928,86,9,1,1,2,1,2,4
7478,-25.530000000001532,1016,23,5,70,0.022637795275590553,86,4,1,1,1,1,1,5
7479,54.66192612137022,758,24,6,73,0.0316622691292876,86,5,2,1,1,1,2,4
7480,-38.57000000000188,1128,23,5,74,0.020390070921985817,86,7,2,1,1,1,1,4
7481,65.02853470436827,778,24,6,66,0.030848329048843187,86,10,1,1,3,1,1,8
7482,148.43842293906937,279,24,6,48,0.08602150537634409,86,5,2,1,1,1,1,4
7483,-40.09000000000078,1132,23,5,66,0.020318021201413426,86,7,1,1,1,1,1,8
7484,90.64501650164894,606,24,6,68,0.039603960396039604,86,7,1,2,2,1,1,4
7485,-13.640000000001939,1032,23,5,71,0.022286821705426358,86,9,1,1,1,1,2,7
7486,-19.86000000000126,1004,23,5,73,0.022908366533864542,86,5,1,1,1,1,1,5
7487,37.429289617484756,915,24,6,64,0.02622950819672131,86,10,2,2,2,1,3,4
7488,-44.59000000000104,1004,22,4,67,0.021912350597609563,86,2,1,1,1,1,1,3
7489,-106.97000000000251,1485,23,5,74,0.015488215488215488,86,8,1,2,1,1,1,7
7490,94.65151515151703,660,24,6,66,0.03636363636363636,86,12,1,1,3,3,2,7
7491,53.026103404790575,793,24,6,66,0.03026481715006305,86,7,1,1,1,2,1,5
7492,-32.46000000000191,1097,23,5,73,0.020966271649954422,86,7,1,1,2,1,1,7
7493,50.259760479039834,835,24,6,62,0.02874251497005988,86,9,1,1,3,1,2,5
7494,15.50152284263769,985,24,6,76,0.024365482233502538,86,7,1,1,1,1,1,7
7495,-58.08000000000196,1196,23,5,75,0.019230769230769232,86,5,1,1,1,1,1,5
7496,-46.92107340173857,1267,24,6,76,0.018942383583267563,86,5,1,1,1,1,1,5
7497,61.8133333333316,750,24,6,68,0.032,86,7,1,2,1,1,1,3
7498,-124.83068801898219,1686,24,6,75,0.014234875444839857,86,7,1,1,1,1,1,6
7499,-18.808765231520784,1231,24,6,75,0.01949634443541836,86,12,2,1,2,1,3,8
7500,69.19388489208461,695,24,6,61,0.034532374100719423,86,6,1,2,1,1,1,5
7501,66.69044943820214,712,24,6,71,0.033707865168539325,86,6,1,1,1,2,1,4
7502,-33.46000000000155,1087,23,5,73,0.021159153633854646,86,6,1,1,2,1,1,5
7503,-77.77000000000233,1339,23,5,74,0.01717699775952203,86,8,1,1,2,2,2,4
7504,99.3286792452818,530,24,6,62,0.045283018867924525,86,5,1,1,1,1,1,3
7505,-28.570000000001865,1063,23,5,74,0.021636876763875823,86,6,1,1,1,1,3,3
7506,124.1645525291844,514,24,6,69,0.04669260700389105,86,12,1,1,2,1,4,6
7507,-24.480000000001823,1028,23,5,75,0.02237354085603113,86,5,1,1,1,1,1,6
7508,6.051522842637819,985,24,6,71,0.024365482233502538,86,4,1,1,1,1,3,3
7509,48.55587485515487,863,24,6,72,0.027809965237543453,86,10,1,1,3,3,1,4
7510,-11.51000000000208,1035,23,5,68,0.022222222222222223,86,10,1,1,2,2,1,6
7511,14.471317122591792,987,24,6,69,0.0243161094224924,86,7,1,1,1,1,2,4
7512,134.7127184466017,412,24,6,59,0.05825242718446602,86,9,2,1,1,1,2,8
7513,42.05180267965708,821,24,6,73,0.029232643118148598,86,5,1,1,2,1,1,3
7514,-199.33032290114076,2013,24,6,74,0.011922503725782414,86,4,1,1,1,1,2,4
7515,27.40857763300594,921,24,6,66,0.026058631921824105,86,7,1,1,2,2,1,3
7516,-28.420000000001863,1060,23,5,69,0.02169811320754717,86,6,1,1,1,2,1,3
7517,-37.46000000000149,1152,23,5,73,0.019965277777777776,86,9,1,1,2,1,2,6
7518,-16.35000000000182,1016,23,5,72,0.022637795275590553,86,7,1,1,2,1,1,4
7519,80.47666666666531,600,24,6,75,0.04,86,3,1,1,2,1,1,2
7520,-20.860000000002064,1069,23,5,73,0.021515434985968196,86,9,1,1,2,1,1,7
7521,7.612145045963476,979,24,6,75,0.024514811031664963,86,4,1,1,1,1,1,3
7522,7.046153846152295,1040,24,6,71,0.023076923076923078,86,8,1,1,2,1,1,6
7523,71.12787723785003,782,24,6,76,0.030690537084398978,86,12,1,1,3,1,2,8
7524,-1546.38860918122,8779,24,6,76,0.002733796559972662,86,6,1,1,1,1,2,5
7525,-21.94103202847156,1124,24,6,69,0.021352313167259787,86,4,1,1,1,1,1,3
7526,19.47235414534158,977,24,6,69,0.02456499488229273,86,8,1,2,1,2,3,4
7527,101.63248175182362,548,24,6,61,0.043795620437956206,86,7,1,1,1,1,1,6
7528,122.51050541516379,554,24,6,73,0.04332129963898917,86,14,1,1,2,3,3,10
7529,103.73450184501718,542,24,6,71,0.04428044280442804,86,7,1,1,1,2,2,4
7530,92.14835016835083,594,24,6,58,0.04040404040404041,86,7,1,1,1,1,1,6
7531,-67.98000000000064,1316,23,5,65,0.017477203647416412,86,10,1,1,1,2,3,8
7532,84.25301038062172,578,24,6,68,0.04152249134948097,86,3,1,1,1,1,1,3
7533,-27.350000000001664,1056,23,5,72,0.021780303030303032,86,6,1,1,1,1,1,5
7534,-59.09000000000099,1212,23,5,66,0.018976897689768978,86,6,1,1,1,1,2,3
7535,-23.840000000001783,1008,23,5,71,0.022817460317460316,86,4,2,1,1,1,1,3
7536,108.682711571674,579,24,6,75,0.04145077720207254,86,11,1,1,2,2,3,5
7537,4.195057034218692,1052,24,6,66,0.022813688212927757,86,8,1,1,3,1,1,6
7538,-47.670000000001544,1098,22,4,75,0.020036429872495445,86,7,1,1,1,1,2,7
7539,37.41695187165625,935,24,6,75,0.025668449197860963,86,11,1,1,1,3,3,8
7540,-15.99000000000192,1016,23,5,76,0.022637795275590553,86,7,1,1,1,1,1,8
7541,-34.84082343626423,1263,24,6,68,0.019002375296912115,86,9,2,1,1,1,3,5
7542,-58.55000000000158,1182,23,5,72,0.0194585448392555,86,4,1,1,2,1,1,4
7543,-51.990000000002,1196,23,5,76,0.019230769230769232,86,7,1,1,1,1,1,5
7544,34.44641443538889,859,24,6,73,0.027939464493597205,86,5,1,1,1,1,1,4
7545,7.013412616337423,967,24,6,75,0.02481902792140641,86,3,1,1,1,1,1,4
7546,55.39150668286807,823,24,6,59,0.02916160388821385,86,10,1,1,1,2,2,5
7547,84.87889087656409,559,24,6,66,0.04293381037567084,86,2,1,1,1,1,1,3
7548,-15.200000000001623,1053,23,5,67,0.02184235517568851,86,10,2,1,3,1,1,8
7549,14.432669404515542,974,24,6,73,0.024640657084188913,86,6,1,1,1,1,1,6
7550,142.63932960893777,358,24,6,60,0.0670391061452514,86,8,2,1,1,2,3,4
7551,65.28908205841275,719,24,6,71,0.03337969401947149,86,6,1,1,1,1,2,3
7552,75.58641288433222,683,24,6,72,0.03513909224011713,86,7,1,1,1,1,1,4
7553,92.70605633802691,568,24,6,73,0.04225352112676056,86,5,1,1,1,2,1,3
7554,130.90222222222206,450,24,6,68,0.05333333333333334,86,10,1,1,2,2,3,6
7555,75.3064945226902,639,24,6,71,0.03755868544600939,86,4,1,1,1,1,1,3
7556,32.53918951132154,839,24,6,74,0.028605482717520857,86,3,1,1,1,2,1,2
7557,6.558814229247103,1012,24,6,70,0.023715415019762844,86,6,1,1,1,2,1,6
7558,-29.260000000000765,1001,22,4,64,0.02197802197802198,86,7,1,1,3,1,1,4
7559,-44.01199687987685,1282,24,6,75,0.0187207488299532,86,7,1,1,1,1,2,6
7560,76.22547051442899,797,24,6,66,0.030112923462986198,86,15,1,1,3,3,4,7
7561,17.81775862068782,928,24,6,75,0.02586206896551724,86,4,1,1,1,1,2,2
7562,-19.13000000000187,1014,23,5,70,0.022682445759368838,86,6,1,1,1,1,3,4
7563,-41.280000000001934,1157,23,5,75,0.019878997407087293,86,8,1,1,1,1,2,5
7564,-39.57000000000197,1178,23,5,74,0.019524617996604415,86,10,1,1,1,3,2,6
7565,-93.15000000000268,1415,23,5,72,0.01625441696113074,86,8,1,1,1,2,1,8
7566,-79.3127956989275,1488,24,6,74,0.016129032258064516,86,9,1,1,1,2,2,8
7567,39.91062726175997,829,24,6,67,0.028950542822677925,86,5,1,1,1,1,1,4
7568,-34.46000000000186,1107,23,5,73,0.02077687443541102,86,7,1,1,1,1,2,3
7569,71.4659854014583,685,24,6,64,0.035036496350364967,86,6,1,1,1,3,1,5
7570,36.15363636363439,880,24,6,72,0.02727272727272727,86,7,1,1,2,1,1,6
7571,-26.350000000001717,1021,23,5,72,0.022526934378060724,86,4,1,1,1,1,1,3
7572,-19.970000000000457,1035,23,5,74,0.022222222222222223,86,7,1,1,1,1,3,3
7573,90.23730496453774,564,24,6,70,0.0425531914893617,86,4,2,1,1,1,1,3
7574,0.4218273645527866,1089,24,6,73,0.02203856749311295,86,9,1,1,2,3,3,3
7575,58.078696255199674,721,24,6,62,0.033287101248266296,86,4,1,1,1,1,2,4
7576,-20.799999999999507,1021,23,5,67,0.022526934378060724,86,6,1,1,1,1,1,6
7577,56.29853470436838,778,24,6,69,0.030848329048843187,86,7,2,1,1,2,1,6
7578,-60.325037481261546,1334,24,6,76,0.017991004497751123,86,5,1,1,1,1,1,3
7579,48.508203309690536,846,24,6,67,0.028368794326241134,86,9,1,1,2,3,1,4
7580,16.04900990098919,1010,24,6,71,0.023762376237623763,86,9,1,1,1,2,4,4
7581,41.04890606420736,841,24,6,73,0.028537455410225922,86,6,1,1,1,2,1,4
7582,-22.670000000002034,1059,23,5,64,0.021718602455146365,86,8,1,1,2,1,2,6
7583,-375.76634129921393,2971,24,6,76,0.008078088185796028,86,9,2,1,2,1,2,6
7584,105.26761726078713,533,24,6,68,0.0450281425891182,86,7,1,1,1,3,1,3
7585,-170.3464954521125,1869,24,6,76,0.012841091492776886,86,4,1,1,1,1,2,4
7586,-13.940233393179556,1114,24,6,69,0.02154398563734291,86,6,1,1,2,2,1,3
7587,-47.332779922782166,1295,24,6,67,0.018532818532818532,86,7,1,1,1,1,3,4
7588,98.08083182640016,553,24,6,66,0.0433996383363472,86,6,1,1,1,2,2,3
7589,55.85106159894982,763,24,6,64,0.03145478374836173,86,6,1,1,1,1,2,3
7590,-143.48000000000286,1623,23,5,75,0.014171287738755391,86,5,1,1,1,1,2,4
7591,-37.680000000001826,1109,23,5,75,0.020739404869251576,86,6,1,1,1,2,3,4
7592,34.93086474500928,902,24,6,74,0.026607538802660754,86,8,1,1,1,3,1,6
7593,95.91305019304913,518,24,6,64,0.04633204633204633,86,3,1,1,2,1,2,2
7594,101.98841269841154,504,24,6,67,0.047619047619047616,86,4,1,1,1,1,2,3
7595,-22.000000000001634,1087,23,5,67,0.021159153633854646,86,10,2,2,1,1,1,8
7596,114.84832391713634,531,24,6,70,0.04519774011299435,86,10,1,1,1,3,2,8
7597,-12.800000000002038,1026,23,5,67,0.022417153996101363,86,9,1,1,1,3,2,3
7598,-41.9500000000009,1069,23,5,72,0.021515434985968196,86,2,1,1,1,1,1,3
7599,-82.5700000000023,1318,23,5,74,0.017450682852807285,86,5,1,1,1,1,2,4
7600,-18.060000000001974,1025,23,5,73,0.0224390243902439,86,7,1,1,1,1,2,4
7601,59.238040973109584,781,24,6,75,0.030729833546734954,86,8,1,1,1,3,2,5
7602,-24.22000000000189,1054,23,5,69,0.021821631878557873,86,7,1,1,1,2,1,6
7603,-31.950000000001022,1029,22,4,63,0.021379980563654033,86,8,1,1,2,3,1,3
7604,84.82103059581179,621,24,6,70,0.03864734299516908,86,6,1,1,1,1,1,7
7605,-201.18999999999954,1912,23,5,76,0.01202928870292887,86,5,1,1,1,1,1,5
7606,91.5856947162415,511,24,6,67,0.046966731898238745,86,1,1,1,1,1,1,2
7607,-74.68000000000215,1264,23,5,75,0.01819620253164557,86,4,1,1,1,1,2,4
7608,76.21772870662312,634,24,6,70,0.03785488958990536,86,4,1,1,1,2,1,3
7609,-23.040000000001566,1094,23,5,71,0.02102376599634369,86,10,1,1,2,1,4,7
7610,-46.050000000001546,1029,22,4,73,0.021379980563654033,86,3,2,1,1,1,1,2
7611,-46.48000000000186,1138,23,5,75,0.020210896309314587,86,5,1,1,2,1,1,3
7612,117.45305019304996,518,24,6,70,0.04633204633204633,86,10,1,1,3,1,2,6
7613,76.80576323987391,642,24,6,61,0.037383177570093455,86,5,1,1,1,1,1,3
7614,-73.17000000000225,1301,23,5,74,0.017678708685626442,86,7,1,1,1,1,2,7
7615,-38.3300000000019,1140,23,5,70,0.02017543859649123,86,8,1,1,1,1,1,9
7616,64.54084507042087,710,24,6,76,0.03380281690140845,86,5,1,2,2,1,1,3
7617,103.59421602787327,574,24,6,74,0.041811846689895474,86,9,1,1,1,2,3,6
7618,79.59432098765276,648,24,6,72,0.037037037037037035,86,6,1,1,1,1,1,4
7619,-12.57000000000194,1013,23,5,74,0.022704837117472853,86,8,1,1,2,1,3,4
7620,-36.07000000000173,1066,23,5,64,0.021575984990619138,86,4,1,1,1,1,2,3
7621,-107.68000000000278,1474,23,5,75,0.015603799185888738,86,7,1,1,2,1,1,5
7622,-91.71150684931777,1460,24,6,74,0.01643835616438356,86,3,1,1,1,1,1,3
7623,-47.900382165607276,1256,24,6,74,0.01910828025477707,86,4,2,1,1,1,1,3
7624,78.45015015014972,666,24,6,66,0.036036036036036036,86,7,1,1,1,1,1,8
7625,-16.440000000001607,1001,23,5,71,0.022977022977022976,86,6,1,1,2,1,1,3
7626,-43.25000000000135,1015,22,4,73,0.02167487684729064,86,3,1,1,1,1,1,2
7627,52.650772946857835,828,24,6,73,0.028985507246376812,86,9,1,1,2,2,1,4
7628,-144.9500000000022,1644,23,5,72,0.013990267639902677,86,6,1,1,3,1,1,5
7629,-13.930000000002067,1018,23,5,70,0.022593320235756387,86,8,1,1,2,1,2,4
7630,102.77867924528186,530,24,6,67,0.045283018867924525,86,6,1,1,1,1,1,4
7631,17.922880658434842,972,24,6,74,0.024691358024691357,86,7,1,1,1,1,2,5
7632,151.6439513677808,329,24,6,62,0.0729483282674772,86,9,1,1,1,1,3,7
7633,54.60970168612007,771,24,6,68,0.0311284046692607,86,6,1,1,1,1,1,6
7634,152.13593984962446,266,24,6,60,0.09022556390977443,86,5,1,1,1,1,2,3
7635,130.03315789473626,380,24,6,69,0.06315789473684211,86,5,1,1,1,1,2,4
7636,-48.02000000000196,1188,23,5,69,0.01936026936026936,86,8,1,1,1,1,1,7
7637,-34.33000000000187,1105,23,5,70,0.02081447963800905,86,7,1,1,1,2,1,6
7638,109.51574692442748,569,24,6,62,0.0421792618629174,86,11,1,1,2,2,3,8
7639,67.27388489208465,695,24,6,73,0.034532374100719423,86,5,1,1,1,1,1,6
7640,-80.59952783650694,1419,24,6,73,0.016913319238900635,86,4,1,1,1,2,1,4
7641,-68.272249322496,1476,24,6,70,0.016260162601626018,86,12,2,1,2,3,3,5
7642,-132.19000000000273,1567,23,5,76,0.014677728142948309,86,5,1,1,1,1,2,5
7643,137.99881720430088,372,24,6,73,0.06451612903225806,86,7,1,1,3,1,1,5
7644,-39.589614147912094,1244,24,6,73,0.01929260450160772,86,6,2,1,1,1,1,6
7645,-28.720000000001935,1057,23,5,59,0.021759697256385997,86,6,1,1,1,1,1,5
7646,-45.150000000001704,1145,23,5,72,0.020087336244541485,86,6,1,1,1,1,4,3
7647,-154.86000000000234,1739,23,5,73,0.013225991949396205,86,9,1,1,2,3,1,4
7648,-34.35000000000183,1076,23,5,72,0.02137546468401487,86,5,1,1,1,1,1,4
7649,83.98750418760343,597,24,6,74,0.04020100502512563,86,4,1,1,1,1,1,3
7650,-61.82000000000113,1076,21,3,71,0.019516728624535316,86,6,1,1,1,1,2,6
7651,-54.57000000000167,1163,23,5,74,0.019776440240756664,86,4,1,1,1,1,1,3
7652,37.55454753722593,873,24,6,72,0.027491408934707903,86,7,1,1,1,1,1,7
7653,142.38316455696238,395,24,6,73,0.060759493670886074,86,10,1,1,2,1,3,8
7654,-18.330000000001764,1040,23,5,70,0.022115384615384617,86,8,1,1,1,1,3,5
7655,-62.660000000000885,1233,23,5,73,0.0186536901865369,86,6,2,1,1,1,3,3
7656,48.38690355329825,788,24,6,70,0.030456852791878174,86,5,1,1,1,1,1,5
7657,-34.4600000000001,1077,23,5,73,0.02135561745589601,86,5,1,1,1,1,1,4
7658,129.83390243902357,410,24,6,67,0.05853658536585366,86,7,1,1,1,3,1,6
7659,56.27360939431212,809,24,6,71,0.029666254635352288,86,9,1,2,1,2,1,6
7660,55.438696255199346,721,24,6,66,0.033287101248266296,86,3,1,1,1,1,1,3
7661,-23.220000000000415,1034,23,5,69,0.022243713733075435,86,6,1,1,2,1,1,4
7662,-37.07000000000159,1015,22,4,75,0.02167487684729064,86,5,1,1,1,1,2,5
7663,3.535877277083454,1043,24,6,72,0.023010546500479387,86,7,1,1,1,1,1,8
7664,-32.610000000000824,1020,22,4,69,0.021568627450980392,86,7,1,1,2,3,1,4
7665,131.03964360587005,477,24,6,63,0.050314465408805034,86,12,1,1,1,3,3,5
7666,79.10037593984806,665,24,6,71,0.03609022556390978,86,7,1,1,1,1,2,7
7667,-66.81836676218013,1396,24,6,75,0.017191977077363897,86,7,1,1,3,1,1,6
7668,-37.060000000001736,1135,23,5,73,0.02026431718061674,86,8,2,1,1,1,2,6
7669,179.57248868778356,221,24,6,64,0.1085972850678733,86,11,1,1,1,3,3,8
7670,-40.18000000000117,1072,23,5,65,0.021455223880597014,86,3,1,1,1,1,2,3
7671,-27.73000000000195,1072,23,5,70,0.021455223880597014,86,7,1,1,2,2,1,5
7672,-48.88000000000191,1165,23,5,75,0.019742489270386267,86,6,1,1,1,1,1,4
7673,96.96889087656398,559,24,6,67,0.04293381037567084,86,6,1,1,1,2,1,6
7674,-0.2845801526735059,1048,24,6,74,0.022900763358778626,86,6,1,1,1,2,2,4
7675,-126.19000000000297,1537,23,5,76,0.014964216005204945,86,5,1,1,1,2,2,3
7676,-1.7460150375937822,1064,24,6,60,0.022556390977443608,86,7,1,1,2,1,2,3
7677,81.02393442622811,610,24,6,70,0.03934426229508197,86,4,1,1,1,1,1,3
7678,-25.11000000000185,1043,23,5,68,0.02205177372962608,86,6,1,1,1,1,1,5
7679,-13.150000000001928,1030,23,5,72,0.02233009708737864,86,9,1,1,1,1,3,8
7680,1.5363391136782845,1038,24,6,72,0.023121387283236993,86,6,1,1,1,1,1,4
7681,-18.040000000001598,1009,23,5,71,0.022794846382556987,86,6,1,1,1,2,3,3
7682,-7.28503323836809,1053,24,6,74,0.022792022792022793,86,4,1,1,1,1,1,3
7683,-85.59000000000195,1304,23,5,76,0.01763803680981595,86,3,1,1,1,1,1,2
7684,113.02120724345971,497,24,6,74,0.0482897384305835,86,7,2,1,1,1,3,3
7685,-29.040000000001843,1049,23,5,71,0.0219256434699714,86,5,1,1,1,2,1,3
7686,-48.48000000000148,1103,23,5,75,0.02085222121486854,86,2,1,1,1,1,1,2
7687,-46.930000000000916,1168,23,5,70,0.019691780821917807,86,7,2,2,1,1,1,4
7688,65.49858841010246,673,24,6,71,0.03566121842496285,86,3,1,1,1,1,1,3
7689,-9.108508691675599,1093,24,6,76,0.021957913998170174,86,6,1,1,1,2,1,5
7690,-95.84000000000198,1383,23,5,71,0.016630513376717282,86,5,1,1,2,1,1,5
7691,90.57649452269023,639,24,6,74,0.03755868544600939,86,9,1,1,1,1,3,5
7692,29.857991360689226,926,24,6,71,0.02591792656587473,86,8,1,2,1,1,1,6
7693,-23.98638795986823,1196,24,6,73,0.020066889632107024,86,8,2,1,1,1,3,5
7694,-148.79000000000252,1695,23,5,76,0.013569321533923304,86,8,1,1,1,1,1,8
7695,16.739304865936735,1007,24,6,72,0.023833167825223437,86,9,1,1,1,2,2,8
7696,104.15202020201912,495,24,6,71,0.048484848484848485,86,4,1,1,1,1,1,5
7697,-74.97000000000217,1295,23,5,74,0.01776061776061776,86,6,1,1,2,1,1,6
7698,-54.39000000000191,1178,23,5,76,0.019524617996604415,86,5,1,1,1,2,1,3
7699,0.020415913199087754,1106,24,6,73,0.0216998191681736,86,10,1,1,1,3,1,6
7700,72.40326647564306,698,24,6,70,0.034383954154727794,86,7,1,1,1,1,1,6
7701,-38.930000000001854,1113,23,5,70,0.020664869721473494,86,6,1,1,1,1,1,5
7702,47.15695906432671,855,24,6,72,0.028070175438596492,86,9,1,1,2,1,2,5
7703,-43.21266047950704,1293,24,6,75,0.018561484918793503,86,8,1,1,1,1,2,8
7704,-17.309999999999885,1034,23,5,68,0.022243713733075435,86,8,2,1,1,1,1,6
7705,-25.060000000001825,1105,23,5,73,0.02081447963800905,86,10,2,2,2,3,2,4
7706,-110.77000000000176,1444,23,5,74,0.01592797783933518,86,4,1,1,1,2,2,3
7707,-389.766454209984,2981,24,6,76,0.008050989600805098,86,5,1,2,1,1,1,4
7708,-16.26000000000185,1001,23,5,73,0.022977022977022976,86,6,2,1,1,2,1,4
7709,70.15495276653044,741,24,6,74,0.032388663967611336,86,9,1,1,1,3,1,5
7710,65.26128593040698,661,24,6,75,0.036308623298033284,86,2,1,1,1,1,1,3
7711,81.0790312965707,671,24,6,73,0.03576751117734724,86,8,1,1,3,1,2,4
7712,-66.79673992674245,1365,24,6,73,0.017582417582417582,86,5,1,1,1,1,2,2
7713,-31.68000000000166,1049,23,5,75,0.0219256434699714,86,4,1,2,1,1,1,3
7714,157.16645569620323,316,24,6,61,0.0759493670886076,86,10,1,1,3,1,2,5
7715,-25.26000000000175,1091,23,5,73,0.021081576535288724,86,9,2,1,1,1,2,7
7716,-20.55000000000195,1082,23,5,72,0.021256931608133085,86,10,1,1,3,2,1,6
7717,-24.62000000000192,1041,23,5,69,0.022094140249759846,86,6,1,1,1,1,1,5
7718,119.46097046413497,474,24,6,61,0.05063291139240506,86,8,1,1,1,1,3,4
7719,-28.520000000000945,1000,22,4,70,0.022,86,7,1,1,1,3,1,4
7720,52.71121212121007,825,24,6,67,0.02909090909090909,86,9,1,1,2,2,1,4
7721,-32.59119779353962,1269,24,6,73,0.018912529550827423,86,10,1,1,1,2,3,5
7722,102.19493177387801,513,24,6,56,0.04678362573099415,86,5,2,1,1,1,1,5
7723,50.92587485515682,863,24,6,65,0.027809965237543453,86,11,1,1,2,3,2,6
7724,107.30011406843997,526,24,6,75,0.045627376425855515,86,7,1,1,1,3,1,4
7725,-21.75000000000189,1028,23,5,72,0.02237354085603113,86,6,1,1,1,1,1,7
7726,-31.530000000001728,1031,23,5,70,0.02230843840931135,86,3,1,1,1,1,1,3
7727,-20.660000000001794,1023,23,5,73,0.022482893450635387,86,6,1,1,1,1,1,4
7728,87.04420361247813,609,24,6,68,0.03940886699507389,86,6,1,1,1,1,2,6
7729,46.938764845603615,842,24,6,74,0.028503562945368172,86,8,1,1,1,3,1,6
7730,87.13408320493151,649,24,6,58,0.03697996918335902,86,9,2,1,2,1,2,4
7731,-34.05000000000098,1014,22,4,73,0.021696252465483234,86,6,1,1,1,1,1,6
7732,-61.44000000000196,1181,23,5,71,0.01947502116850127,86,3,1,2,1,1,1,3
7733,50.048700128698414,777,24,6,64,0.03088803088803089,86,5,1,1,1,1,1,5
7734,-33.2600000000009,1101,23,5,73,0.02089009990917348,86,7,1,1,1,2,1,5
7735,-33.76000000000133,1013,22,4,74,0.02171767028627838,86,6,1,1,1,2,1,5
7736,-15.094310197088504,1167,24,6,74,0.02056555269922879,86,9,1,1,2,1,2,5
7737,-11.950000000001902,1039,23,5,72,0.02213666987487969,86,10,1,1,1,3,1,9
7738,41.24904761904574,840,24,6,73,0.02857142857142857,86,6,1,1,1,1,1,7
7739,-15.840000000001542,1028,23,5,71,0.02237354085603113,86,8,1,2,1,1,1,6
7740,136.91809523809434,420,24,6,68,0.05714285714285714,86,10,2,1,3,1,2,7
7741,-95.82510707333184,1541,24,6,75,0.015574302401038288,86,7,1,1,3,1,1,3
7742,-33.0799999999992,1146,23,5,75,0.02006980802792321,86,10,1,2,1,2,3,6
7743,127.87371364653141,447,24,6,61,0.053691275167785234,86,9,1,1,3,2,2,4
7744,-69.81758870383993,1381,24,6,75,0.017378711078928313,86,5,1,1,1,1,2,3
7745,-37.41695398100879,1369,24,6,75,0.017531044558071585,86,15,1,2,3,3,3,8
7746,82.4153488372078,688,24,6,59,0.03488372093023256,86,10,1,2,3,2,1,6
7747,83.0115151515136,660,24,6,70,0.03636363636363636,86,8,1,1,1,1,4,5
7748,64.0768428781188,681,24,6,73,0.03524229074889868,86,3,1,1,2,1,1,2
7749,-44.7300000000012,1097,23,5,70,0.020966271649954422,86,3,1,1,1,1,1,3
7750,-63.76000000000228,1279,23,5,63,0.017982799061767005,86,9,1,2,2,1,2,7
7751,-33.121445404558415,1273,24,6,76,0.018853102906520033,86,10,1,2,2,2,3,6
7752,-235.96999999999758,2085,23,5,74,0.011031175059952039,86,5,1,1,1,1,3,3
7753,83.46151515151368,660,24,6,75,0.03636363636363636,86,8,1,1,2,2,1,5
7754,65.13458950201698,743,24,6,56,0.03230148048452221,86,8,1,1,2,1,1,6
7755,12.068619329386582,1014,24,6,69,0.023668639053254437,86,8,1,1,2,1,2,7
7756,-42.790000000001804,1180,23,5,76,0.019491525423728815,86,9,1,1,1,1,3,5
7757,-18.75000000000189,1013,23,5,72,0.022704837117472853,86,6,1,1,1,1,2,3
7758,-71.65000000000057,1172,22,4,73,0.01877133105802048,86,4,1,1,1,1,1,5
7759,90.70761989342684,563,24,6,73,0.04262877442273535,86,4,1,1,1,1,2,3
7760,93.86867924528183,530,24,6,68,0.045283018867924525,86,3,1,1,1,1,1,3
7761,32.45185682326542,894,24,6,62,0.026845637583892617,86,7,1,1,2,1,1,7
7762,-10.050000000000248,1040,23,5,62,0.022115384615384617,86,11,1,1,3,2,4,4
7763,137.76573363431277,443,24,6,62,0.05417607223476298,88,12,2,1,1,2,2,10
7764,32.9497694840817,911,24,6,72,0.026344676180021953,88,8,1,1,3,1,1,4
7765,-123.59000000000292,1569,23,5,76,0.014659018483110261,88,8,1,2,1,1,2,3
7766,-77.06000000000186,1245,23,5,73,0.018473895582329317,88,2,1,1,1,1,1,2
7767,58.01531799729188,739,24,6,68,0.03247631935047361,88,5,1,1,1,1,2,3
7768,-38.37000000000168,1097,23,5,74,0.020966271649954422,88,5,1,1,1,1,2,3
7769,46.85315270935763,812,24,6,73,0.029556650246305417,88,6,1,1,1,1,1,5
7770,115.76656716417783,536,24,6,58,0.04477611940298507,88,11,1,1,2,3,2,7
7771,-135.68000000000308,1584,23,5,75,0.01452020202020202,88,5,1,1,2,1,2,3
7772,-139.68000000000285,1634,23,5,75,0.014075887392900856,88,7,2,1,1,1,1,6
7773,149.86490028490132,351,24,6,58,0.06837606837606838,88,10,1,1,2,1,3,8
7774,-17.980000000000487,1021,23,5,65,0.022526934378060724,88,7,1,1,1,1,4,4
7775,3.2230232558122385,1075,24,6,73,0.022325581395348838,88,9,1,1,1,1,4,4
7776,86.90600624024809,641,24,6,71,0.0374414976599064,88,8,1,2,1,1,1,6
7777,38.31799136068968,926,24,6,65,0.02591792656587473,88,11,1,1,3,3,1,6
7778,-40.190000000001206,1027,22,4,67,0.021421616358325218,88,5,1,2,1,1,1,5
7779,-56.91000000000148,1202,23,5,68,0.01913477537437604,88,6,1,1,1,3,1,3
7780,-13.71000000000146,1001,23,5,68,0.022977022977022976,88,7,1,1,1,1,2,4
7781,-327.56296296295375,2700,24,6,76,0.008888888888888889,88,7,1,1,1,2,2,6
7782,-15.510000000001956,1010,23,5,68,0.02277227722772277,88,7,1,1,1,1,2,4
7783,72.67420361247812,609,24,6,75,0.03940886699507389,88,1,1,1,1,1,1,2
7784,-40.26000000000059,1026,22,4,64,0.021442495126705652,88,5,1,1,1,1,2,3
7785,66.85641288433231,683,24,6,75,0.03513909224011713,88,4,1,1,1,1,1,5
7786,-18.730000000001983,1042,23,5,70,0.022072936660268713,88,8,1,1,1,1,4,4
7787,59.85391573729872,807,24,6,73,0.02973977695167286,88,10,2,1,2,2,1,7
7788,-80.4200000000023,1305,23,5,69,0.017624521072796936,88,5,1,1,1,1,2,4
7789,15.850401606423686,996,24,6,71,0.024096385542168676,88,8,1,1,1,1,4,3
7790,113.13193857965385,521,24,6,62,0.046065259117082535,88,9,1,1,1,3,3,4
7791,-41.65999999999967,1083,23,5,73,0.02123730378578024,88,3,1,1,2,1,1,3
7792,31.66086474500971,902,24,6,71,0.026607538802660754,88,7,1,1,3,1,1,5
7793,-88.04000000000235,1314,23,5,71,0.01750380517503805,88,3,1,1,1,1,1,2
7794,-49.21175273865628,1278,24,6,75,0.018779342723004695,88,5,1,1,1,3,1,2
7795,-10.020000000000968,1013,23,5,69,0.022704837117472853,88,9,1,1,1,1,2,7
7796,-19.170000000001103,1001,23,5,74,0.022977022977022976,88,5,1,1,1,1,1,5
7797,59.31224751066697,703,24,6,69,0.034139402560455195,88,3,1,1,1,1,1,3
7798,-10.44494296578113,1052,24,6,70,0.022813688212927757,88,3,1,1,1,1,2,3
7799,-41.37000000000144,1037,23,5,74,0.022179363548698167,88,0,1,1,1,1,1,1
7800,-53.12383853770224,1313,24,6,76,0.01827875095201828,88,6,1,1,1,1,1,5
7801,5.097847358119523,1022,24,6,76,0.023483365949119372,88,6,1,2,1,1,2,4
7802,97.71214936247588,549,24,6,53,0.04371584699453552,88,6,1,1,1,1,2,4
7803,-12.067063197027744,1076,24,6,72,0.022304832713754646,88,4,1,1,1,1,1,5
7804,-23.440000000002087,1096,23,5,71,0.020985401459854013,88,10,1,2,3,1,1,8
7805,22.85741138560493,931,24,6,71,0.02577873254564984,88,6,1,1,2,1,2,3
7806,-46.68000000000178,1124,23,5,75,0.020462633451957295,88,4,1,1,1,1,3,3
7807,-14.600000000001257,1020,23,5,67,0.022549019607843137,88,8,1,1,1,1,3,6
7808,-104.62750000000291,1600,24,6,75,0.015,88,8,1,2,1,1,2,4
7809,-5.871894273129596,1135,24,6,72,0.021145374449339206,88,10,1,1,2,2,1,7
7810,-10.84000000000163,1048,23,5,71,0.02194656488549618,88,11,1,2,1,1,2,10
7811,-10.640000000000807,1002,23,5,71,0.022954091816367265,88,8,1,1,1,1,2,5
7812,95.87230769230649,520,24,6,68,0.046153846153846156,88,3,1,1,2,1,1,3
7813,-13.150000000001768,1060,23,5,72,0.02169811320754717,88,11,1,2,3,2,3,6
7814,134.32371364653358,447,24,6,66,0.053691275167785234,88,11,1,1,2,2,3,8
7815,-16.490000000002073,1029,23,5,66,0.022351797862001945,88,8,2,1,2,1,3,4
7816,-16.420000000001913,1000,23,5,69,0.023,88,6,1,1,1,1,3,4
7817,-35.860000000001776,1114,23,5,73,0.02064631956912029,88,7,1,1,1,3,1,5
7818,-31.84000000000116,1018,23,5,71,0.022593320235756387,88,2,1,1,1,1,1,3
7819,20.704275286755102,959,24,6,76,0.02502606882168926,88,7,1,1,1,1,1,7
7820,-70.88000000000233,1305,23,5,75,0.017624521072796936,88,8,1,1,1,1,3,7
7821,97.79452006980691,573,24,6,74,0.041884816753926704,88,7,1,2,3,1,3,2
7822,130.4728397565919,493,24,6,59,0.0486815415821501,88,13,1,2,2,2,4,4
7823,-44.17000000000151,1141,23,5,74,0.020157756354075372,88,6,2,1,3,1,1,3
7824,-113.71750000000283,1600,24,6,74,0.015,88,5,1,1,1,2,2,3
7825,-13.280000000001609,1002,23,5,75,0.022954091816367265,88,7,1,1,1,1,1,5
7826,127.68883295194644,437,24,6,70,0.05491990846681922,88,8,1,1,1,2,2,5
7827,124.5169668246439,422,24,6,68,0.05687203791469194,88,6,1,1,1,1,3,3
7828,-109.77000000000206,1484,23,5,74,0.01549865229110512,88,7,1,1,1,2,1,6
7829,121.73080321285028,498,24,6,73,0.04819277108433735,88,10,2,1,1,1,1,10
7830,86.62750418760432,597,24,6,70,0.04020100502512563,88,5,1,1,1,1,1,5
7831,33.087785630151316,849,24,6,69,0.028268551236749116,88,4,1,1,1,1,2,4
7832,63.510449438200496,712,24,6,69,0.033707865168539325,88,5,1,2,1,1,1,4
7833,-133.24000000000322,1615,23,5,71,0.014241486068111455,88,8,2,1,2,1,1,6
7834,-43.67000000000171,1093,22,4,75,0.020128087831655993,88,8,2,1,1,1,4,3
7835,57.38224938875106,818,24,6,70,0.029339853300733496,88,10,1,1,3,3,1,3
7836,-38.20000000000179,1108,23,5,67,0.02075812274368231,88,6,1,1,1,1,3,4
7837,-164.74697773064685,1886,24,6,76,0.012725344644750796,88,7,1,1,1,1,2,5
7838,-17.15000000000043,1020,23,5,72,0.022549019607843137,88,7,1,1,1,1,3,4
7839,-6.399828674483313,1109,24,6,75,0.02164111812443643,88,8,1,1,1,1,1,9
7840,-31.08000000000128,1046,23,5,75,0.02198852772466539,88,4,1,1,1,1,2,4
7841,-49.79000000000192,1170,23,5,76,0.019658119658119658,88,6,1,1,2,1,1,6
7842,61.13210039629935,757,24,6,76,0.031704095112285335,88,7,1,1,3,1,2,3
7843,147.5640909090904,352,24,6,68,0.06818181818181818,88,9,1,2,1,1,3,5
7844,94.09587360594679,538,24,6,55,0.04460966542750929,88,4,1,1,1,1,1,4
7845,-5.66817263544727,1089,24,6,72,0.02203856749311295,88,7,1,1,1,1,3,5
7846,95.6363668430322,567,24,6,70,0.042328042328042326,88,6,1,1,1,1,2,3
7847,51.18210012209819,819,24,6,70,0.029304029304029304,88,8,1,1,1,3,2,6
7848,-16.781504424780536,1130,24,6,73,0.021238938053097345,88,6,1,1,2,1,2,3
7849,117.54505376343978,465,24,6,53,0.05161290322580645,88,7,1,1,1,2,1,4
7850,-107.13800371978,1613,24,6,76,0.014879107253564786,88,8,1,1,1,1,2,5
7851,-21.53000000000194,1026,23,5,70,0.022417153996101363,88,6,2,1,1,1,1,4
7852,102.75513134851086,571,24,6,58,0.04203152364273205,88,9,1,2,1,1,3,5
7853,-23.585182357932286,1179,24,6,73,0.020356234096692113,88,7,1,1,1,1,1,8
7854,-24.693419913421774,1155,24,6,74,0.02077922077922078,88,5,1,1,1,1,2,3
7855,-62.54000000000172,1111,22,4,72,0.019801980198019802,88,3,1,1,1,1,1,3
7856,48.874843945066836,801,24,6,71,0.0299625468164794,88,6,1,1,1,1,1,4
7857,3.534517958410401,1058,24,6,72,0.022684310018903593,88,8,1,1,1,1,4,6
7858,-34.76000000000167,1048,22,4,74,0.02099236641221374,88,8,1,1,1,1,2,6
7859,-68.06000000000216,1260,23,5,73,0.018253968253968255,88,6,1,2,1,1,1,3
7860,11.075932203388065,944,24,6,69,0.025423728813559324,88,3,1,1,1,1,1,3
7861,150.41602076124556,289,24,6,59,0.08304498269896193,88,6,1,1,1,2,1,4
7862,-28.29364421416428,1158,24,6,74,0.02072538860103627,88,4,1,1,1,1,1,3
7863,80.54077170417858,622,24,6,58,0.03858520900321544,88,5,1,1,1,1,1,3
7864,22.67570824524121,946,24,6,69,0.02536997885835095,88,7,2,1,1,1,2,3
7865,-45.66000000000176,1118,23,5,73,0.020572450805008944,88,4,1,2,1,1,1,3
7866,-15.1300000000019,1024,23,5,70,0.0224609375,88,8,1,1,2,1,2,4
7867,115.58413276231164,467,24,6,69,0.05139186295503212,88,6,1,1,1,1,1,4
7868,16.527066381154714,934,24,6,74,0.02569593147751606,88,4,1,1,2,1,2,2
7869,-36.220000000001114,1099,23,5,69,0.020928116469517744,88,6,1,2,1,1,2,4
7870,-56.550000000002036,1262,23,5,72,0.018225039619651346,88,10,1,1,2,2,4,4
7871,-8.826803355080823,1073,24,6,68,0.022367194780987885,88,5,1,1,1,1,2,3
7872,-36.6900000000012,1145,23,5,66,0.020087336244541485,88,9,1,1,3,1,1,5
7873,-95.68000000000237,1384,23,5,75,0.016618497109826588,88,5,1,1,1,1,2,4
7874,-9.360873440286348,1122,24,6,71,0.0213903743315508,88,8,2,1,3,3,1,3
7875,-12.220000000002104,1039,23,5,69,0.02213666987487969,88,10,1,1,3,1,4,5
7876,84.89822784810005,632,24,6,62,0.0379746835443038,88,7,1,1,1,1,1,4
7877,39.30600928074041,862,24,6,67,0.027842227378190254,88,7,1,1,2,1,2,3
7878,76.96450867051861,692,24,6,74,0.03468208092485549,88,8,1,1,1,2,2,7
7879,-182.57000000000028,1848,23,5,74,0.012445887445887446,88,7,1,1,2,1,1,6
7880,-30.089999999998863,1127,23,5,66,0.02040816326530612,88,10,1,2,1,1,3,5
7881,59.143304562268476,811,24,6,74,0.029593094944512947,88,10,1,2,2,2,1,5
7882,-28.460000000001767,1017,23,5,73,0.02261553588987217,88,3,1,1,1,1,1,3
7883,88.88313213702958,613,24,6,64,0.03915171288743882,88,7,1,1,1,1,3,4
7884,-73.68000000000197,1274,23,5,75,0.01805337519623234,88,5,1,1,1,1,1,4
7885,70.19812154695967,724,24,6,70,0.03314917127071823,88,8,2,1,1,3,1,6
7886,131.89152647975172,321,24,6,58,0.07476635514018691,88,2,1,1,1,1,1,2
7887,-26.40000000000183,1019,23,5,67,0.022571148184494603,88,4,1,1,1,1,1,3
7888,-15.89999999999942,1007,23,5,57,0.022840119165839126,88,7,2,1,1,2,1,5
7889,-40.880000000001246,1000,22,4,66,0.022,88,3,1,1,1,1,1,3
7890,-92.11493819128464,1537,24,6,74,0.015614834092387769,88,8,2,1,1,2,3,5
7891,74.09422818792024,745,24,6,60,0.032214765100671144,88,11,1,1,2,1,3,9
7892,72.57727540500572,679,24,6,63,0.035346097201767304,88,6,1,1,2,2,1,5
7893,-59.37464204973859,1327,24,6,71,0.01808590806330068,88,5,1,1,1,1,1,6
7894,41.443122171943806,884,24,6,73,0.027149321266968326,88,9,1,1,1,1,3,6
7895,96.72015015015131,666,24,6,69,0.036036036036036036,88,13,2,1,1,2,4,6
7896,112.59518518518395,540,24,6,65,0.044444444444444446,88,10,1,1,1,3,2,6
7897,50.080718954246706,765,24,6,71,0.03137254901960784,88,4,1,1,1,1,1,4
7898,87.12290519877516,654,24,6,69,0.03669724770642202,88,9,2,2,2,1,2,4
7899,84.86155088852854,619,24,6,66,0.03877221324717286,88,6,1,1,1,1,1,7
7900,-20.530000000001955,1051,23,5,70,0.021883920076117985,88,8,1,1,3,2,2,3
7901,-162.4600000000013,1717,23,5,73,0.013395457192778102,88,5,1,1,1,1,1,4
7902,22.13615384615328,1040,24,6,72,0.023076923076923078,88,13,1,1,2,1,4,10
7903,77.50552099533284,643,24,6,71,0.03732503888024884,88,5,1,1,1,1,1,6
7904,160.7964556962031,316,24,6,68,0.0759493670886076,88,11,1,1,2,3,2,7
7905,-97.17000000000267,1421,23,5,74,0.01618578465869106,88,7,1,1,1,1,4,4
7906,36.2398901098882,910,24,6,73,0.026373626373626374,88,9,1,1,1,3,1,6
7907,9.099800399200014,1002,24,6,76,0.023952095808383235,88,6,2,1,1,1,3,2
7908,101.76241379310393,580,24,6,67,0.041379310344827586,88,9,1,1,2,3,1,4
7909,171.6478048780496,205,24,6,40,0.11707317073170732,88,8,1,1,2,1,2,5
7910,49.79904761904746,840,24,6,68,0.02857142857142857,88,9,1,1,2,1,2,8
7911,-50.040000000001626,1154,23,5,71,0.01993067590987868,88,5,1,1,1,1,3,3
7912,114.19723865877612,507,24,6,76,0.047337278106508875,88,8,2,1,1,2,1,4
7913,-18.57000000000145,1043,23,5,74,0.02205177372962608,88,8,1,1,1,1,2,4
7914,69.69044943820055,712,24,6,71,0.033707865168539325,88,7,1,1,3,2,1,3
7915,55.752802124832336,753,24,6,74,0.03187250996015936,88,5,1,1,1,1,2,4
7916,116.71052631578846,475,24,6,66,0.05052631578947368,88,7,1,1,1,1,3,4
7917,35.99001100109854,909,24,6,68,0.026402640264026403,88,9,1,1,3,1,2,5
7918,-67.62000000000182,1241,23,5,69,0.018533440773569703,88,5,1,1,2,1,1,4
7919,-48.22000000000192,1144,23,5,69,0.020104895104895104,88,5,1,1,2,1,1,5
7920,66.1715789473666,760,24,6,72,0.031578947368421054,88,9,1,1,1,1,3,8
7921,30.01787486515454,927,24,6,75,0.025889967637540454,88,8,1,1,1,1,3,7
7922,-12.790000000001706,1030,23,5,76,0.02233009708737864,88,9,1,1,1,1,3,8
7923,-31.370000000001717,1032,23,5,74,0.022286821705426358,88,3,1,1,1,1,2,3
7924,110.5732520325192,492,24,6,69,0.04878048780487805,88,6,1,1,1,2,1,4
7925,36.153636363634405,880,24,6,72,0.02727272727272727,88,7,1,2,1,1,2,6
7926,124.27630541871831,406,24,6,63,0.059113300492610835,88,5,1,1,1,1,1,4
7927,-49.04000000000207,1209,23,5,71,0.01902398676592225,88,9,1,1,2,3,1,7
7928,149.88411764705893,340,24,6,67,0.07058823529411765,88,9,1,1,3,1,3,3
7929,106.06382352941054,544,24,6,68,0.04411764705882353,88,8,1,1,1,1,3,4
7930,-29.93000000000182,1053,23,5,70,0.02184235517568851,88,5,1,1,1,1,1,6
7931,-97.53670886076253,1580,24,6,76,0.015189873417721518,88,9,1,1,1,1,3,8
7932,4.42624639075836,1039,24,6,73,0.023099133782483156,88,7,1,1,1,2,1,4
7933,170.8065040650405,246,24,6,56,0.0975609756097561,88,10,1,1,1,3,4,6
7934,-41.06000000000137,1140,23,5,73,0.02017543859649123,88,7,1,1,1,3,2,3
7935,58.46594458438362,794,24,6,62,0.030226700251889168,88,9,1,1,2,2,4,3
7936,-29.350000000001806,1051,23,5,72,0.021883920076117985,88,5,1,2,1,1,1,3
7937,104.2405054151612,554,24,6,70,0.04332129963898917,88,8,1,2,1,1,2,4
7938,-22.24000000000185,1030,23,5,71,0.02233009708737864,88,6,1,2,1,1,1,4
7939,60.97227513227328,756,24,6,72,0.031746031746031744,88,7,1,1,3,1,1,3
7940,-31.17000000000177,1046,23,5,74,0.02198852772466539,88,4,1,1,1,1,1,5
7941,9.93208103130538,1086,24,6,72,0.022099447513812154,88,12,1,1,3,1,3,6
7942,-28.260000000001313,1001,23,5,73,0.022977022977022976,88,2,1,1,1,1,1,3
7943,112.75120724345999,497,24,6,71,0.0482897384305835,88,7,1,1,1,1,3,5
7944,-258.15695221695546,2323,24,6,76,0.010331467929401636,88,5,1,1,1,1,3,3
7945,-77.0600000000023,1290,23,5,73,0.017829457364341085,88,5,1,2,1,1,1,4
7946,55.29771392081557,783,24,6,69,0.03065134099616858,88,7,1,1,1,1,2,3
7947,1.3348766603399547,1054,24,6,72,0.022770398481973434,88,7,1,1,1,1,2,5
7948,-1.9578341013844778,1085,24,6,71,0.022119815668202765,88,8,1,1,1,1,1,6
7949,-17.060000000001914,1020,23,5,73,0.022549019607843137,88,7,1,1,1,2,1,5
7950,-31.750000000001933,1108,23,5,72,0.02075812274368231,88,8,2,1,2,1,1,6
7951,-127.13950393224664,1653,24,6,76,0.014519056261343012,88,4,1,1,1,1,2,3
7952,-96.55000000000221,1372,23,5,72,0.016763848396501458,88,4,1,1,2,1,1,3
7953,71.38836795252074,674,24,6,72,0.03560830860534125,88,5,1,1,1,1,1,6
7954,25.87416666666463,960,24,6,69,0.025,88,9,2,1,1,2,3,3
7955,-41.302057677320946,1283,24,6,74,0.018706157443491817,88,8,2,1,1,1,3,4
7956,-99.42261455525855,1484,24,6,75,0.016172506738544475,88,2,1,1,1,1,1,2
7957,147.441125827814,302,24,6,55,0.07947019867549669,88,6,1,1,1,1,4,4
7958,-17.51000000000117,1005,23,5,68,0.022885572139303482,88,6,1,1,1,1,1,7
7959,-1.6436608863217153,1038,24,6,70,0.023121387283236993,88,5,1,1,1,1,1,4
7960,-34.950000000001744,1064,23,5,72,0.021616541353383457,88,4,1,1,1,1,1,3
7961,-19.71273996509781,1146,24,6,76,0.020942408376963352,88,6,1,1,1,1,1,4
7962,-5.550000000001797,1022,23,5,72,0.022504892367906065,88,11,1,1,1,3,1,10
7963,167.09000000000123,250,24,6,57,0.096,88,9,1,1,2,2,2,4
7964,17.300908173560295,991,24,6,76,0.024217961654894045,88,8,1,1,1,1,1,9
7965,-30.570000000002043,1118,23,5,74,0.020572450805008944,88,9,1,1,1,3,1,6
7966,36.39806375442556,847,24,6,68,0.02833530106257379,88,5,1,1,1,2,1,4
7967,35.199331742241654,838,24,6,68,0.028639618138424822,88,4,1,1,1,3,1,2
7968,18.932107623317002,892,24,6,74,0.026905829596412557,88,2,1,1,1,1,1,3
7969,8.691407678243664,1094,24,6,76,0.021937842778793418,88,12,1,2,3,1,2,5
7970,-29.560000000001427,1007,22,4,74,0.021847070506454815,88,7,2,1,2,1,1,5
7971,-23.260000000001973,1096,23,5,73,0.020985401459854013,88,10,1,1,1,1,3,5
7972,-16.820000000001908,1002,23,5,69,0.022954091816367265,88,6,1,1,1,1,1,3
7973,-24.440000000001792,1011,23,5,71,0.02274975272007913,88,4,1,1,1,1,1,5
7974,22.723842159914952,963,24,6,74,0.024922118380062305,88,8,1,1,1,1,3,6
7975,-19.95000000000163,1034,23,5,72,0.022243713733075435,88,7,1,1,1,1,3,4
7976,133.39641025641123,390,24,6,62,0.06153846153846154,88,7,1,1,3,2,2,3
7977,6.224339622641512,1060,24,6,73,0.022641509433962263,88,9,2,1,1,2,2,4
7978,27.568459869846215,922,24,6,70,0.026030368763557483,88,7,1,1,1,1,2,4
7979,-59.740000000000656,1097,22,4,72,0.020054694621695533,88,3,1,1,1,1,1,3
7980,-98.31498049415096,1538,24,6,74,0.015604681404421327,88,6,1,1,1,1,2,3
7981,-6.674456800686302,1169,24,6,72,0.020530367835757058,88,12,1,1,1,2,4,9
7982,-23.820000000001315,1052,23,5,69,0.021863117870722433,88,7,1,1,2,3,1,4
7983,-30.440000000001824,1086,23,5,71,0.02117863720073665,88,7,1,1,1,2,2,6
7984,91.92873015873043,630,24,6,69,0.0380952380952381,88,9,1,1,3,1,3,5
7985,-98.5344262295101,1525,24,6,76,0.015737704918032787,88,5,1,1,1,2,1,3
7986,-13.170000000002041,1031,23,5,74,0.02230843840931135,88,9,1,1,1,2,2,7
7987,-45.860000000001754,1134,23,5,73,0.020282186948853614,88,5,1,1,1,3,1,3
7988,-22.860000000001527,1004,23,5,73,0.022908366533864542,88,4,1,1,1,3,1,2
7989,-66.5900000000023,1299,23,5,76,0.01770592763664357,88,9,1,1,1,3,3,6
7990,93.71006802720989,588,24,6,62,0.04081632653061224,88,7,1,1,1,2,1,3
7991,-33.26000000000184,1071,23,5,73,0.021475256769374416,88,5,1,1,1,1,1,3
7992,125.62587360594902,538,24,6,72,0.04460966542750929,90,14,1,2,3,3,3,8
7993,-93.28000000000252,1387,23,5,75,0.01658255227108868,90,6,1,1,1,1,1,4
7994,42.51254901960614,816,24,6,67,0.029411764705882353,90,5,1,1,1,1,1,5
7995,59.04037809647795,767,24,6,75,0.03129074315514994,90,7,1,1,1,1,2,4
7996,73.09705882352814,680,24,6,71,0.03529411764705882,90,6,1,1,1,2,2,3
7997,-36.55000000000186,1162,23,5,72,0.019793459552495698,90,10,1,1,1,3,3,6
7998,70.75204545454379,704,24,6,65,0.03409090909090909,90,7,1,1,1,1,2,4
7999,-12.310000000001601,1009,23,5,68,0.022794846382556987,90,8,1,1,1,1,2,7
8000,40.4484834123204,844,24,6,73,0.02843601895734597,90,6,2,1,1,2,1,3
8001,33.348225108223204,924,24,6,72,0.025974025974025976,44,9,1,1,1,3,1,4
8002,-117.35000000000291,1521,23,5,72,0.015121630506245891,45,7,1,1,1,1,2,6
8003,0.9146073793745959,1057,24,6,74,0.02270577105014191,47,7,1,1,2,1,1,5
8004,-19.75000000000193,1033,23,5,72,0.022265246853823813,48,7,1,1,3,1,1,6
8005,24.219769484081546,911,24,6,75,0.026344676180021953,49,5,1,1,1,1,2,4
8006,-52.970000000000525,1170,23,5,74,0.019658119658119658,49,5,1,1,1,1,1,5
8007,-29.620000000001955,1081,23,5,69,0.02127659574468085,49,7,1,2,1,1,2,5
8008,-258.2799999999962,2182,23,5,75,0.010540788267644362,49,4,1,1,1,1,1,5
8009,75.38947683108958,669,24,6,72,0.03587443946188341,49,6,1,1,1,3,1,3
8010,100.65985611510668,556,24,6,68,0.04316546762589928,50,7,1,1,1,1,2,5
8011,23.650132158588818,908,24,6,62,0.02643171806167401,50,5,1,1,2,1,1,3
8012,-47.170000000001835,1141,23,5,74,0.020157756354075372,50,5,1,1,1,1,1,3
8013,-16.22000000000201,1059,23,5,69,0.021718602455146365,50,10,1,1,2,3,2,4
8014,96.7090359168231,529,24,6,64,0.045368620037807186,50,4,1,1,1,1,1,3
8015,103.65985611510659,556,24,6,68,0.04316546762589928,50,8,1,1,1,3,2,4
8016,-90.6699999999998,1399,23,5,64,0.016440314510364547,50,8,1,2,1,1,2,7
8017,-24.020000000001897,1038,23,5,69,0.022157996146435453,50,6,1,1,1,1,1,4
8018,55.51661202185629,732,24,6,58,0.03278688524590164,50,4,1,1,1,1,2,4
8019,64.85124293785147,708,24,6,75,0.03389830508474576,50,5,1,1,1,1,2,3
8020,52.40315270935761,812,24,6,68,0.029556650246305417,52,8,1,2,2,1,1,7
8021,62.7712335957987,762,24,6,72,0.031496062992125984,52,8,2,2,2,1,2,4
8022,37.08641443538829,859,24,6,69,0.027939464493597205,54,6,1,1,1,1,2,6
8023,-9.150000000001794,1010,23,5,72,0.02277227722772277,54,9,1,1,3,2,1,5
8024,128.9518644067813,472,24,6,62,0.05084745762711865,56,11,1,1,2,1,4,7
8025,-14.55000000000161,1007,23,5,72,0.022840119165839126,56,7,1,1,1,3,1,4
8026,-15.469999999999759,1053,23,5,64,0.02184235517568851,56,10,1,1,1,3,3,5
8027,-20.51000000000166,1005,23,5,68,0.022885572139303482,57,5,2,1,1,1,1,3
8028,-44.330000000001625,1155,23,5,70,0.019913419913419914,57,7,1,1,1,3,1,4
8029,-24.020000000001904,1038,23,5,69,0.022157996146435453,57,6,2,1,1,1,1,5
8030,-40.4600000000014,1167,23,5,73,0.01970865467009426,57,9,1,1,2,1,3,7
8031,-19.82000000000185,1002,23,5,69,0.022954091816367265,57,5,1,1,1,1,2,3
8032,105.64482517482406,572,24,6,59,0.04195804195804196,57,10,1,1,3,1,2,6
8033,-53.40000000000117,1139,23,5,67,0.02019315188762072,57,3,1,1,1,1,1,3
8034,-104.28000000000196,1487,23,5,75,0.01546738399462004,57,9,1,2,1,1,2,8
8035,39.67019230769065,832,24,6,71,0.028846153846153848,60,5,1,1,2,1,3,3
8036,127.0550980392149,408,24,6,65,0.058823529411764705,61,6,1,2,2,1,3,3
8037,102.57290519877523,654,24,6,74,0.03669724770642202,75,14,2,2,2,2,3,9
8038,12.758911968346133,1011,24,6,70,0.02373887240356083,78,8,2,2,2,1,2,5
8039,-24.93000000000149,1028,23,5,70,0.02237354085603113,78,5,2,1,1,1,2,3
8040,-36.82000000000049,1001,21,4,71,0.02097902097902098,78,6,1,1,3,1,1,4
8041,-27.730000000001507,1027,23,5,70,0.022395326192794548,78,4,1,1,1,1,1,3
8042,38.357096018733515,854,24,6,72,0.02810304449648712,78,6,2,1,1,1,2,3
8043,59.33406947890674,806,24,6,65,0.02977667493796526,79,10,1,1,1,3,4,5
8044,9.848911968346446,1011,24,6,71,0.02373887240356083,79,7,1,1,1,1,3,3
8045,160.03160642570424,249,24,6,43,0.0963855421686747,79,7,1,1,1,1,2,4
8046,-42.26000000000148,1056,23,5,73,0.021780303030303032,79,1,1,1,1,1,1,2
8047,123.49881838074299,457,24,6,68,0.0525164113785558,79,8,1,1,3,1,2,6
8048,-37.33000000000163,1075,23,5,70,0.021395348837209303,79,4,1,1,1,1,1,3
8049,13.337656249998188,1024,24,6,72,0.0234375,79,9,1,1,1,3,1,7
8050,55.05033694343966,831,24,6,73,0.02888086642599278,79,10,2,1,3,1,2,4
8051,-22.220000000001868,1044,23,5,69,0.022030651340996167,79,7,1,1,2,1,4,3
8052,29.329289617484385,915,24,6,74,0.02622950819672131,79,7,1,1,1,2,2,4
8053,115.1097533206819,527,24,6,64,0.04554079696394687,79,10,1,2,2,1,4,4
8054,-14.09000000000199,1017,23,5,66,0.02261553588987217,79,8,1,1,2,1,1,4
8055,13.36224948875067,978,24,6,70,0.024539877300613498,79,6,1,1,1,1,1,7
8056,23.71482180293396,954,24,6,65,0.025157232704402517,79,8,1,1,2,2,3,3
8057,-20.970000000001818,1025,23,5,74,0.0224390243902439,79,6,1,1,1,2,1,5
8058,-36.22000000000216,1189,23,5,69,0.01934398654331371,79,12,1,1,3,3,2,7
8059,-13.77000000000138,1004,23,5,74,0.022908366533864542,79,7,1,1,2,1,2,4
8060,86.00233766233623,616,24,6,72,0.03896103896103896,79,6,1,1,1,1,1,7
8061,-42.62000000000185,1146,23,5,69,0.02006980802792321,79,7,1,1,1,1,3,3
8062,-44.93000000000152,1113,23,5,70,0.020664869721473494,79,4,1,1,1,1,1,4
8063,131.94154589372002,414,24,6,66,0.057971014492753624,79,8,1,2,1,2,1,3
8064,-10.530000000001998,1031,23,5,70,0.02230843840931135,79,10,2,1,1,1,2,5
8065,-33.350000000001614,1086,23,5,72,0.02117863720073665,79,6,1,1,2,1,1,3
8066,-14.550000000002077,1052,23,5,72,0.021863117870722433,79,10,1,1,2,2,2,5
8067,37.2886239620387,843,24,6,69,0.028469750889679714,79,5,1,1,1,1,1,4
8068,-36.08000000000172,1071,23,5,75,0.021475256769374416,79,4,1,1,1,1,1,3
8069,102.6072659176018,534,24,6,74,0.0449438202247191,79,6,1,1,3,1,2,3
8070,11.758425196849794,1016,24,6,70,0.023622047244094488,80,8,1,1,2,2,1,4
8071,-45.750000000001904,1148,23,5,72,0.02003484320557491,80,6,1,1,1,1,1,4
8072,50.678700128698296,777,24,6,71,0.03088803088803089,80,5,1,1,1,1,1,4
8073,7.604166666664876,960,24,6,66,0.025,80,3,1,1,1,2,1,2
8074,-304.76177370029797,2616,24,6,76,0.009174311926605505,82,9,1,2,2,2,2,5
8075,54.517226463102965,786,24,6,67,0.030534351145038167,82,7,1,2,1,1,2,5
8076,-50.06000000000191,1170,23,5,73,0.019658119658119658,82,6,1,1,1,1,4,2
8077,-8.350000000002048,1006,23,5,72,0.02286282306163022,82,9,1,1,1,1,2,8
8078,-62.570000000001265,1293,23,5,74,0.017788089713843776,82,10,1,1,3,1,2,5
8079,56.87406947890625,806,24,6,71,0.02977667493796526,82,9,1,2,1,2,2,7
8080,-63.9500000000022,1284,23,5,72,0.01791277258566978,82,9,1,1,1,2,2,8
8081,131.66409090909016,352,24,6,58,0.06818181818181818,82,4,1,1,1,2,1,3
8082,-26.130000000001345,1034,23,5,70,0.022243713733075435,82,5,1,1,1,1,2,3
8083,143.07100271002645,369,24,6,56,0.06504065040650407,82,9,1,1,1,1,4,5
8084,160.33557046980013,298,24,6,56,0.08053691275167785,82,10,1,1,1,2,2,9
8085,-24.440000000001582,1041,23,5,71,0.022094140249759846,82,6,1,2,2,1,2,2
8086,-51.12325402916574,1303,24,6,76,0.01841903300076746,82,6,1,1,1,2,2,3
8087,-103.02000000000247,1433,23,5,69,0.016050244242847175,82,6,2,1,1,1,2,3
8088,-27.46000000000155,1057,23,5,73,0.021759697256385997,82,6,1,1,2,1,1,6
8089,-49.640000000000875,1001,21,3,73,0.02097902097902098,82,5,1,1,1,1,2,5
8090,118.4032520325202,492,24,6,56,0.04878048780487805,82,9,1,1,2,1,2,7
8091,-130.03356659142452,1772,24,6,75,0.013544018058690745,82,11,1,1,3,1,2,6
8092,15.141522842637935,985,24,6,72,0.024365482233502538,82,7,1,1,1,3,1,5
8093,-65.84000000000106,1248,23,5,71,0.01842948717948718,82,6,1,2,1,1,1,4
8094,84.40970059880087,668,24,6,70,0.03592814371257485,82,9,1,2,1,2,3,5
8095,-22.390000000001983,1039,23,5,56,0.02213666987487969,83,7,1,2,1,1,1,4
8096,-22.220000000001964,1044,23,5,69,0.022030651340996167,83,7,1,1,1,2,2,4
8097,128.93325203251985,492,24,6,73,0.04878048780487805,83,12,2,1,2,1,3,6
8098,-71.7700000000016,1294,23,5,74,0.01777434312210201,83,7,1,1,2,1,2,5
8099,-45.45000000000145,1056,22,4,73,0.020833333333333332,83,5,1,1,2,1,1,3
8100,58.80578616352008,795,24,6,68,0.03018867924528302,83,9,1,1,2,1,2,5
8101,-105.79000000000252,1435,23,5,76,0.01602787456445993,83,5,1,1,2,1,1,4
8102,-23.17000000000184,1006,23,5,74,0.02286282306163022,83,4,1,1,1,1,1,3
8103,85.10037593984809,665,24,6,71,0.03609022556390978,83,9,1,2,1,1,2,8
8104,58.60804097310944,781,24,6,68,0.030729833546734954,83,8,1,2,1,1,3,5
8105,-47.17000000000201,1186,23,5,74,0.0193929173693086,83,8,1,1,1,3,2,4
8106,-22.970000000001903,1035,23,5,74,0.022222222222222223,83,6,1,1,1,1,1,4
8107,168.39894736842234,304,24,6,59,0.07894736842105263,83,13,1,2,2,2,3,6
8108,53.15886597937961,776,24,6,63,0.030927835051546393,83,6,1,1,2,1,2,4
8109,35.62312217194374,884,24,6,75,0.027149321266968326,83,7,1,1,1,3,2,5
8110,163.09786885245907,305,24,6,69,0.07868852459016394,83,11,1,2,1,2,3,6
8111,107.64115942028862,552,24,6,70,0.043478260869565216,83,9,2,1,1,2,2,4
8112,-26.420000000000442,1050,23,5,69,0.021904761904761906,83,6,1,1,1,1,1,5
8113,-23.330000000001668,1035,23,5,70,0.022222222222222223,83,6,1,1,2,1,1,3
8114,46.70904761904566,840,24,6,67,0.02857142857142857,83,8,1,1,1,2,2,7
8115,-154.37000000000228,1692,23,5,74,0.013593380614657211,83,6,1,1,1,2,2,2
8116,9.83030090270642,997,24,6,73,0.024072216649949848,83,6,1,1,1,2,3,4
8117,-29.930000000001627,1068,23,5,70,0.02153558052434457,83,6,1,1,1,1,2,6
8118,-33.04000000000185,1099,23,5,71,0.020928116469517744,83,7,1,1,3,1,2,4
8119,101.45120458890892,523,24,6,70,0.045889101338432124,83,5,1,1,2,1,3,2
8120,-59.014642049737894,1327,24,6,75,0.01808590806330068,83,5,2,1,1,1,2,3
8121,-28.01856677524534,1228,24,6,66,0.019543973941368076,83,9,1,1,3,1,2,5
8122,-28.880000000000848,1005,23,5,75,0.022885572139303482,83,2,1,1,1,1,1,3
8123,50.65376237623594,808,24,6,73,0.0297029702970297,83,7,1,1,2,1,1,6
8124,-66.68000000000214,1269,23,5,75,0.018124507486209612,83,7,1,1,1,1,1,5
8125,-42.2600000000009,1101,23,5,73,0.02089009990917348,83,4,1,1,1,1,2,3
8126,-21.690000000001906,1025,23,5,66,0.0224390243902439,83,6,1,1,1,1,3,3
8127,100.24181229773313,618,24,6,68,0.038834951456310676,83,11,1,1,3,1,3,6
8128,116.86366598777897,491,24,6,70,0.048879837067209775,85,8,1,2,1,2,1,7
8129,-82.06000000000228,1315,23,5,73,0.01749049429657795,85,5,1,1,1,1,2,3
8130,-13.97000000000207,1050,23,5,74,0.021904761904761906,85,10,1,1,2,2,2,6
8131,56.99157894736655,760,24,6,70,0.031578947368421054,85,6,1,1,1,2,1,5
8132,148.6838522427458,379,24,6,74,0.0633245382585752,85,11,1,1,3,3,2,5
8133,5.869999999998235,1000,24,6,69,0.024,85,5,1,1,1,1,2,3
8134,150.5311258278151,302,24,6,56,0.07947019867549669,85,7,1,1,1,2,1,5
8135,-100.1400000000012,1344,22,4,72,0.01636904761904762,85,6,1,1,1,1,2,6
8136,-26.57000000000187,1053,23,5,74,0.02184235517568851,85,6,1,1,1,1,1,5
8137,-44.4400000000011,1126,23,5,71,0.020426287744227355,85,5,1,1,1,1,1,5
8138,155.46864197530815,324,24,6,60,0.07407407407407407,85,10,1,1,3,1,3,6
8139,-110.3900000000029,1518,23,5,76,0.015151515151515152,85,9,1,1,1,1,3,4
8140,134.90173913043407,368,24,6,63,0.06521739130434782,85,6,1,1,1,1,1,4
8141,87.8830103806216,578,24,6,75,0.04152249134948097,85,4,1,1,1,1,3,3
8142,-27.540000000000894,1026,22,4,72,0.021442495126705652,85,9,1,1,2,1,3,6
8143,-102.95000000000246,1434,23,5,72,0.01603905160390516,85,6,1,1,1,2,2,5
8144,-32.260000000001924,1096,23,5,73,0.020985401459854013,85,7,1,1,1,1,1,7
8145,31.61299435028078,885,24,6,66,0.02711864406779661,85,6,1,1,1,1,2,5
8146,63.36919896640636,774,24,6,72,0.031007751937984496,85,9,1,1,1,2,2,4
8147,-24.150000000000034,1130,23,5,72,0.020353982300884955,85,12,1,1,1,3,4,5
8148,-22.48000000000189,1033,23,5,75,0.022265246853823813,85,6,1,1,3,1,2,4
8149,-24.990000000001917,1061,23,5,76,0.021677662582469368,85,7,1,1,1,1,1,8
8150,115.79833333333283,480,24,6,67,0.05,85,7,1,1,1,1,2,7
8151,-40.22000000000203,1179,23,5,69,0.019508057675996608,85,10,1,1,1,3,1,9
8152,21.104493207939694,957,24,6,76,0.025078369905956112,85,7,1,1,1,2,1,7
8153,137.28906735751252,386,24,6,63,0.06217616580310881,85,8,2,1,2,1,1,5
8154,43.03239902080595,817,24,6,75,0.02937576499388005,85,5,2,1,1,1,1,4
8155,121.78371364653223,447,24,6,60,0.053691275167785234,85,7,1,2,1,2,2,3
8156,-60.860000000001996,1209,23,5,73,0.01902398676592225,85,5,1,1,1,1,2,5
8157,-42.9700000000017,1085,22,4,65,0.020276497695852536,85,8,1,1,2,1,1,6
8158,-56.93000000000204,1203,23,5,70,0.019118869492934332,85,6,1,1,1,1,2,3
8159,96.78518518518392,540,24,6,56,0.044444444444444446,85,5,1,1,2,1,1,3
8160,101.90182130584304,582,24,6,73,0.041237113402061855,85,9,1,1,2,1,2,4
8161,-8.183660886321423,1038,24,6,64,0.023121387283236993,85,3,1,1,1,1,1,3
8162,33.017924528300114,848,24,6,66,0.02830188679245283,85,4,1,1,1,1,1,3
8163,112.38367521367431,468,24,6,69,0.05128205128205128,85,5,1,1,1,1,2,5
8164,24.8988139281812,919,24,6,67,0.026115342763873776,85,6,1,1,1,1,2,6
8165,-23.970000000001896,1055,23,5,74,0.021800947867298578,85,7,1,1,1,3,2,4
8166,35.13286681715453,886,24,6,74,0.02708803611738149,85,7,1,1,1,1,4,4
8167,-13.480000000001624,1003,23,5,75,0.022931206380857428,85,7,1,1,1,3,2,3
8168,56.831752305665056,759,24,6,66,0.03162055335968379,85,6,1,1,1,1,2,3
8169,-58.35000000000196,1271,23,5,72,0.01809598741148702,85,10,1,1,3,3,1,5
8170,-11.660000000001713,1053,23,5,73,0.02184235517568851,85,11,2,1,1,1,3,6
8171,-5.175392620626004,1057,24,6,73,0.02270577105014191,85,5,1,1,1,1,1,4
8172,20.439409190370437,914,24,6,73,0.0262582056892779,85,4,1,1,1,1,1,5
8173,-43.51000000000177,1120,23,5,68,0.020535714285714286,85,5,2,1,1,1,1,3
8174,129.47575447570247,391,24,6,54,0.061381074168797956,85,6,2,1,1,2,1,4
8175,79.5210574018121,662,24,6,69,0.03625377643504532,85,7,1,1,1,1,2,4
8176,65.86123359579878,762,24,6,73,0.031496062992125984,85,9,1,1,1,1,4,4
8177,-151.39000000000073,1708,23,5,76,0.013466042154566744,85,8,1,1,1,1,3,3
8178,-224.91423340960756,2185,24,6,72,0.010983981693363844,85,7,1,1,1,1,2,3
8179,127.43172949002162,451,24,6,65,0.05321507760532151,85,9,1,1,3,2,1,4
8180,-115.95000000000199,1499,23,5,72,0.015343562374916611,85,6,1,1,3,1,3,2
8181,27.658459869846435,922,24,6,71,0.026030368763557483,85,7,1,1,2,2,1,5
8182,-4.442152641880094,1022,24,6,70,0.023483365949119372,85,3,1,1,1,1,1,2
8183,5.651317122592559,987,24,6,71,0.0243161094224924,85,4,1,1,1,1,1,5
8184,-68.26706053975434,1371,24,6,70,0.0175054704595186,85,5,1,1,1,1,1,4
8185,82.49124293785498,708,24,6,71,0.03389830508474576,85,11,1,2,1,2,4,4
8186,-238.15561473590353,2253,24,6,76,0.010652463382157125,85,7,1,1,1,1,3,4
8187,-18.20000000000115,1023,23,5,67,0.022482893450635387,85,7,1,1,2,1,2,4
8188,-32.42000000000131,1050,23,5,69,0.021904761904761906,85,4,1,2,1,1,1,3
8189,77.38204545454371,704,24,6,72,0.03409090909090909,85,9,1,1,1,1,3,5
8190,-26.06000000000149,1035,23,5,73,0.022222222222222223,85,5,1,1,1,1,2,4
8191,16.525374077974995,949,24,6,74,0.02528977871443625,85,5,1,1,1,1,2,4
8192,143.03239766081805,342,24,6,62,0.07017543859649122,85,7,1,1,1,1,3,6
8193,28.326951871655982,935,24,6,74,0.025668449197860963,85,8,1,1,1,1,4,6
8194,47.617647058822016,850,24,6,66,0.02823529411764706,85,9,1,1,1,1,4,5
8195,-84.1500000000023,1310,23,5,72,0.017557251908396947,85,4,1,1,1,1,1,3
8196,-65.30469879518284,1328,24,6,74,0.018072289156626505,85,3,1,1,1,1,2,2
8197,97.3647987616091,646,24,6,65,0.03715170278637771,85,12,2,2,2,1,2,9
8198,-9.76220368744643,1139,24,6,71,0.021071115013169446,85,9,1,1,1,1,4,5
8199,-18.270000000001062,1007,23,5,64,0.022840119165839126,85,6,1,1,1,1,2,6
8200,-4.553660886321602,1038,24,6,71,0.023121387283236993,85,4,1,1,1,1,1,3
8201,-47.75000000000199,1188,23,5,72,0.01936026936026936,85,8,1,2,2,2,1,5
8202,131.19178010471194,382,24,6,53,0.06282722513089005,85,6,1,1,1,1,2,5
8203,34.8427395715877,887,24,6,73,0.02705749718151071,85,7,1,1,1,1,2,5
8204,115.92920502091947,478,24,6,64,0.0502092050209205,85,7,1,1,2,1,3,4
8205,-30.130000000000873,1039,23,5,70,0.02213666987487969,85,4,1,1,1,1,3,2
8206,-58.68000000000202,1199,23,5,75,0.019182652210175146,85,5,1,1,1,1,2,4
8207,-64.18000000000178,1166,22,4,76,0.018867924528301886,85,6,1,1,2,1,1,6
8208,88.18103059581182,621,24,6,74,0.03864734299516908,85,7,1,2,1,2,2,3
8209,68.953266475643,698,24,6,65,0.034383954154727794,85,6,2,1,1,2,1,4
8210,-51.970000000002116,1225,23,5,74,0.018775510204081632,85,9,2,2,1,1,1,7
8211,-48.1600000000009,1025,22,4,74,0.021463414634146343,85,2,1,1,1,1,2,2
8212,-38.62000000000177,1081,23,5,69,0.02127659574468085,85,4,1,1,1,1,3,3
8213,42.58468827929998,802,24,6,70,0.029925187032418952,85,4,1,1,1,1,1,4
8214,-41.79000000000164,1130,23,5,76,0.020353982300884955,85,6,1,1,1,1,1,6
8215,-464.3699157641225,3324,24,6,76,0.007220216606498195,85,3,1,1,2,1,1,3
8216,100.08793594305925,562,24,6,75,0.042704626334519574,85,7,1,1,1,1,3,5
8217,53.67626262626127,792,24,6,71,0.030303030303030304,85,7,1,1,2,2,1,4
8218,-17.600000000001945,1005,23,5,67,0.022885572139303482,85,6,1,1,1,1,4,3
8219,-25.45000000000166,1057,23,5,62,0.021759697256385997,85,7,1,1,1,1,2,7
8220,90.93949152542238,590,24,6,69,0.04067796610169491,85,6,1,1,1,2,2,2
8221,70.68850415512333,722,24,6,71,0.0332409972299169,85,8,1,2,1,1,2,7
8222,-107.64000000000289,1502,23,5,71,0.015312916111850865,85,9,1,1,1,1,3,5
8223,-16.796629318394935,1071,24,6,75,0.022408963585434174,85,2,1,1,1,1,1,3
8224,-43.57000000000176,1153,23,5,74,0.0199479618386817,85,7,1,1,1,1,3,6
8225,-62.84000000000205,1203,23,5,71,0.019118869492934332,85,4,1,1,2,1,1,4
8226,102.11148820326552,551,24,6,73,0.043557168784029036,85,7,1,1,3,1,1,3
8227,-93.98333333333579,1500,24,6,71,0.016,85,5,1,1,1,2,2,4
8228,-43.780000000000186,1165,23,5,65,0.019742489270386267,85,8,1,1,1,2,1,6
8229,93.92825311942832,561,24,6,71,0.0427807486631016,85,5,1,1,1,1,2,4
8230,35.152994350280544,885,24,6,72,0.02711864406779661,85,7,1,1,1,1,2,4
8231,-25.950000000001793,1004,23,5,72,0.022908366533864542,85,3,1,1,2,1,1,2
8232,-25.060000000001807,1060,23,5,73,0.02169811320754717,85,7,1,1,3,1,1,3
8233,0.9132835820881304,1072,24,6,74,0.022388059701492536,85,8,1,1,1,2,2,6
8234,85.33181229773314,618,24,6,69,0.038834951456310676,85,6,1,1,1,1,2,4
8235,54.10440860214915,744,24,6,69,0.03225806451612903,85,4,1,1,1,1,1,3
8236,-75.74000000000113,1177,22,4,72,0.018691588785046728,85,3,1,1,1,1,1,3
8237,101.65211703958586,581,24,6,68,0.04130808950086059,85,9,1,1,1,1,3,8
8238,-47.460000000001955,1172,23,5,73,0.01962457337883959,85,7,1,1,1,1,2,5
8239,37.819189511321014,839,24,6,66,0.028605482717520857,85,5,1,1,1,1,1,5
8240,-19.800000000001543,1016,23,5,67,0.022637795275590553,85,6,1,1,1,3,1,3
8241,11.671419878294499,986,24,6,69,0.02434077079107505,85,6,1,1,1,1,3,3
8242,-40.6400000000015,1122,23,5,71,0.020499108734402853,85,6,2,1,1,1,1,3
8243,38.75534025374751,867,24,6,72,0.02768166089965398,85,7,1,1,2,1,1,5
8244,10.637181136119597,933,24,6,73,0.02572347266881029,85,2,1,1,1,1,1,2
8245,-69.35000000000221,1266,23,5,72,0.018167456556082148,85,6,1,1,1,1,2,6
8246,-38.39000000000148,1098,23,5,76,0.020947176684881604,85,5,1,1,1,1,1,5
8247,-33.77000000000191,1119,23,5,74,0.020554066130473638,85,8,1,2,1,1,1,8
8248,-40.52000000000206,1250,24,6,76,0.0192,85,6,2,1,1,1,1,3
8249,46.01862396203937,843,24,6,66,0.028469750889679714,85,8,1,1,1,3,1,4
8250,18.009800399201982,1002,24,6,75,0.023952095808383235,85,9,2,2,1,1,2,5
8251,-65.77000000000231,1294,23,5,74,0.01777434312210201,85,9,1,1,1,1,3,7
8252,-62.81000000000182,1156,22,4,69,0.01903114186851211,85,6,1,2,1,1,1,4
8253,159.63670033670198,297,24,6,46,0.08080808080808081,85,10,1,1,3,1,2,7
8254,-34.580000000001846,1089,23,5,65,0.021120293847566574,85,6,1,1,1,1,1,6
8255,6.248619329386685,1014,24,6,71,0.023668639053254437,85,6,1,1,1,1,1,6
8256,-28.240000000001906,1075,23,5,71,0.021395348837209303,85,7,1,1,1,1,3,4
8257,122.11641025640947,390,24,6,70,0.06153846153846154,85,3,1,1,1,1,2,3
8258,-106.51416721527593,1519,24,6,74,0.015799868334430547,85,2,1,1,1,1,1,3
8259,-12.420000000000918,1055,23,5,69,0.021800947867298578,86,11,1,1,1,3,3,8
8260,145.83030030030125,333,24,6,73,0.07207207207207207,86,7,2,1,1,1,1,7
8261,17.767991360689617,926,24,6,70,0.02591792656587473,86,4,1,2,2,1,1,3
8262,124.6604147465428,434,24,6,63,0.055299539170506916,86,7,1,1,3,2,1,5
8263,23.54604453870435,943,24,6,72,0.02545068928950159,86,7,1,1,1,3,1,3
8264,134.39141649048636,473,24,6,58,0.0507399577167019,86,13,1,1,3,1,3,10
8265,94.88730496453803,564,24,6,55,0.0425531914893617,86,6,1,1,1,2,1,3
8266,-23.240000000001523,1000,22,4,62,0.022,86,9,1,1,2,1,1,9
8267,-50.750000000002004,1188,23,5,72,0.01936026936026936,86,7,1,1,1,2,1,7
8268,-4.1561913696077575,1066,24,6,71,0.0225140712945591,86,6,1,1,1,1,2,3
8269,-89.55000000000227,1397,23,5,72,0.0164638511095204,86,8,1,1,1,1,2,6
8270,-61.89000000000201,1196,23,5,66,0.019230769230769232,86,4,1,1,2,1,1,2
8271,-16.460000000001973,1092,23,5,73,0.021062271062271064,86,12,1,1,1,3,4,7
8272,81.88450867052084,692,24,6,62,0.03468208092485549,86,10,1,1,1,1,4,4
8273,133.12723865877987,507,24,6,53,0.047337278106508875,86,15,1,1,3,3,2,10
8274,-23.590000000001883,1004,22,4,67,0.021912350597609563,86,9,1,1,1,1,2,9
8275,68.73598540145827,685,24,6,67,0.035036496350364967,86,5,1,1,1,1,1,4
8276,28.653950103948088,962,24,6,71,0.02494802494802495,86,10,1,1,2,2,2,4
8277,-36.750000000000924,1073,23,5,72,0.021435228331780055,86,4,1,1,1,1,1,4
8278,32.159047619045865,840,24,6,72,0.02857142857142857,86,3,1,1,1,1,1,3
8279,-28.26000000000178,1046,23,5,73,0.02198852772466539,86,5,1,1,2,1,2,3
8280,-62.73000000000218,1232,23,5,70,0.018668831168831168,86,6,1,1,1,1,4,3
8281,16.07537407797494,949,24,6,69,0.02528977871443625,86,5,1,1,1,2,1,3
8282,-35.530000000000996,1126,23,5,70,0.020426287744227355,86,8,1,1,1,1,2,8
8283,-19.200000000001943,1013,23,5,67,0.022704837117472853,86,6,2,1,1,1,1,5
8284,55.72515644555507,799,24,6,76,0.030037546933667083,86,8,1,2,2,2,1,5
8285,116.10880715705667,503,24,6,55,0.04771371769383698,86,9,1,2,1,3,1,6
8286,30.44185682326429,894,24,6,73,0.026845637583892617,86,6,1,2,2,1,2,3
8287,-327.38999999999095,2573,23,5,76,0.008938981733385153,86,7,1,1,1,2,2,4
8288,-18.80000000000161,1026,23,5,67,0.022417153996101363,86,7,1,1,2,1,2,5
8289,-41.35000000000178,1141,23,5,72,0.020157756354075372,86,7,1,1,1,2,1,4
8290,-38.6073553719029,1210,24,6,75,0.019834710743801654,86,4,1,1,1,1,1,3
8291,-48.58000000000112,1159,23,5,65,0.01984469370146678,86,6,1,1,2,1,1,4
8292,-40.97000000000134,1110,23,5,74,0.02072072072072072,86,5,1,1,1,1,2,3
8293,55.5581215469597,724,24,6,74,0.03314917127071823,86,3,1,1,1,1,1,2
8294,-36.03000000000074,1038,22,4,71,0.02119460500963391,86,7,1,1,1,2,1,4
8295,-82.4800000000023,1318,23,5,75,0.017450682852807285,86,5,1,1,2,1,2,4
8296,44.83610340479027,793,24,6,75,0.03026481715006305,86,4,1,1,1,1,1,2
8297,146.59490028490163,351,24,6,55,0.06837606837606838,86,9,1,2,2,1,2,7
8298,-33.970000000001946,1120,23,5,74,0.020535714285714286,86,8,1,1,1,1,3,4
8299,-42.12000000000149,1068,22,4,70,0.020599250936329586,86,7,2,1,1,1,1,7
8300,-30.370000000001816,1087,23,5,74,0.021159153633854646,86,7,1,1,1,1,1,5
8301,106.25978021977926,455,24,6,72,0.05274725274725275,86,2,1,1,1,1,1,3
8302,28.022354145340884,977,24,6,64,0.02456499488229273,86,11,1,1,2,2,4,7
8303,-38.66000000000166,1033,22,4,64,0.021297192642787996,86,6,1,1,1,1,3,2
8304,-38.460000000001884,1127,23,5,73,0.02040816326530612,86,7,1,1,2,1,1,3
8305,-2.5768901303557,1074,24,6,73,0.0223463687150838,86,7,1,1,1,1,3,3
8306,21.85683760683572,936,24,6,71,0.02564102564102564,86,6,1,1,1,2,2,5
8307,63.779275766015395,718,24,6,52,0.033426183844011144,86,6,1,1,1,1,1,6
8308,-30.350000000001963,1101,23,5,72,0.02089009990917348,86,8,1,1,1,1,2,6
8309,-57.930000000002146,1238,23,5,70,0.018578352180936994,86,8,2,1,1,1,1,6
8310,23.36775862068776,928,24,6,70,0.02586206896551724,86,6,1,1,1,1,1,4
8311,134.9065329512889,349,24,6,54,0.06876790830945559,86,5,1,1,1,1,3,4
8312,-17.272816041849268,1147,24,6,72,0.020924149956408022,86,7,1,2,1,1,1,4
8313,-36.73000000000161,1117,23,5,70,0.020590868397493287,86,7,1,1,1,1,2,4
8314,108.65342359767777,517,24,6,70,0.04642166344294004,86,7,1,1,1,1,4,3
8315,-59.86000000000184,1219,23,5,73,0.018867924528301886,86,6,1,1,1,1,2,5
8316,30.33363636363575,880,24,6,74,0.02727272727272727,86,5,1,1,1,1,2,5
8317,80.3526533523522,701,24,6,65,0.034236804564907276,86,10,1,1,2,2,2,6
8318,-14.400000000001942,1034,23,5,67,0.022243713733075435,86,9,1,1,1,3,2,5
8319,80.37925373134163,670,24,6,63,0.03582089552238806,86,8,2,1,3,1,2,5
8320,-5.620000000001506,1051,23,5,69,0.021883920076117985,86,13,1,2,3,2,4,4
8321,31.859170305676415,916,24,6,71,0.026200873362445413,86,8,1,1,2,1,1,5
8322,109.73120458890942,523,24,6,62,0.045889101338432124,86,8,1,1,1,1,4,3
8323,152.42674846625812,326,24,6,64,0.0736196319018405,86,9,1,2,1,2,2,6
8324,7.114696969695074,1056,24,6,74,0.022727272727272728,86,9,1,1,1,2,2,5
8325,-50.33000000000176,1140,23,5,70,0.02017543859649123,86,4,1,1,2,1,1,2
8326,-114.00979530403667,1661,24,6,73,0.014449127031908489,86,9,2,2,1,1,1,5
8327,-33.550000000001795,1057,23,5,72,0.021759697256385997,86,4,1,1,1,1,1,3
8328,12.607181729832783,1029,24,6,75,0.023323615160349854,86,9,1,1,3,1,2,4
8329,24.234712041882823,955,24,6,73,0.025130890052356022,86,8,1,1,2,2,2,4
8330,170.2710344827592,232,24,6,52,0.10344827586206896,86,9,1,1,3,2,3,4
8331,-54.790000000001704,1210,23,5,76,0.019008264462809916,86,7,1,1,1,1,2,4
8332,-38.950000000001445,1129,23,5,72,0.02037201062887511,86,7,1,1,3,2,1,5
8333,-15.130000000001832,1024,23,5,70,0.0224609375,86,8,1,1,1,1,1,9
8334,26.144166666664713,960,24,6,72,0.025,86,9,1,1,2,1,2,5
8335,86.56513788098528,689,24,6,74,0.03483309143686502,86,11,1,1,2,1,2,10
8336,50.00836970474843,779,24,6,68,0.03080872913992298,86,5,1,1,1,3,1,4
8337,-32.930000000001755,1053,23,5,70,0.02184235517568851,86,4,1,1,1,1,1,5
8338,-15.860000000002046,1059,23,5,73,0.021718602455146365,86,10,1,1,2,3,3,6
8339,-17.69304347826265,1150,24,6,74,0.020869565217391306,86,7,1,1,1,1,2,7
8340,-13.510000000002067,1045,23,5,68,0.02200956937799043,86,10,1,1,2,2,4,6
8341,123.12193857965534,521,24,6,73,0.046065259117082535,86,12,1,2,2,2,4,5
8342,10.53920634920472,1008,24,6,72,0.023809523809523808,86,7,1,1,2,1,1,7
8343,63.107174211246885,729,24,6,69,0.03292181069958848,86,6,1,1,2,1,2,3
8344,-85.67000000000165,1273,22,4,75,0.01728201099764336,86,6,1,1,1,1,1,4
8345,60.11690355329753,788,24,6,67,0.030456852791878174,86,9,1,1,2,2,3,5
8346,43.92723329425432,853,24,6,65,0.02813599062133646,86,8,1,1,2,1,2,5
8347,56.08422360248291,805,24,6,60,0.02981366459627329,86,9,2,1,1,3,1,4
8348,4.4291080277486135,1009,24,6,73,0.023785926660059464,86,5,1,1,1,1,2,5
8349,28.460741971205117,903,24,6,71,0.026578073089700997,86,6,1,2,1,1,1,3
8350,-31.14000000000141,1044,22,4,72,0.0210727969348659,86,9,1,2,1,1,1,9
8351,-13.8000000000013,1016,23,5,67,0.022637795275590553,86,8,1,1,1,1,3,6
8352,-193.78999999999974,1860,23,5,76,0.012365591397849462,86,4,1,1,1,1,3,3
8353,47.258205128203294,780,24,6,73,0.03076923076923077,86,4,1,1,1,1,2,4
8354,62.40165450121617,822,24,6,68,0.029197080291970802,86,12,1,1,3,3,2,8
8355,-26.620000000001827,1051,23,5,69,0.021883920076117985,86,6,1,1,2,1,1,5
8356,34.15049723756753,905,24,6,72,0.026519337016574586,86,8,1,2,1,1,1,5
8357,-41.240000000001444,1095,23,5,71,0.021004566210045664,86,4,1,1,1,2,1,3
8358,-14.860000000001818,1009,23,5,73,0.022794846382556987,86,7,2,1,1,2,2,5
8359,84.00598540145818,685,24,6,70,0.035036496350364967,86,10,2,2,1,2,2,4
8360,-90.04000000000177,1309,23,5,71,0.01757066462948816,86,2,1,1,1,1,1,3
8361,23.037411385605225,931,24,6,73,0.02577873254564984,86,6,1,1,1,1,1,5
8362,167.49322580645224,248,24,6,57,0.0967741935483871,86,9,1,1,2,3,2,4
8363,89.15730496453776,564,24,6,58,0.0425531914893617,86,4,1,1,1,1,3,3
8364,-81.82000000000237,1312,23,5,69,0.01753048780487805,86,5,1,1,1,1,1,3
8365,-163.48000000000064,1738,23,5,75,0.013233601841196778,86,6,1,1,1,2,2,4
8366,100.94094017093909,585,24,6,69,0.041025641025641026,86,9,1,1,3,1,2,6
8367,-35.08000000000058,1016,22,4,66,0.021653543307086614,86,6,1,1,1,1,1,4
8368,-61.61366412213971,1310,24,6,75,0.0183206106870229,86,3,2,1,1,1,1,3
8369,-33.310000000001764,1084,23,5,68,0.021217712177121772,86,6,1,1,1,2,1,4
8370,-106.62902439024685,1640,24,6,75,0.014634146341463415,86,10,1,1,3,2,2,3
8371,101.14574692442996,569,24,6,69,0.0421792618629174,86,8,1,1,1,2,3,5
8372,99.08248175182364,548,24,6,66,0.043795620437956206,86,6,1,1,2,1,1,5
8373,105.22120724345966,497,24,6,54,0.0482897384305835,86,5,1,1,1,1,1,4
8374,49.72071895424666,765,24,6,67,0.03137254901960784,86,4,1,1,1,1,2,3
8375,-78.48821249102888,1393,24,6,72,0.01722900215362527,86,3,1,1,1,1,1,3
8376,-44.150000000001775,1185,23,5,72,0.019409282700421943,86,9,1,1,1,3,1,5
8377,-54.88000000000185,1150,23,5,75,0.02,86,3,1,1,1,1,1,3
8378,47.07578616352009,795,24,6,71,0.03018867924528302,86,5,1,2,1,1,1,4
8379,-52.06000000000125,1195,23,5,73,0.019246861924686193,86,7,1,1,2,1,2,3
8380,-224.77999999999696,1984,22,4,76,0.011088709677419355,86,7,1,1,1,3,1,3
8381,-35.530000000001934,1126,23,5,70,0.020426287744227355,86,8,1,1,1,2,1,8
8382,31.482739571587725,887,24,6,69,0.02705749718151071,86,6,1,1,3,1,2,3
8383,-35.770000000001545,1099,23,5,74,0.020928116469517744,86,6,1,1,1,1,1,7
8384,5.735510983761131,1047,24,6,72,0.022922636103151862,86,8,1,1,2,1,2,7
8385,92.75748031496244,635,24,6,56,0.03779527559055118,86,10,1,1,2,2,2,4
8386,16.14526315789316,950,24,6,72,0.02526315789473684,86,5,1,2,1,2,1,3
8387,58.79054830287021,766,24,6,70,0.031331592689295036,86,7,1,1,1,3,1,5
8388,-44.310000000001615,1094,23,5,68,0.02102376599634369,86,3,1,1,2,2,1,2
8389,-48.660000000001695,1118,23,5,73,0.020572450805008944,86,3,1,1,2,1,1,3
8390,131.09809523809437,420,24,6,70,0.05714285714285714,86,8,1,1,1,1,3,5
8391,-85.13000000000173,1374,23,5,70,0.016739446870451237,86,8,2,2,1,1,2,5
8392,-12.170000000001627,1026,23,5,74,0.022417153996101363,86,9,1,1,1,1,2,6
8393,17.81121457489681,988,24,6,75,0.024291497975708502,86,8,1,1,1,1,1,7
8394,-98.73573264781785,1556,24,6,76,0.015424164524421594,86,7,1,1,1,1,2,6
8395,-9.350000000001273,1041,23,5,72,0.022094140249759846,86,11,2,1,1,1,2,10
8396,25.52695906432598,855,24,6,65,0.028070175438596492,86,2,1,1,1,2,1,2
8397,-28.930000000001712,1033,23,5,70,0.022265246853823813,86,4,1,1,1,2,1,4
8398,116.87801980198029,505,24,6,68,0.047524752475247525,86,9,1,1,1,1,2,9
8399,-54.38000000000003,1022,21,3,67,0.02054794520547945,86,5,2,1,1,1,2,3
8400,8.486993210473369,1031,24,6,67,0.023278370514064017,86,8,1,2,1,2,1,4
8401,-46.8600000000017,1169,23,5,73,0.019674935842600515,86,7,1,2,1,1,1,6
8402,26.06111111110924,900,24,6,71,0.02666666666666667,86,5,1,1,1,1,1,5
8403,54.22953367875471,772,24,6,66,0.031088082901554404,86,6,1,1,2,1,1,3
8404,49.050378096479,767,24,6,64,0.03129074315514994,86,4,1,1,1,1,2,4
8405,-30.590000000001652,1059,23,5,76,0.021718602455146365,86,5,1,1,1,1,2,4
8406,-175.63845360824712,1940,24,6,75,0.012371134020618556,86,7,1,1,1,1,1,5
8407,-41.46000000000176,1112,23,5,73,0.02068345323741007,86,5,1,1,2,1,1,4
8408,75.08243902438878,656,24,6,73,0.036585365853658534,86,5,1,1,1,1,2,3
8409,-7.750000000001031,1018,23,5,72,0.022593320235756387,86,10,2,1,2,3,1,4
8410,-9.510000000002073,1010,23,5,68,0.02277227722772277,86,9,1,1,1,2,1,9
8411,-26.711971830987444,1136,24,6,76,0.02112676056338028,86,3,1,1,1,1,1,4
8412,-53.080000000001945,1171,23,5,75,0.01964133219470538,86,5,1,1,1,2,1,3
8413,86.34152658661957,583,24,6,69,0.0411663807890223,86,4,1,1,1,1,1,4
8414,-67.1700000000022,1271,23,5,74,0.01809598741148702,86,7,1,1,1,1,1,6
8415,-29.260000000001636,1066,23,5,73,0.021575984990619138,86,6,1,2,1,1,1,4
8416,109.52452006980855,573,24,6,71,0.041884816753926704,86,11,2,2,1,2,2,6
8417,-40.480000000001894,1138,23,5,75,0.020210896309314587,86,7,1,1,2,1,1,5
8418,76.46492753623077,690,24,6,64,0.034782608695652174,86,8,1,1,2,1,2,6
8419,30.238108108106132,925,24,6,73,0.025945945945945945,86,8,1,1,2,2,1,4
8420,60.504770889486444,742,24,6,69,0.03234501347708895,86,6,2,1,1,1,1,3
8421,147.2232551319643,341,24,6,73,0.07038123167155426,86,8,1,1,1,2,1,4
8422,-67.1300000000021,1269,23,5,70,0.018124507486209612,86,7,1,1,2,1,2,4
8423,-39.880000000001374,1105,23,5,75,0.02081447963800905,86,5,1,1,2,1,2,4
8424,-74.81652461425641,1361,24,6,75,0.01763409257898604,86,2,1,1,1,1,1,3
8425,55.190039011701636,769,24,6,70,0.031209362808842653,86,6,1,2,1,1,1,6
8426,22.923950103948915,962,24,6,74,0.02494802494802495,86,8,1,2,1,2,2,5
8427,-76.06000000000229,1300,23,5,73,0.01769230769230769,86,6,1,2,1,2,1,5
8428,60.20936610607832,773,24,6,68,0.031047865459249677,86,8,1,1,2,1,1,6
8429,58.43315579227506,751,24,6,66,0.03195739014647137,86,6,1,1,1,2,1,4
8430,54.232100396299444,757,24,6,66,0.031704095112285335,86,5,1,1,1,1,2,5
8431,59.16121212121041,825,24,6,72,0.02909090909090909,86,11,1,1,2,3,2,4
8432,-94.97000000000158,1335,23,5,74,0.017228464419475654,86,2,1,1,1,1,1,2
8433,-98.75000000000226,1383,23,5,72,0.016630513376717282,86,4,1,1,1,1,1,5
8434,-18.930000000001936,1013,23,5,70,0.022704837117472853,86,6,1,2,2,1,1,4
8435,40.122399020806725,817,24,6,76,0.02937576499388005,86,4,1,1,1,1,1,2
8436,-40.340000000000444,1030,22,4,72,0.021359223300970873,86,5,1,1,2,1,1,4
8437,108.24417475728045,515,24,6,61,0.04660194174757282,86,7,1,2,1,1,2,4
8438,-85.8800000000021,1335,23,5,75,0.017228464419475654,86,5,1,1,1,3,1,3
8439,-66.35000000000221,1266,23,5,72,0.018167456556082148,86,7,1,1,1,1,1,6
8440,32.50750881315925,851,24,6,67,0.0282021151586369,86,4,1,1,1,2,1,3
8441,-51.28000000000131,1252,23,5,75,0.018370607028753993,86,11,1,1,1,3,4,5
8442,14.297943192946127,1021,24,6,76,0.023506366307541625,86,9,1,1,3,2,2,6
8443,-73.0600000000019,1270,23,5,73,0.01811023622047244,86,5,1,1,2,1,3,3
8444,19.409009900988888,1010,24,6,75,0.023762376237623763,86,10,1,1,1,2,3,7
8445,-72.59000000000242,1344,23,5,76,0.01711309523809524,86,10,1,1,1,2,1,10
8446,106.25006802721036,588,24,6,68,0.04081632653061224,86,11,1,1,1,3,4,6
8447,-16.08000000000196,1076,23,5,75,0.02137546468401487,86,11,1,1,3,1,2,7
8448,-25.40000000000177,1014,23,5,67,0.022682445759368838,86,4,1,1,2,1,1,4
8449,96.30290519877518,654,24,6,71,0.03669724770642202,86,12,1,1,2,3,1,10
8450,-59.66000000000147,1293,23,5,73,0.017788089713843776,86,11,1,1,1,2,2,10
8451,38.57737089201689,852,24,6,70,0.028169014084507043,86,6,1,1,1,1,3,3
8452,70.48550135501264,738,24,6,71,0.032520325203252036,86,9,1,1,1,2,1,9
8453,100.1982531194284,561,24,6,74,0.0427807486631016,86,7,1,2,1,1,3,3
8454,-29.48000000000176,1053,23,5,75,0.02184235517568851,86,5,1,1,2,1,1,4
8455,9.694428706324633,1059,24,6,76,0.0226628895184136,86,10,1,2,3,2,2,4
8456,-31.62000000000164,1016,23,5,69,0.022637795275590553,86,2,1,1,1,1,1,2
8457,15.966951871655931,935,24,6,70,0.025668449197860963,86,4,1,1,1,1,1,3
8458,-25.53000000000187,1046,23,5,70,0.02198852772466539,86,6,1,1,1,1,3,3
8459,58.05970168612015,771,24,6,73,0.0311284046692607,86,7,2,2,1,1,1,5
8460,-25.970000000002056,1125,23,5,74,0.020444444444444446,86,11,1,1,1,2,3,9
8461,-42.88000000000141,1135,23,5,75,0.02026431718061674,86,6,1,1,1,1,2,5
8462,-28.860000000001836,1049,23,5,73,0.0219256434699714,86,5,2,2,1,1,1,3
8463,-26.915397631135406,1182,24,6,76,0.02030456852791878,86,6,1,1,1,1,1,7
8464,-17.600000000001863,1005,23,5,67,0.022885572139303482,86,6,1,1,1,1,1,5
8465,88.01233766233622,616,24,6,61,0.03896103896103896,86,7,1,2,1,1,1,4
8466,-49.501813917124124,1279,24,6,74,0.018764659890539485,86,5,2,1,2,2,1,3
8467,52.245628140701555,796,24,6,64,0.03015075376884422,86,7,1,2,1,1,1,5
8468,67.70315579227511,751,24,6,69,0.03195739014647137,86,9,1,2,2,1,1,8
8469,-131.9900000000028,1566,23,5,76,0.014687100893997445,86,5,2,1,2,1,1,3
8470,-44.080000000001625,1081,23,5,75,0.02127659574468085,86,2,1,1,1,1,1,3
8471,-69.41902767920737,1409,24,6,75,0.017033356990773598,86,7,1,1,2,2,1,5
8472,90.99207455429348,617,24,6,63,0.03889789303079417,86,8,1,1,1,1,2,5
8473,127.95923444976042,418,24,6,64,0.05741626794258373,86,7,1,1,2,1,2,6
8474,-119.53690851735251,1585,24,6,76,0.015141955835962145,86,2,1,1,1,1,2,2
8475,-161.2151152579586,1822,24,6,73,0.013172338090010977,86,4,1,1,1,1,1,3
8476,-28.582587412589298,1144,24,6,73,0.02097902097902098,86,3,1,1,1,1,2,2
8477,86.16152658661969,583,24,6,67,0.0411663807890223,86,4,1,1,1,2,2,2
8478,-11.311816578485093,1134,24,6,76,0.021164021164021163,86,8,1,1,2,2,2,4
8479,-76.28000000000202,1302,23,5,75,0.017665130568356373,86,6,2,1,1,1,1,4
8480,19.437066381154494,934,24,6,73,0.02569593147751606,86,5,1,1,1,1,1,3
8481,-35.64000000000179,1082,23,5,71,0.021256931608133085,86,5,1,1,1,1,1,6
8482,-6.730000000001933,1012,23,5,70,0.022727272727272728,86,10,1,1,1,2,4,6
8483,-76.91000000000206,1302,23,5,68,0.017665130568356373,86,6,1,1,1,2,1,6
8484,60.56690355329815,788,24,6,72,0.030456852791878174,86,9,1,1,1,2,2,5
8485,137.47598272138134,463,24,6,70,0.05183585313174946,86,13,2,1,3,2,4,6
8486,-9.860000000001897,1014,23,5,73,0.022682445759368838,86,9,1,1,1,3,2,4
8487,-41.970000000001896,1145,23,5,74,0.020087336244541485,86,7,1,1,1,2,1,4
8488,56.54422818791768,745,24,6,65,0.032214765100671144,86,5,1,1,1,1,2,3
8489,-28.660000000001517,1093,23,5,73,0.021043000914913082,86,8,1,1,1,3,1,7
8490,-23.00000000000182,1032,23,5,67,0.022286821705426358,86,6,1,1,2,1,1,3
8491,-20.860000000001865,1039,23,5,73,0.02213666987487969,86,7,1,1,3,1,1,4
8492,-123.94209612044287,1727,24,6,76,0.013896931094383324,86,10,1,1,1,1,3,9
8493,21.54330578512232,968,24,6,72,0.024793388429752067,86,8,1,1,2,3,1,3
8494,118.67964360586912,477,24,6,59,0.050314465408805034,86,8,1,1,1,1,2,8
8495,-75.17000000000182,1251,23,5,74,0.01838529176658673,86,3,1,1,1,1,2,3
8496,45.18210012209839,819,24,6,70,0.029304029304029304,86,6,2,1,1,1,2,4
8497,-36.040000000001676,1069,23,5,71,0.021515434985968196,86,4,1,1,1,1,1,4
8498,-142.74369369369475,1776,24,6,76,0.013513513513513514,86,7,1,1,1,3,2,3
8499,-30.27000000000193,1082,23,5,64,0.021256931608133085,86,7,1,1,1,1,1,5
8500,68.00184397163028,705,24,6,70,0.03404255319148936,86,6,1,1,1,1,1,6
8501,-15.990000000001897,1016,23,5,76,0.022637795275590553,86,7,1,1,1,2,1,6
8502,94.46975332068192,527,24,6,68,0.04554079696394687,86,3,1,1,1,1,1,4
8503,106.65115942028928,552,24,6,59,0.043478260869565216,86,9,1,2,1,1,2,8
8504,35.224810562570056,871,24,6,75,0.027554535017221583,86,6,1,1,1,3,2,3
8505,-60.26000000000203,1236,23,5,73,0.0186084142394822,86,7,1,1,1,2,1,4
8506,43.80820512820339,780,24,6,68,0.03076923076923077,86,3,1,1,1,1,1,2
8507,-26.460000000001575,1052,23,5,73,0.021863117870722433,86,6,1,2,2,1,1,5
8508,13.41362694300358,965,24,6,75,0.024870466321243522,86,5,2,1,1,1,1,4
8509,-69.19816091954056,1392,24,6,73,0.017241379310344827,86,6,1,1,3,1,2,3
8510,35.735207373270086,868,24,6,74,0.027649769585253458,86,6,1,1,1,1,2,3
8511,-33.73000000000119,1087,23,5,70,0.021159153633854646,86,6,1,1,3,2,1,3
8512,-82.35000000000244,1346,23,5,72,0.017087667161961365,86,7,1,1,1,1,1,5
8513,96.07750418760355,597,24,6,75,0.04020100502512563,86,8,1,1,3,1,1,7
8514,15.032986611738547,971,24,6,73,0.024716786817713696,86,6,1,1,1,1,2,3
8515,16.762459016391514,976,24,6,70,0.02459016393442623,86,7,1,1,1,2,1,5
8516,41.5753402537472,867,24,6,70,0.02768166089965398,86,8,1,1,2,1,2,7
8517,-34.46000000000078,1107,23,5,73,0.02077687443541102,86,7,1,1,2,1,3,4
8518,4.098814229247372,1012,24,6,76,0.023715415019762844,86,5,1,1,1,1,2,3
8519,-247.25999999999658,2126,23,5,73,0.010818438381937912,86,4,1,1,1,1,1,4
8520,-1.908003679854577,1087,24,6,76,0.02207911683532659,86,8,1,1,1,1,3,6
8521,67.46384615384478,650,24,6,75,0.036923076923076927,86,2,1,1,1,1,2,2
8522,-83.11160054719767,1462,24,6,74,0.016415868673050615,86,6,1,1,1,2,2,4
8523,-43.79000000000063,1095,23,5,76,0.021004566210045664,86,3,1,1,1,1,1,2
8524,15.048522167485682,1015,24,6,71,0.023645320197044337,86,9,1,1,2,1,2,6
8525,32.52593220338787,944,24,6,74,0.025423728813559324,86,10,1,2,2,3,3,3
8526,-55.75000000000207,1243,23,5,72,0.01850362027353178,86,9,1,1,1,1,4,5
8527,54.74690355329753,788,24,6,74,0.030456852791878174,86,7,1,2,3,1,1,5
8528,-17.81000000000153,1002,23,5,58,0.022954091816367265,86,6,1,1,1,1,1,4
8529,155.51055900621256,322,24,6,56,0.07453416149068323,86,10,1,1,2,2,3,5
8530,-66.460000000002,1222,23,5,73,0.018821603927986905,86,4,1,1,2,1,1,2
8531,-52.39000000000161,1153,23,5,76,0.0199479618386817,86,4,1,1,1,1,2,3
8532,52.0773885350301,785,24,6,71,0.030573248407643312,86,6,1,1,1,2,2,5
8533,-32.24000000000155,1095,23,5,71,0.021004566210045664,86,7,1,1,2,1,3,5
8534,112.36222222222162,450,24,6,62,0.05333333333333334,86,4,1,1,1,1,1,4
8535,-13.780000000001989,1015,23,5,65,0.022660098522167486,86,8,1,2,2,1,4,2
8536,78.74306151645042,699,24,6,76,0.034334763948497854,86,9,1,1,2,1,3,5
8537,108.77576131687132,486,24,6,69,0.04938271604938271,86,5,1,1,1,1,2,3
8538,-14.339173478657301,1101,24,6,69,0.021798365122615803,86,5,1,1,1,1,1,4
8539,-60.440000000001675,1191,23,5,71,0.019311502938706968,86,4,1,1,1,1,2,3
8540,-14.000000000001958,1002,23,5,67,0.022954091816367265,86,7,1,2,2,1,1,4
8541,-238.75625546806256,2286,24,6,76,0.010498687664041995,86,9,1,2,2,1,2,4
8542,-182.37000000000074,1847,23,5,74,0.01245262587980509,86,7,1,1,1,1,1,5
8543,64.17793103448102,725,24,6,72,0.03310344827586207,86,6,1,1,2,1,2,4
8544,31.43537407797495,949,24,6,73,0.02528977871443625,86,10,1,2,2,1,1,7
8545,-208.242107279691,2088,24,6,75,0.011494252873563218,86,6,1,1,2,2,1,3
8546,104.00636684303461,567,24,6,63,0.042328042328042326,86,9,1,1,1,1,3,7
8547,-39.97000000000162,1045,23,5,74,0.02200956937799043,86,1,1,1,1,1,1,2
8548,160.86167938931408,262,24,6,48,0.0916030534351145,86,8,1,1,1,1,4,5
8549,-49.87000000000146,1049,22,4,75,0.020972354623450904,86,3,1,1,1,1,1,4
8550,-21.17000000000203,1071,23,5,74,0.021475256769374416,86,9,1,1,1,2,3,6
8551,66.67025245441626,713,24,6,73,0.033660589060308554,86,6,1,1,1,1,2,3
8552,-24.098500407499664,1227,24,6,74,0.019559902200488997,86,10,1,1,1,2,3,6
8553,35.62918951132146,839,24,6,75,0.028605482717520857,86,4,1,2,1,1,1,3
8554,93.93064846416448,586,24,6,60,0.040955631399317405,86,7,1,1,2,1,3,3
8555,-23.71000000000189,1036,23,5,68,0.0222007722007722,86,6,1,1,1,1,1,4
8556,-20.24000000000189,1005,23,5,71,0.022885572139303482,86,5,1,1,1,1,2,5
8557,36.99441647597056,874,24,6,68,0.02745995423340961,86,7,1,1,3,1,3,4
8558,-16.570000000002,1033,23,5,74,0.022265246853823813,86,8,1,1,3,1,1,4
8559,109.67011406844023,526,24,6,68,0.045627376425855515,86,8,1,1,1,2,2,6
8560,70.29104372355285,709,24,6,71,0.03385049365303244,86,7,1,1,2,2,2,3
8561,-13.950000000001811,1049,23,5,72,0.0219256434699714,86,10,1,1,1,2,2,9
8562,11.269700897306349,1003,24,6,69,0.023928215353938187,86,7,1,1,1,1,3,4
8563,3.2645179584103428,1058,24,6,69,0.022684310018903593,86,8,2,1,1,1,2,4
8564,21.980603621728296,994,24,6,68,0.02414486921529175,86,10,1,2,2,1,2,8
8565,110.56796992481087,532,24,6,58,0.045112781954887216,86,9,1,1,1,1,4,6
8566,-21.3300000000019,1010,23,5,70,0.02277227722772277,86,5,1,1,2,1,1,3
8567,110.24050541516118,554,24,6,70,0.04332129963898917,86,10,1,1,2,1,3,5
8568,-95.45000000000206,1306,22,4,73,0.016845329249617153,86,5,1,1,1,1,2,4
8569,112.82685039370034,508,24,6,63,0.047244094488188976,86,8,2,2,1,1,2,3
8570,-92.44000000000246,1366,23,5,71,0.01683748169838946,86,5,1,1,3,1,2,3
8571,-26.8200000000019,1052,23,5,69,0.021863117870722433,86,6,1,1,3,1,2,3
8572,-227.36999999999796,2012,23,5,74,0.01143141153081511,86,3,1,1,1,1,1,2
8573,65.62903129657072,671,24,6,68,0.03576751117734724,86,3,1,1,1,2,1,3
8574,-64.86000000000203,1289,23,5,73,0.017843289371605897,86,9,1,1,1,2,3,4
8575,29.825207373270132,868,24,6,75,0.027649769585253458,86,4,1,1,1,1,1,5
8576,-40.13000000000171,1074,23,5,70,0.021415270018621976,86,3,1,1,1,1,1,3
8577,-26.691894273128554,1135,24,6,74,0.021145374449339206,86,3,1,1,1,2,1,2
8578,-20.79000000000162,1040,23,5,76,0.022115384615384617,86,7,1,1,1,2,1,7
8579,-35.28000000000179,1082,23,5,75,0.021256931608133085,86,5,1,1,1,1,2,5
8580,131.11866348448643,419,24,6,68,0.057279236276849645,86,8,1,1,3,1,1,4
8581,-49.950000000002,1184,23,5,72,0.019425675675675675,86,7,1,1,1,1,3,3
8582,-49.390000000001876,1153,23,5,76,0.0199479618386817,86,5,1,1,1,1,2,3
8583,116.08242914979643,494,24,6,68,0.048582995951417005,86,8,1,1,1,2,2,6
8584,-33.350000000000854,1071,23,5,72,0.021475256769374416,86,5,1,1,1,1,1,6
8585,77.82285714285572,700,24,6,68,0.03428571428571429,86,9,1,2,1,1,3,4
8586,-48.46000000000035,1147,23,5,73,0.02005231037489102,86,5,2,1,1,1,1,3
8587,57.67468827929976,802,24,6,71,0.029925187032418952,86,9,1,1,1,1,3,8
8588,69.00285714285548,700,24,6,70,0.03428571428571429,86,6,1,1,1,1,1,7
8589,49.15804097310997,781,24,6,63,0.030729833546734954,86,5,1,1,2,1,1,5
8590,-53.240000000001274,1170,23,5,71,0.019658119658119658,86,5,1,2,1,1,1,4
8591,14.212459016391879,976,24,6,75,0.02459016393442623,86,6,1,1,1,1,1,7
8592,26.676269925609027,941,24,6,69,0.025504782146652496,86,8,1,1,1,1,1,5
8593,-110.57000000000258,1473,23,5,74,0.015614392396469789,86,6,1,1,1,1,1,5
8594,40.18515644555516,799,24,6,70,0.030037546933667083,86,3,1,1,1,2,1,3
8595,-29.240000000001704,1095,23,5,71,0.021004566210045664,86,8,1,1,2,2,2,5
8596,-43.62000000000102,1151,23,5,69,0.01998262380538662,86,7,1,2,1,2,1,4
8597,-103.06000000000299,1540,23,5,73,0.014935064935064935,86,13,2,2,3,1,3,6
8598,-17.680000000001986,1024,23,5,75,0.0224609375,86,7,1,2,1,2,1,5
8599,-18.558508691675584,1093,24,6,71,0.021957913998170174,86,3,1,1,1,1,1,4
8600,-25.280000000001802,1032,23,5,75,0.022286821705426358,86,5,2,1,1,1,1,4
8601,96.06863406408009,593,24,6,66,0.04047217537942664,86,8,2,1,1,1,2,5
8602,34.04415525114048,876,24,6,73,0.0273972602739726,86,6,1,1,1,1,2,4
8603,35.97173184357341,895,24,6,70,0.026815642458100558,86,8,2,1,1,1,2,7
8604,-29.22000000000179,1094,23,5,69,0.02102376599634369,86,8,1,1,1,2,1,6
8605,85.95286644951108,614,24,6,67,0.03908794788273615,86,6,1,1,1,1,2,5
8606,-24.79000000000186,1060,23,5,76,0.02169811320754717,86,7,1,1,1,1,2,5
8607,0.6044287063250362,1059,24,6,75,0.0226628895184136,86,7,1,1,1,1,2,4
8608,-59.59000000000199,1219,23,5,76,0.018867924528301886,86,6,1,2,1,2,1,4
8609,105.55281535649067,547,24,6,69,0.043875685557586835,86,8,2,1,2,1,1,6
8610,-34.87803278688732,1220,24,6,72,0.019672131147540985,86,6,2,1,1,1,1,5
8611,-41.0400000000018,1124,23,5,71,0.020462633451957295,86,6,1,1,1,1,4,3
8612,47.02668611435031,857,24,6,75,0.028004667444574097,86,9,1,1,3,2,2,6
8613,-27.260000000001998,1131,23,5,73,0.020335985853227233,86,11,1,1,1,1,3,10
8614,39.103895216399174,878,24,6,67,0.02733485193621868,86,8,1,1,1,1,2,4
8615,30.925042016804607,952,24,6,74,0.025210084033613446,86,10,2,1,3,1,2,4
8616,42.6640250855168,877,24,6,71,0.027366020524515394,86,9,1,1,2,1,2,5
8617,-27.06000000000183,1025,23,5,73,0.0224390243902439,86,4,1,1,1,1,1,5
8618,-28.111347517732078,1128,24,6,76,0.02127659574468085,86,2,1,1,1,3,1,1
8619,90.99207455429419,617,24,6,63,0.03889789303079417,86,8,2,1,2,1,1,5
8620,91.84484288354784,541,24,6,70,0.04436229205175601,86,3,1,1,1,1,1,3
8621,108.00305019304906,518,24,6,65,0.04633204633204633,86,7,1,1,2,2,2,3
8622,-49.59000000000108,1044,22,4,67,0.0210727969348659,86,3,1,1,3,1,1,2
8623,-106.9500000000022,1379,23,5,72,0.016678752719361856,86,1,1,1,1,1,1,2
8624,34.70494252873399,870,24,6,67,0.027586206896551724,86,6,1,1,1,1,2,5
8625,-12.620000000000303,1011,23,5,69,0.02274975272007913,86,8,1,1,2,2,1,5
8626,-11.55000000000068,1037,23,5,72,0.022179363548698167,86,10,1,1,2,1,2,6
8627,133.61773195876245,388,24,6,60,0.061855670103092786,86,7,1,1,3,1,1,4
8628,-153.4334708875076,1769,24,6,75,0.013566986998304126,86,3,1,1,1,1,1,3
8629,47.88976047904293,835,24,6,69,0.02874251497005988,86,8,1,1,1,3,1,5
8630,-77.5700000000018,1263,23,5,74,0.018210609659540775,86,3,1,1,1,1,1,3
8631,11.699601593623573,1004,24,6,76,0.02390438247011952,86,7,1,1,1,1,2,5
8632,-75.39000000000087,1268,23,5,76,0.018138801261829655,86,4,1,2,1,1,1,3
8633,102.91920473773128,591,24,6,71,0.04060913705583756,86,10,2,1,3,3,1,4
8634,-28.990000000001718,1036,23,5,76,0.0222007722007722,86,4,1,1,1,1,1,3
8635,-13.560000000001965,1013,23,5,63,0.022704837117472853,86,8,1,1,1,3,1,5
8636,9.813305785122358,968,24,6,75,0.024793388429752067,86,4,2,1,1,1,1,3
8637,28.62061946902473,904,24,6,75,0.02654867256637168,86,6,2,1,1,1,2,5
8638,69.67970059880079,668,24,6,73,0.03592814371257485,86,4,1,1,1,1,2,3
8639,88.6626016260148,615,24,6,66,0.03902439024390244,86,7,1,1,2,2,1,4
8640,42.38936610607853,773,24,6,70,0.031047865459249677,86,2,1,1,1,1,1,3
8641,34.36062726176023,829,24,6,72,0.028950542822677925,86,3,1,1,1,2,1,2
8642,-22.730000000001418,1047,23,5,70,0.021967526265520534,86,7,1,1,2,1,2,4
8643,129.8997802197793,455,24,6,68,0.05274725274725275,86,10,1,1,1,3,3,4
8644,-11.776976744187598,1075,24,6,73,0.022325581395348838,86,4,1,1,1,1,1,3
8645,18.786951871656193,935,24,6,68,0.025668449197860963,86,5,1,1,1,1,1,4
8646,-36.040000000001754,1084,23,5,71,0.021217712177121772,86,5,1,1,1,1,1,3
8647,103.78574692442746,569,24,6,65,0.0421792618629174,86,9,1,2,1,1,3,3
8648,38.12917030567547,916,24,6,74,0.026200873362445413,86,10,1,1,2,2,2,4
8649,-241.76999999999703,2144,23,5,74,0.010727611940298507,86,7,2,1,3,1,1,3
8650,-13.640000000002177,1077,23,5,71,0.02135561745589601,86,12,1,2,2,3,1,8
8651,-37.49589571068325,1189,24,6,74,0.020185029436501262,86,3,1,1,2,2,1,2
8652,-23.440000000001803,1006,23,5,71,0.02286282306163022,86,4,1,2,1,1,1,3
8653,-0.08583804143284723,1062,24,6,74,0.022598870056497175,86,7,1,1,1,1,1,6
8654,-23.85000000000185,1004,23,5,62,0.022908366533864542,86,4,2,1,1,1,1,3
8655,30.17376564277491,879,24,6,70,0.027303754266211604,86,5,1,1,1,1,1,3
8656,-60.39000000000205,1208,23,5,76,0.01903973509933775,86,5,1,1,1,1,1,6
8657,-17.090000000001787,1047,23,5,66,0.021967526265520534,86,9,1,1,1,1,3,7
8658,65.88679890560749,731,24,6,71,0.03283173734610123,86,7,1,1,1,1,1,8
8659,-57.330000000001704,1190,23,5,70,0.019327731092436976,86,5,1,1,1,3,2,2
8660,52.513868808565746,747,24,6,58,0.0321285140562249,86,4,1,1,1,1,1,3
8661,57.061406044676204,761,24,6,73,0.03153745072273324,86,6,1,1,2,1,1,4
8662,-28.00680532446125,1202,24,6,75,0.019966722129783693,86,7,2,1,1,1,1,5
8663,-129.94054696789664,1682,24,6,76,0.014268727705112961,86,5,1,1,1,3,1,3
8664,-42.5700000000018,1118,23,5,74,0.020572450805008944,86,5,1,1,1,1,2,3
8665,105.279393939393,528,24,6,57,0.045454545454545456,86,7,2,1,1,1,2,4
8666,-25.64000000000171,1047,23,5,71,0.021967526265520534,86,6,1,2,1,1,1,3
8667,-67.66000000000204,1228,23,5,73,0.018729641693811076,86,4,1,1,1,1,1,5
8668,-259.9899999999962,2221,23,5,76,0.010355695632597929,86,6,1,1,3,1,1,4
8669,129.07839793281585,387,24,6,74,0.06201550387596899,86,5,1,1,1,1,1,4
8670,107.4678649237463,459,24,6,61,0.05228758169934641,86,3,1,1,1,1,1,4
8671,45.06764705882204,850,24,6,71,0.02823529411764706,86,8,1,2,2,1,1,5
8672,-76.96000000000231,1289,22,4,74,0.017067494181536073,86,10,1,1,1,1,2,10
8673,-167.55000000000172,1802,23,5,72,0.012763596004439512,86,9,1,1,2,1,1,5
8674,36.315473441106604,866,24,6,76,0.02771362586605081,86,6,1,1,1,2,2,3
8675,-36.31000000000189,1099,23,5,68,0.020928116469517744,86,6,1,1,1,1,1,7
8676,-44.46000000000147,1187,23,5,73,0.019376579612468407,86,9,1,1,2,2,2,5
8677,13.502040816324648,980,24,6,76,0.024489795918367346,86,6,1,1,2,1,1,4
8678,40.260619469024405,904,24,6,71,0.02654867256637168,86,10,1,1,3,3,2,4
8679,-19.440000000001987,1031,23,5,71,0.02230843840931135,86,7,1,1,2,2,1,3
8680,126.284931773879,513,24,6,57,0.04678362573099415,86,13,1,1,3,2,4,8
8681,-9.400000000001766,1009,23,5,67,0.022794846382556987,86,9,1,1,1,3,3,6
8682,-19.000000000001446,1027,23,5,67,0.022395326192794548,86,7,2,1,1,1,2,4
8683,109.60583747927046,603,24,6,72,0.03980099502487562,86,13,2,1,1,3,4,8
8684,-28.550000000001745,1062,23,5,72,0.021657250470809793,86,6,1,1,2,1,1,5
8685,17.161112234578418,989,24,6,70,0.024266936299292215,86,8,2,2,3,1,1,4
8686,-22.690000000001863,1015,23,5,66,0.022660098522167486,86,5,1,1,2,1,1,3
8687,58.57020833333149,768,24,6,72,0.03125,86,7,1,1,1,1,1,5
8688,-13.570000000001157,1063,23,5,74,0.021636876763875823,86,11,1,1,3,1,4,7
8689,-37.318962722854224,1234,24,6,76,0.019448946515397084,86,6,2,1,1,1,1,4
8690,-62.68000000000078,1249,23,5,75,0.018414731785428344,86,7,1,1,1,2,1,3
8691,71.7629051987752,654,24,6,65,0.03669724770642202,86,4,1,1,2,1,2,2
8692,-120.06000000000174,1460,23,5,73,0.015753424657534248,86,2,1,1,1,1,1,3
8693,84.03129032257986,620,24,6,59,0.03870967741935484,86,6,1,1,1,2,1,6
8694,35.99376564277391,879,24,6,68,0.027303754266211604,86,7,1,1,3,1,1,4
8695,-75.4800000000021,1298,23,5,75,0.017719568567026195,86,6,1,1,1,1,1,6
8696,-6.535838041432704,1062,24,6,69,0.022598870056497175,86,5,1,1,1,1,2,5
8697,-19.310000000001896,1059,23,5,68,0.021718602455146365,86,9,1,1,3,2,2,3
8698,-39.660000000001716,1103,23,5,73,0.02085222121486854,86,5,1,1,1,1,2,4
8699,-45.77000000000176,1134,23,5,74,0.020282186948853614,86,5,1,1,1,1,1,3
8700,-263.87999999999624,2315,23,5,75,0.009935205183585313,86,11,2,2,1,1,4,4
8701,28.842739571588524,887,24,6,73,0.02705749718151071,86,5,1,1,1,1,1,4
8702,-33.63000000000109,1011,22,4,71,0.021760633036597428,86,6,1,1,1,1,2,4
8703,-23.170000000000883,1051,23,5,74,0.021883920076117985,86,7,2,1,1,1,1,6
8704,64.63605442176706,735,24,6,66,0.0326530612244898,86,7,1,1,2,1,2,5
8705,57.841926121370726,758,24,6,75,0.0316622691292876,86,6,1,1,1,1,2,4
8706,-9.120000000002117,1049,23,5,59,0.0219256434699714,86,12,2,1,3,1,3,8
8707,32.99778563015122,849,24,6,68,0.028268551236749116,86,4,1,1,1,1,1,3
8708,16.740806451611196,992,24,6,72,0.024193548387096774,86,8,2,1,3,1,1,4
8709,-31.930000000001677,1093,23,5,70,0.021043000914913082,86,7,1,1,2,1,1,6
8710,17.94460251045882,956,24,6,72,0.02510460251046025,86,6,1,1,1,1,2,5
8711,-47.99000000000165,1066,22,4,67,0.020637898686679174,86,5,1,1,1,1,1,4
8712,-22.080000000001956,1046,23,5,75,0.02198852772466539,86,7,1,1,1,1,1,7
8713,39.456414435388,859,24,6,62,0.027939464493597205,86,7,1,1,1,1,1,5
8714,-33.42000000000162,1040,23,5,69,0.022115384615384617,86,3,1,1,1,1,2,2
8715,69.92812154696027,724,24,6,67,0.03314917127071823,86,8,1,1,2,1,2,4
8716,-118.19000000000274,1482,23,5,76,0.0155195681511471,86,4,1,1,1,1,1,3
8717,22.305152471081378,951,24,6,76,0.025236593059936908,86,7,1,1,1,1,2,4
8718,48.33764705882165,850,24,6,74,0.02823529411764706,86,9,1,1,3,1,1,7
8719,-116.86000000000287,1504,23,5,73,0.015292553191489361,86,6,1,1,1,1,2,4
8720,-35.0300000000007,1003,22,4,71,0.02193419740777667,86,5,1,1,1,2,1,4
8721,126.68624434389044,442,24,6,70,0.05429864253393665,86,8,1,1,1,1,3,4
8722,61.713456790121505,810,24,6,67,0.02962962962962963,86,11,1,2,2,1,2,6
8723,26.54604453870428,943,24,6,72,0.02545068928950159,86,8,1,1,3,1,1,5
8724,-16.97000000000166,1005,23,5,74,0.022885572139303482,86,6,1,1,1,1,1,4
8725,-40.26000000000171,1121,23,5,73,0.020517395182872437,86,6,1,1,1,1,2,5
8726,-18.200000000002007,1023,23,5,67,0.022482893450635387,86,7,2,1,1,1,1,4
8727,-52.480000000001866,1168,23,5,75,0.019691780821917807,86,5,1,1,1,1,2,3
8728,102.92361111110998,576,24,6,71,0.041666666666666664,86,9,2,1,3,1,2,6
8729,-20.62000000000186,1021,23,5,69,0.022526934378060724,86,6,1,1,1,1,1,5
8730,35.869617224878716,836,24,6,71,0.028708133971291867,86,4,1,1,1,1,1,5
8731,-226.6434883720893,2150,24,6,75,0.011162790697674419,86,4,1,1,2,1,1,3
8732,72.93409221901852,694,24,6,67,0.0345821325648415,86,7,1,1,3,1,2,5
8733,-52.790000000002095,1215,23,5,76,0.018930041152263374,86,8,1,1,1,2,2,3
8734,-32.26000000000127,1036,23,5,73,0.0222007722007722,86,3,1,1,1,1,2,3
8735,-17.510000000001973,1020,23,5,68,0.022549019607843137,86,7,1,1,1,2,2,3
8736,58.11771392081549,783,24,6,67,0.03065134099616858,86,8,1,1,2,2,2,3
8737,-59.706470588237764,1360,24,6,74,0.01764705882352941,86,7,1,1,1,1,1,8
8738,100.0182531194284,561,24,6,72,0.0427807486631016,86,7,1,1,1,1,1,8
8739,121.34978021977925,455,24,6,73,0.05274725274725275,86,7,1,1,3,2,1,3
8740,62.77641288433216,683,24,6,63,0.03513909224011713,86,3,1,1,1,1,1,3
8741,-24.060000000001494,1010,23,5,73,0.02277227722772277,86,4,2,1,1,1,2,2
8742,-20.860000000001918,1039,23,5,73,0.02213666987487969,86,7,2,1,1,1,2,5
8743,77.13290519877619,654,24,6,58,0.03669724770642202,86,6,1,1,1,1,1,4
8744,-14.440000000001824,1051,23,5,71,0.021883920076117985,86,10,1,1,2,2,3,5
8745,-70.77000000000149,1043,20,2,67,0.019175455417066157,86,6,1,2,2,1,1,3
8746,-48.240000000001935,1175,23,5,71,0.01957446808510638,86,7,1,1,2,1,1,5
8747,120.82493177387846,513,24,6,63,0.04678362573099415,86,11,1,1,2,1,2,9
8748,-45.52000000000137,1010,22,4,70,0.02178217821782178,86,2,1,1,1,1,1,3
8749,-52.1700000000019,1166,23,5,74,0.01972555746140652,86,5,1,1,1,1,1,4
8750,61.32037809647789,767,24,6,67,0.03129074315514994,86,8,1,1,2,1,2,6
8751,-116.68000000000278,1489,23,5,75,0.01544660846205507,86,5,1,1,1,1,2,3
8752,97.12857142857014,560,24,6,71,0.04285714285714286,86,6,1,1,1,2,2,3
8753,31.92729613733742,932,24,6,74,0.02575107296137339,86,9,1,1,1,2,3,4
8754,-128.33972272453477,1659,24,6,76,0.014466546112115732,86,4,1,1,1,1,2,3
8755,52.73862396203826,843,24,6,74,0.028469750889679714,86,10,1,1,2,2,2,5
8756,-21.46000000000199,1057,23,5,73,0.021759697256385997,86,8,1,2,2,1,1,6
8757,43.91655011654806,858,24,6,76,0.027972027972027972,86,8,1,1,3,2,2,3
8758,-5.310000000002032,1019,23,5,68,0.022571148184494603,86,11,2,1,3,1,2,5
8759,14.980100100098312,999,24,6,68,0.024024024024024024,86,8,1,1,1,2,1,6
8760,-4.995392620626147,1057,24,6,75,0.02270577105014191,86,5,1,2,1,1,1,3
8761,-30.28000000000161,1072,23,5,75,0.021455223880597014,86,6,1,1,2,1,1,5
8762,-215.95395948434367,2172,24,6,76,0.011049723756906077,86,9,2,1,2,1,1,6
8763,134.9903846153837,416,24,6,71,0.057692307692307696,86,9,1,1,1,1,3,5
8764,-16.08000000000181,1001,23,5,75,0.022977022977022976,86,6,1,1,1,3,2,4
8765,67.20727540500576,679,24,6,70,0.035346097201767304,86,4,1,1,1,1,3,3
8766,-70.86000000000195,1349,23,5,73,0.01704966641957005,86,11,1,1,3,2,2,5
8767,-18.180000000001463,1067,23,5,65,0.02155576382380506,86,10,1,1,2,3,2,5
8768,-59.08000000000201,1231,23,5,75,0.01868399675060926,86,7,1,1,1,1,1,8
8769,31.93668611435058,857,24,6,74,0.028004667444574097,86,4,1,1,1,1,2,3
8770,-52.20000000000182,1193,23,5,67,0.019279128248113998,86,7,1,1,3,1,2,3
8771,130.07978021977922,455,24,6,70,0.05274725274725275,86,10,1,2,1,2,1,6
8772,-47.750000000000924,1113,23,5,72,0.020664869721473494,86,3,1,1,1,1,2,2
8773,-47.08000000000204,1201,23,5,75,0.019150707743547043,86,9,1,1,2,2,2,4
8774,3.717276264589925,1028,24,6,74,0.023346303501945526,86,6,1,1,1,2,1,4
8775,-19.18000000000038,1027,23,5,65,0.022395326192794548,86,7,1,1,2,1,3,5
8776,5.103950103948451,962,24,6,76,0.02494802494802495,86,2,1,1,1,1,1,3
8777,28.33235955055998,890,24,6,74,0.02696629213483146,86,5,1,1,2,3,1,3
8778,-25.090000000001776,1027,23,5,66,0.022395326192794548,86,5,1,2,1,1,1,3
8779,-23.04000000000188,1019,23,5,71,0.022571148184494603,86,5,1,2,1,1,2,3
8780,67.19531799729235,739,24,6,70,0.03247631935047361,86,8,1,1,1,1,2,5
8781,46.33049723756699,905,24,6,74,0.026519337016574586,86,12,1,2,1,3,4,5
8782,91.88006802720956,588,24,6,75,0.04081632653061224,86,6,1,1,1,1,1,4
8783,-24.500000000001872,1024,22,4,68,0.021484375,86,10,1,2,1,2,3,5
8784,-58.39000000000194,1213,23,5,76,0.018961253091508656,86,6,1,1,1,1,2,4
8785,95.73880715705651,503,24,6,62,0.04771371769383698,86,2,1,1,1,1,2,2
8786,127.94000000000146,400,24,6,57,0.06,86,6,1,1,1,1,3,3
8787,-46.77000000000189,1154,23,5,74,0.01993067590987868,86,6,1,1,3,1,2,3
8788,14.3241666666648,960,24,6,74,0.025,86,5,1,1,1,1,1,4
8789,-29.249999999999645,1005,22,4,73,0.021890547263681594,86,7,1,1,2,1,1,5
8790,25.031936799182454,981,24,6,73,0.024464831804281346,86,10,1,1,1,2,1,10
8791,8.319502487560248,1005,24,6,74,0.023880597014925373,86,6,1,1,1,1,2,6
8792,-30.460000000000512,1057,23,5,73,0.021759697256385997,86,5,1,1,1,1,1,5
8793,17.074275286755157,959,24,6,69,0.02502606882168926,86,6,1,1,1,1,3,4
8794,-27.130000000000226,1054,23,5,70,0.021821631878557873,86,6,1,1,1,1,2,4
8795,84.15863406407959,593,24,6,67,0.04047217537942664,86,4,1,1,1,1,1,3
8796,-160.970000000001,1755,23,5,74,0.013105413105413105,86,8,1,1,2,1,1,7
8797,97.38949152542246,590,24,6,74,0.04067796610169491,86,8,1,2,1,1,1,8
8798,27.283895216399134,878,24,6,69,0.02733485193621868,86,4,1,1,1,1,2,4
8799,-30.750000000001663,1058,23,5,72,0.021739130434782608,86,5,1,1,1,2,2,3
8800,-45.840000000000494,1088,23,5,71,0.021139705882352942,86,2,1,1,1,1,1,2
8801,108.27040080160266,499,24,6,59,0.04809619238476954,86,6,2,1,2,1,1,5
8802,31.850908173563504,991,24,6,71,0.024217961654894045,86,13,1,1,3,3,2,7
8803,100.18482517482383,572,24,6,65,0.04195804195804196,86,8,2,2,1,1,1,7
8804,22.965820105818423,945,24,6,70,0.025396825396825397,86,7,1,1,3,1,2,3
8805,7.7337207122756215,1067,24,6,72,0.022492970946579195,86,10,1,1,1,3,3,5
8806,-122.74138335287448,1706,24,6,76,0.01406799531066823,86,9,1,1,1,1,3,5
8807,-29.15000000000165,1125,23,5,72,0.020444444444444446,86,10,2,1,1,2,3,6
8808,-24.350000000001884,1041,23,5,72,0.022094140249759846,86,6,1,1,1,1,4,3
8809,-17.820000000001684,1037,23,5,69,0.022179363548698167,86,8,1,2,1,2,1,5
8810,-49.460000000001926,1167,23,5,73,0.01970865467009426,86,6,1,1,2,1,1,5
8811,67.37812154696029,724,24,6,72,0.03314917127071823,86,7,2,1,1,1,2,5
8812,109.79455252918173,514,24,6,76,0.04669260700389105,86,7,1,1,3,1,2,4
8813,-101.0600000000027,1440,23,5,73,0.01597222222222222,86,7,1,1,2,2,1,4
8814,33.04160714285519,896,24,6,73,0.026785714285714284,86,7,1,1,2,1,2,4
8815,-16.11000000000204,1028,23,5,68,0.02237354085603113,86,8,1,1,1,2,2,5
8816,-33.67000000000158,1013,22,4,75,0.02171767028627838,86,6,1,1,2,1,1,4
8817,-76.91084370678007,1446,24,6,74,0.016597510373443983,86,7,1,1,1,1,1,8
8818,-29.020000000001914,1063,23,5,69,0.021636876763875823,86,6,1,1,1,1,2,5
8819,94.31867924528218,530,24,6,73,0.045283018867924525,86,3,1,1,2,1,1,3
8820,-27.58000000000182,1099,23,5,65,0.020928116469517744,86,9,1,1,2,1,3,7
8821,94.691232876711,584,24,6,64,0.0410958904109589,86,7,1,1,2,2,3,3
8822,-163.2162943071969,1862,24,6,73,0.01288936627282492,86,6,1,1,1,1,1,7
8823,-6.580000000001472,1009,23,5,65,0.022794846382556987,86,10,1,1,3,1,3,5
8824,-79.04000000000138,1299,23,5,71,0.01770592763664357,86,5,2,1,1,1,1,4
8825,89.30898251192228,629,24,6,71,0.03815580286168521,86,8,1,1,1,2,4,4
8826,-33.14000000000162,1009,22,4,72,0.02180376610505451,86,6,1,1,2,1,1,5
8827,-69.59000000000219,1254,23,5,76,0.018341307814992026,86,5,1,1,1,1,2,3
8828,-169.32717379820392,1893,24,6,74,0.012678288431061807,86,6,1,2,1,1,2,3
8829,8.046618357486249,1035,24,6,71,0.02318840579710145,86,8,1,1,1,2,1,5
8830,-17.800000000001596,1006,23,5,67,0.02286282306163022,86,6,1,1,1,1,2,4
8831,103.24903591682303,529,24,6,70,0.045368620037807186,86,6,1,1,1,1,2,3
8832,-3.024214559388728,1044,24,6,68,0.022988505747126436,86,5,1,1,2,2,1,3
8833,-50.88000000000199,1190,23,5,75,0.019327731092436976,86,7,1,1,1,1,4,3
8834,100.8350387596889,645,24,6,68,0.037209302325581395,86,13,1,1,2,2,4,9
8835,-32.88000000000169,1020,22,4,66,0.021568627450980392,86,7,1,1,1,2,3,3
8836,-23.495182357932446,1179,24,6,74,0.020356234096692113,86,7,1,1,1,1,2,4
8837,65.34679890560781,731,24,6,65,0.03283173734610123,86,7,1,1,1,1,2,4
8838,-42.20000000000164,1218,23,5,67,0.018883415435139574,86,12,1,1,3,3,2,6
8839,64.39550135501177,738,24,6,70,0.032520325203252036,86,7,1,2,2,2,1,3
8840,-36.12000000000161,1008,22,4,70,0.021825396825396824,86,5,1,1,1,2,1,3
8841,61.89164305948839,706,24,6,71,0.0339943342776204,86,4,1,1,1,1,1,3
8842,-10.640000000001802,1002,23,5,71,0.022954091816367265,86,8,2,1,2,3,1,5
8843,81.22326647564304,698,24,6,68,0.034383954154727794,86,10,2,1,3,1,1,5
8844,-19.840000000001943,1033,23,5,71,0.022265246853823813,86,7,1,1,2,1,1,4
8845,-20.680000000001876,1039,23,5,75,0.02213666987487969,86,7,1,1,1,2,3,3
8846,12.274931794332222,953,24,6,69,0.025183630640083946,86,4,1,1,1,1,2,3
8847,112.77193857965341,521,24,6,58,0.046065259117082535,86,9,1,1,2,2,1,5
8848,-16.580233393179448,1114,24,6,73,0.02154398563734291,86,5,1,1,2,1,1,5
8849,16.03683760683601,936,24,6,73,0.02564102564102564,86,4,1,1,2,1,1,3
8850,-160.19000000000182,1752,23,5,76,0.013127853881278538,86,8,1,1,2,2,1,5
8851,-40.39000000000192,1153,23,5,76,0.0199479618386817,86,8,1,2,1,2,1,6
8852,-4.670233393179442,1114,24,6,72,0.02154398563734291,86,9,1,1,1,3,2,6
8853,-34.31000000000155,1104,23,5,68,0.020833333333333332,86,7,1,1,1,1,3,4
8854,98.01366612111235,611,24,6,61,0.03927986906710311,86,10,1,1,1,2,2,9
8855,-39.910000000001844,1117,23,5,68,0.020590868397493287,86,6,1,1,2,1,1,6
8856,-31.07776315789657,1216,24,6,72,0.019736842105263157,86,7,1,1,1,2,1,6
8857,-46.740000000000215,1092,22,4,72,0.020146520146520148,86,7,1,1,1,3,2,5
8858,19.215152471081147,951,24,6,75,0.025236593059936908,86,6,1,1,1,1,2,6
8859,119.29723865877679,507,24,6,66,0.047337278106508875,86,10,1,1,3,1,2,8
8860,-56.970000000001946,1175,23,5,74,0.01957446808510638,86,4,2,1,1,1,1,3
8861,-70.28000000000188,1287,23,5,75,0.017871017871017872,86,7,1,1,3,2,1,3
8862,-18.265838041432833,1062,24,6,72,0.022598870056497175,86,1,1,1,1,1,1,2
8863,41.42695906432554,855,24,6,75,0.028070175438596492,86,7,1,1,1,1,1,8
8864,73.5145086705193,692,24,6,69,0.03468208092485549,86,7,1,1,1,2,3,5
8865,-28.730000000002118,1137,23,5,70,0.020228671943711522,86,11,1,1,1,1,4,9
8866,-27.46000000000172,1087,23,5,73,0.021159153633854646,86,8,1,1,1,2,3,4
8867,143.5858103975529,327,24,6,68,0.07339449541284404,86,6,1,1,1,1,2,4
8868,-23.44000000000139,1066,23,5,71,0.021575984990619138,86,8,1,1,1,1,2,8
8869,144.2305590062107,322,24,6,64,0.07453416149068323,86,6,1,1,1,1,3,3
8870,-17.750000000001698,1008,23,5,72,0.022817460317460316,86,6,1,1,1,1,2,5
8871,3.3130232558119754,1075,24,6,74,0.022325581395348838,86,9,1,1,1,1,3,7
8872,-15.040000000001921,1009,23,5,71,0.022794846382556987,86,7,1,1,2,1,1,6
8873,-15.929999999998593,1088,23,5,70,0.021139705882352942,86,12,1,1,2,3,3,6
8874,54.04953367875455,772,24,6,64,0.031088082901554404,86,6,1,2,2,1,1,3
8875,20.13286681715431,886,24,6,74,0.02708803611738149,86,2,1,1,1,1,1,2
8876,-38.77000000000184,1129,23,5,74,0.02037201062887511,86,7,2,1,1,2,1,5
8877,63.211926121370176,758,24,6,68,0.0316622691292876,86,8,1,1,2,1,4,3
8878,-43.56000000000128,1047,22,4,74,0.021012416427889206,86,5,1,1,1,1,1,6
8879,42.60254901960592,816,24,6,68,0.029411764705882353,86,5,1,1,1,1,1,6
8880,143.42761904761915,336,24,6,53,0.07142857142857142,86,7,2,1,1,1,1,6
8881,-42.75050874404007,1258,24,6,69,0.019077901430842606,86,6,1,1,1,1,1,7
8882,28.785820105818484,945,24,6,68,0.025396825396825397,86,9,1,1,2,1,2,5
8883,141.9845502645496,378,24,6,64,0.06349206349206349,86,9,1,1,3,1,4,5
8884,-22.800000000002058,1076,23,5,67,0.02137546468401487,86,9,1,1,1,2,1,5
8885,-47.44000000000121,1186,23,5,71,0.0193929173693086,86,8,1,1,3,1,1,4
8886,18.920300902706312,997,24,6,74,0.024072216649949848,86,9,1,1,1,2,4,6
8887,54.05406947890626,806,24,6,73,0.02977667493796526,86,8,1,1,1,3,1,5
8888,-52.33000000000135,1150,23,5,70,0.02,86,4,1,1,2,1,2,3
8889,34.33235955056002,890,24,6,74,0.02696629213483146,86,7,1,1,2,1,1,5
8890,-81.84000000000256,1373,23,5,71,0.016751638747268753,86,9,1,1,1,2,2,6
8891,-43.93000000000154,1138,23,5,70,0.020210896309314587,86,6,1,1,1,1,1,4
8892,-294.45099843993034,2564,24,6,75,0.0093603744149766,86,9,1,2,2,2,3,4
8893,-22.290152740342883,1113,24,6,74,0.0215633423180593,86,3,1,1,2,1,1,3
8894,-37.78596638655605,1190,24,6,73,0.020168067226890758,86,3,1,1,1,2,1,2
8895,-65.8687749287775,1404,24,6,70,0.017094017094017096,86,8,1,1,1,1,2,6
8896,37.540627261760086,829,24,6,74,0.028950542822677925,86,4,1,1,1,1,1,5
8897,-29.640000000001383,1097,23,5,71,0.020966271649954422,86,8,1,1,1,1,3,7
8898,79.69771048744306,677,24,6,71,0.03545051698670606,86,8,1,1,3,1,2,6
8899,102.69999999999887,500,24,6,66,0.048,86,4,1,1,1,1,2,3
8900,-50.060000000002006,1200,23,5,73,0.019166666666666665,86,8,2,1,1,1,2,6
8901,-25.670000000001465,1074,23,5,64,0.021415270018621976,86,8,1,1,2,2,1,5
8902,98.52417475728033,515,24,6,53,0.04660194174757282,86,4,1,1,1,1,1,4
8903,-35.75000000000186,1113,23,5,72,0.020664869721473494,86,7,1,1,1,2,1,6
8904,-20.25000000000045,1016,23,5,62,0.022637795275590553,86,6,1,1,1,2,1,3
8905,-32.5800000000021,1139,23,5,65,0.02019315188762072,86,10,1,1,3,1,2,5
8906,120.97618556700928,485,24,6,69,0.049484536082474224,86,9,1,1,2,1,3,4
8907,-63.42000000000204,1220,23,5,69,0.018852459016393444,86,5,1,1,1,1,1,3
8908,-56.720000000001725,1096,22,4,70,0.020072992700729927,86,4,1,1,1,1,1,4
8909,-46.04000000000087,1134,23,5,71,0.020282186948853614,86,5,1,2,2,1,1,2
8910,140.304448160535,299,24,6,69,0.0802675585284281,86,3,1,1,1,1,1,2
8911,111.01321961620363,469,24,6,56,0.0511727078891258,86,5,1,2,1,2,1,3
8912,23.14416666666474,960,24,6,72,0.025,86,8,1,1,1,3,4,2
8913,-78.89000000000163,1311,23,5,66,0.017543859649122806,86,6,2,1,1,1,2,3
8914,-19.290000000001925,1013,23,5,66,0.022704837117472853,86,6,1,1,2,1,1,3
8915,-61.31000000000201,1209,23,5,68,0.01902398676592225,86,5,1,1,1,1,1,4
8916,-27.08000000000186,1056,23,5,75,0.021780303030303032,86,6,1,1,1,1,1,4
8917,35.935340253746986,867,24,6,74,0.02768166089965398,86,6,1,1,2,1,2,3
8918,96.19103059581174,621,24,6,63,0.03864734299516908,86,10,2,1,1,2,3,5
8919,-36.85000000000154,1043,22,4,73,0.02109300095877277,86,7,2,1,1,1,1,7
8920,-13.797918968693624,1086,24,6,75,0.022099447513812154,86,4,1,1,1,1,1,3
8921,79.11409221901854,694,24,6,69,0.0345821325648415,86,9,2,1,1,2,3,5
8922,40.42235955055975,890,24,6,75,0.02696629213483146,86,9,1,1,2,1,3,4
8923,-17.110000000001804,1018,23,5,68,0.022593320235756387,86,7,1,1,3,1,3,3
8924,-0.9049429657810979,1052,24,6,76,0.022813688212927757,86,6,1,1,1,1,2,3
8925,-150.68000000000228,1644,23,5,75,0.013990267639902677,86,4,1,1,1,3,1,2
8926,-69.62055555555804,1440,24,6,75,0.016666666666666666,86,9,1,2,2,2,1,5
8927,68.60556040756757,687,24,6,70,0.034934497816593885,86,5,1,1,1,1,1,3
8928,30.373895216399614,878,24,6,70,0.02733485193621868,86,5,1,1,1,1,1,5
8929,-11.220000000001727,1019,23,5,69,0.022571148184494603,86,9,1,1,1,3,2,6
8930,-17.059999999999384,1035,23,5,73,0.022222222222222223,86,8,1,1,1,1,2,5
8931,18.208425196848705,1016,24,6,75,0.023622047244094488,86,10,1,1,1,2,2,9
8932,54.01440860214872,744,24,6,68,0.03225806451612903,86,4,1,1,1,1,1,3
8933,50.259760479039834,835,24,6,62,0.02874251497005988,86,9,1,1,3,1,1,4
8934,-53.95000000000185,1144,23,5,72,0.020104895104895104,86,3,1,1,1,2,1,2
8935,-19.35000000000193,1031,23,5,72,0.02230843840931135,86,7,1,2,1,1,1,5
8936,-56.21000000000169,1108,22,4,69,0.019855595667870037,86,5,1,1,1,1,2,3
8937,-25.002434325746112,1142,24,6,75,0.021015761821366025,86,4,1,1,1,2,1,3
8938,-10.020000000000897,1013,23,5,69,0.022704837117472853,86,9,1,2,1,1,3,6
8939,24.10787486515496,927,24,6,76,0.025889967637540454,86,6,1,1,1,1,1,7
8940,-40.33000000000182,1120,23,5,70,0.020535714285714286,86,6,1,1,1,1,3,3
8941,-75.08000000000212,1311,23,5,75,0.017543859649122806,86,7,1,1,1,1,2,4
8942,159.1697122302154,278,24,6,65,0.08633093525179857,86,8,1,1,2,2,1,4
8943,-78.13045897079544,1438,24,6,76,0.016689847009735744,86,6,1,1,1,2,2,5
8944,-102.56000000000238,1357,22,4,74,0.016212232866617538,86,6,1,1,1,1,1,7
8945,34.6407419712054,903,24,6,73,0.026578073089700997,86,8,1,1,1,2,1,5
8946,24.56341261633816,967,24,6,70,0.02481902792140641,86,9,2,1,1,2,1,5
8947,-134.17000000000212,1531,23,5,74,0.015022860875244938,86,2,1,1,1,1,1,2
8948,-40.730000000001574,1107,23,5,70,0.02077687443541102,86,5,1,1,1,1,1,4
8949,86.14923566878832,628,24,6,67,0.03821656050955414,86,7,1,1,1,1,2,4
8950,-19.80000000000186,1031,23,5,67,0.02230843840931135,86,7,1,1,1,1,3,3
8951,-44.35000000000177,1126,23,5,72,0.020426287744227355,86,5,1,1,1,1,1,6
8952,29.573378684805608,882,24,6,70,0.027210884353741496,86,5,1,1,1,1,2,3
8953,-31.68000000000192,1109,23,5,75,0.020739404869251576,86,8,2,1,2,1,2,4
8954,22.343734439832026,964,24,6,72,0.024896265560165973,86,8,1,1,3,3,1,5
8955,-26.040000000001687,1004,23,5,71,0.022908366533864542,86,3,1,1,2,1,1,2
8956,26.434275286755234,959,24,6,73,0.02502606882168926,86,9,1,1,1,1,2,9
8957,58.56089005235408,764,24,6,63,0.031413612565445025,86,7,2,1,2,1,2,2
8958,-45.31000000000177,1129,23,5,68,0.02037201062887511,86,5,1,1,2,1,3,3
8959,82.10037593984882,665,24,6,71,0.03609022556390978,86,8,1,1,2,1,3,4
8960,102.50801980197915,505,24,6,75,0.047524752475247525,86,4,1,1,1,1,1,3
8961,29.485340253747125,867,24,6,69,0.02768166089965398,86,4,1,1,1,1,1,5
8962,99.67857142857011,560,24,6,66,0.04285714285714286,86,7,1,1,1,1,2,4
8963,92.5215265866196,583,24,6,71,0.0411663807890223,86,6,1,1,1,1,2,5
8964,-221.55327102803426,2140,24,6,76,0.011214953271028037,86,5,1,1,1,2,1,4
8965,8.269700897306336,1003,24,6,69,0.023928215353938187,86,6,1,1,1,1,2,3
8966,37.72312217194371,884,24,6,65,0.027149321266968326,86,8,1,1,2,1,1,8
8967,-24.57000000000178,1013,23,5,74,0.022704837117472853,86,4,1,1,1,2,1,4
8968,-23.840000000001975,1068,23,5,71,0.02153558052434457,86,8,1,1,2,1,2,4
8969,94.56064846416363,586,24,6,67,0.040955631399317405,86,7,1,1,1,1,2,7
8970,-44.9100000000005,1142,23,5,68,0.020140105078809107,86,6,1,1,1,1,3,4
8971,-152.17000000000235,1666,23,5,74,0.013805522208883553,86,5,1,1,1,1,1,4
8972,-19.260000000001632,1001,23,5,73,0.022977022977022976,86,5,1,1,1,1,1,4
8973,-100.31602047345152,1563,24,6,74,0.015355086372360844,86,7,1,1,1,1,3,5
8974,-33.84000000000178,1073,23,5,71,0.021435228331780055,86,5,1,1,1,1,1,5
8975,79.94527950310406,644,24,6,67,0.037267080745341616,86,6,1,1,1,1,2,5
8976,-93.23000000000096,1294,22,4,71,0.017001545595054096,86,5,1,1,1,3,1,3
8977,59.48106159894966,763,24,6,71,0.03145478374836173,86,7,1,2,2,2,1,5
8978,81.6492047377313,591,24,6,68,0.04060913705583756,86,3,1,1,1,1,1,4
8979,109.72201856148392,431,24,6,57,0.05568445475638051,86,2,1,1,1,1,1,2
8980,100.8245018450173,542,24,6,72,0.04428044280442804,86,6,1,1,1,1,2,4
8981,-11.530000000000967,1021,23,5,70,0.022526934378060724,86,9,1,1,2,1,2,5
8982,-83.66000000000227,1368,23,5,73,0.016812865497076022,86,8,1,1,3,1,2,3
8983,73.59534883720765,688,24,6,61,0.03488372093023256,86,7,2,1,1,1,2,4
8984,-25.57000000000169,1033,23,5,74,0.022265246853823813,86,5,1,1,1,1,1,4
8985,90.7685714285701,560,24,6,67,0.04285714285714286,86,4,1,1,1,1,1,3
8986,54.132399020806325,817,24,6,65,0.02937576499388005,86,9,1,2,1,1,1,9
8987,4.955238095236117,1050,24,6,70,0.022857142857142857,86,8,1,1,1,2,1,5
8988,-26.20000000000173,1003,23,5,67,0.022931206380857428,86,3,1,1,1,1,1,2
8989,-108.66000000000287,1493,23,5,73,0.015405224380442064,86,8,1,2,1,1,1,4
8990,156.95055900621244,322,24,6,72,0.07453416149068323,86,10,1,1,2,1,3,6
8991,49.929331742244216,838,24,6,65,0.028639618138424822,86,9,1,1,2,2,2,6
8992,-35.23000000000157,1034,22,4,71,0.02127659574468085,86,7,1,1,1,1,1,7
8993,-27.860000000001868,1074,23,5,73,0.021415270018621976,86,7,1,1,1,1,2,5
8994,4.159108027748362,1009,24,6,70,0.023785926660059464,86,5,1,1,1,1,1,4
8995,-80.14000000000212,1259,22,4,72,0.017474185861795076,86,7,1,1,1,2,2,5
8996,-17.829999999998755,1018,23,5,60,0.022593320235756387,86,7,1,1,1,2,1,3
8997,-17.53000000000196,1021,23,5,70,0.022526934378060724,86,7,1,1,1,2,2,4
8998,1.2074658869379054,1026,24,6,75,0.023391812865497075,86,5,1,1,2,1,1,5
8999,9.963626943003586,965,24,6,70,0.024870466321243522,86,4,1,1,1,1,1,4
9000,-78.0800000000022,1251,23,5,75,0.01838529176658673,86,2,1,1,1,1,1,2
9001,86.85534883720996,688,24,6,75,0.03488372093023256,56,11,1,1,2,2,3,8
9002,34.123519668736705,966,24,6,74,0.024844720496894408,57,12,2,1,1,3,4,5
9003,-41.860000000001136,1204,23,5,73,0.01910299003322259,57,11,2,1,1,1,3,5
9004,-32.640000000001585,1082,23,5,71,0.021256931608133085,57,6,1,1,1,2,1,6
9005,72.98684287811881,681,24,6,72,0.03524229074889868,60,6,1,1,2,1,1,4
9006,-24.51000000000179,1010,23,5,68,0.02277227722772277,60,4,2,1,1,1,1,3
9007,-23.88000000000155,1025,23,5,75,0.0224390243902439,61,5,1,1,1,1,1,5
9008,76.29727540500573,679,24,6,71,0.035346097201767304,61,7,1,1,1,3,2,3
9009,100.89646365422297,509,24,6,66,0.047151277013752456,62,4,1,1,1,1,1,3
9010,-43.86000000000131,1094,23,5,73,0.02102376599634369,62,3,1,1,1,1,1,3
9011,-42.66000000000182,1133,23,5,73,0.02030008826125331,63,6,1,1,1,2,1,6
9012,-30.060000000001835,1070,23,5,73,0.02149532710280374,63,6,2,1,1,1,2,3
9013,80.14197568388941,658,24,6,67,0.0364741641337386,63,7,2,1,2,1,2,3
9014,-30.410000000001375,1035,23,5,58,0.022222222222222223,63,4,1,1,1,1,1,4
9015,60.80987012986839,770,24,6,68,0.03116883116883117,64,8,1,1,2,1,1,8
9016,95.94649452269056,639,24,6,67,0.03755868544600939,64,11,2,1,1,2,2,5
9017,-29.670000000001775,1034,23,5,64,0.022243713733075435,64,4,1,1,1,1,1,4
9018,-155.3900000000014,1713,23,5,76,0.013426736719206071,64,7,1,1,1,1,2,6
9019,131.59371364653148,447,24,6,69,0.053691275167785234,72,10,1,1,1,1,4,7
9020,43.3765501165483,858,24,6,70,0.027972027972027972,72,8,1,1,2,1,1,8
9021,-110.1700000000029,1516,23,5,74,0.015171503957783642,72,9,1,1,1,1,4,5
9022,61.52738853502994,785,24,6,76,0.030573248407643312,72,9,1,2,1,3,3,5
9023,-165.79000000000104,1750,23,5,76,0.013142857142857144,72,6,1,1,3,1,2,3
9024,34.51049723756707,905,24,6,76,0.026519337016574586,73,8,1,1,1,1,3,5
9025,9.358716683117436,1013,24,6,70,0.023692003948667325,73,7,1,1,1,1,1,5
9026,139.2880952380951,420,24,6,61,0.05714285714285714,73,11,1,2,1,3,1,8
9027,-110.46000000000251,1472,23,5,73,0.015625,73,6,1,1,1,1,1,5
9028,-13.600000000001844,1015,23,5,67,0.022660098522167486,73,8,1,1,1,1,2,5
9029,56.768700128698256,777,24,6,72,0.03088803088803089,73,7,1,1,2,1,2,5
9030,29.734931794331523,953,24,6,63,0.025183630640083946,73,10,1,1,1,2,2,8
9031,-7.820000000002026,1047,23,5,69,0.021967526265520534,73,12,1,1,3,2,3,7
9032,-10.850233393179652,1114,24,6,70,0.02154398563734291,73,7,1,1,1,1,3,4
9033,107.81455252918443,514,24,6,54,0.04669260700389105,73,7,1,1,1,1,2,7
9034,58.58547051442717,797,24,6,70,0.030112923462986198,73,9,1,1,2,2,2,7
9035,-49.795373134330475,1340,24,6,73,0.01791044776119403,73,9,2,1,3,1,2,3
9036,-66.9200000000015,1132,22,4,70,0.019434628975265017,73,3,1,1,1,1,1,3
9037,-8.595660377359819,1060,24,6,75,0.022641509433962263,73,4,1,1,1,1,1,3
9038,-145.39000000000254,1678,23,5,76,0.013706793802145411,73,8,2,1,1,1,1,8
9039,33.2285776330055,921,24,6,64,0.026058631921824105,73,9,1,1,2,2,1,6
9040,-34.060000000001736,1060,23,5,73,0.02169811320754717,73,4,1,1,1,3,1,3
9041,34.8189324618717,918,24,6,75,0.026143790849673203,73,9,1,1,2,1,1,7
9042,16.759403578527756,1006,24,6,70,0.02385685884691849,75,9,1,1,3,2,2,4
9043,71.86123359579872,762,24,6,73,0.031496062992125984,75,11,1,2,1,1,2,10
9044,-108.59000000000269,1449,23,5,76,0.015873015873015872,75,5,1,1,1,1,1,5
9045,-23.75000000000169,1053,23,5,72,0.02184235517568851,75,7,1,1,1,1,1,8
9046,40.31091898427874,827,24,6,67,0.02902055622732769,75,5,1,1,1,1,1,6
9047,64.79869625519947,721,24,6,70,0.033287101248266296,75,6,1,2,1,1,1,6
9048,14.021317122594521,987,24,6,64,0.0243161094224924,75,7,1,1,1,2,2,3
9049,-32.82000000000155,1082,23,5,69,0.021256931608133085,75,6,1,1,1,2,1,5
9050,19.697526881718694,930,24,6,67,0.025806451612903226,75,5,1,1,2,1,1,5
9051,84.10267175572362,655,24,6,71,0.0366412213740458,75,8,1,1,1,1,2,5
9052,-75.1500000000022,1325,23,5,72,0.017358490566037735,75,8,1,1,1,3,1,5
9053,-9.690000000001799,1010,23,5,66,0.02277227722772277,75,9,1,1,1,1,3,8
9054,82.91814814814649,675,24,6,69,0.035555555555555556,76,9,1,1,1,1,4,7
9055,112.10975332068293,527,24,6,64,0.04554079696394687,76,9,1,1,1,1,4,6
9056,29.940253583239446,907,24,6,63,0.026460859977949284,76,7,1,1,2,1,2,3
9057,126.26449897750408,489,24,6,70,0.049079754601226995,76,11,1,2,2,2,2,8
9058,-30.62000000000102,1011,23,5,69,0.02274975272007913,77,2,1,1,1,1,1,3
9059,-42.85000000000092,1028,22,4,73,0.021400778210116732,77,4,1,1,2,1,2,3
9060,-83.17000000000225,1351,23,5,74,0.017024426350851222,77,7,1,1,1,1,3,4
9061,-57.86000000000183,1149,23,5,73,0.020017406440382943,77,2,1,1,1,1,2,2
9062,140.97100271002665,369,24,6,66,0.06504065040650407,78,8,1,1,1,3,2,3
9063,-18.449999999999385,1052,23,5,62,0.021863117870722433,78,9,1,1,3,1,2,5
9064,14.71541984732635,1048,24,6,74,0.022900763358778626,78,11,1,1,3,2,3,5
9065,-39.730000000001766,1087,23,5,70,0.021159153633854646,78,4,1,1,2,1,1,2
9066,-23.28000000000148,1112,23,5,75,0.02068345323741007,78,11,1,1,3,2,2,6
9067,-216.95406522737449,2177,24,6,76,0.011024345429490124,78,9,1,1,1,3,3,5
9068,7.5162463907583055,1039,24,6,74,0.023099133782483156,78,8,1,1,2,1,1,6
9069,-35.27610738255236,1192,24,6,72,0.020134228187919462,78,4,1,1,1,1,1,4
9070,22.421010101008072,990,24,6,64,0.024242424242424242,78,10,1,1,2,1,3,8
9071,75.6706024096372,664,24,6,64,0.03614457831325301,78,6,2,1,2,1,1,4
9072,56.48368983957145,748,24,6,71,0.03208556149732621,78,5,1,1,1,1,1,6
9073,-77.75000000000111,1308,23,5,72,0.017584097859327217,78,6,2,1,1,1,1,6
9074,40.9931221719436,884,24,6,68,0.027149321266968326,78,9,2,1,1,2,4,3
9075,-39.52000000000165,1055,22,4,70,0.02085308056872038,78,7,1,2,1,1,2,4
9076,-37.55000000000126,1122,23,5,72,0.020499108734402853,78,7,2,1,1,1,2,6
9077,-46.930000000001264,1168,23,5,70,0.019691780821917807,78,7,1,1,1,1,2,3
9078,109.0690359168239,529,24,6,68,0.045368620037807186,78,8,1,2,1,2,2,3
9079,-49.15000000000192,1165,23,5,72,0.019742489270386267,78,6,1,1,1,1,1,5
9080,85.39408320492922,649,24,6,72,0.03697996918335902,78,8,1,1,1,2,1,8
9081,-29.060000000002077,1125,23,5,73,0.020444444444444446,78,10,1,2,1,1,2,9
9082,-90.4800000000002,1313,23,5,75,0.017517136329017517,78,2,1,2,1,1,2,1
9083,-26.86000000000148,1009,23,5,73,0.022794846382556987,78,3,1,1,1,1,1,3
9084,42.249760479040035,835,24,6,73,0.02874251497005988,78,6,2,1,2,1,1,4
9085,-52.13150706436634,1274,24,6,67,0.018838304552590265,78,4,1,1,1,1,1,4
9086,121.79008403361402,476,24,6,58,0.05042016806722689,78,9,1,2,1,1,3,4
9087,-71.86800575954182,1389,24,6,70,0.017278617710583154,78,5,1,1,1,1,2,3
9088,76.20908205841491,719,24,6,59,0.03337969401947149,78,10,2,1,2,2,2,6
9089,-26.44000000000175,1021,23,5,71,0.022526934378060724,78,4,1,1,1,1,1,3
9090,-246.679999999997,2154,23,5,75,0.010677808727948004,78,6,1,2,1,1,3,3
9091,-61.52932862191079,1415,24,6,76,0.01696113074204947,78,10,1,1,2,1,3,6
9092,121.91551724137868,464,24,6,66,0.05172413793103448,78,8,1,1,1,1,1,6
9093,-98.50000000000244,1349,22,4,68,0.01630837657524092,78,7,1,1,1,1,2,4
9094,106.0576284584984,506,24,6,50,0.04743083003952569,78,6,1,1,1,1,2,4
9095,-50.510000000001696,1110,23,5,68,0.02072072072072072,78,2,1,1,1,1,1,2
9096,97.16552875695605,539,24,6,58,0.04452690166975881,78,5,1,1,1,3,1,4
9097,107.45685039369968,508,24,6,70,0.047244094488188976,78,6,1,1,1,2,2,5
9098,-36.63000000000169,1041,22,4,71,0.021133525456292025,78,7,1,1,1,1,1,8
9099,73.5177104874437,677,24,6,69,0.03545051698670606,78,6,1,1,2,1,2,3
9100,-6.450873440287209,1122,24,6,70,0.0213903743315508,78,9,1,1,1,1,3,6
9101,-65.93000000000183,1218,23,5,70,0.018883415435139574,78,4,1,1,1,1,1,5
9102,9.430100100098668,999,24,6,73,0.024024024024024024,78,6,1,1,1,1,3,3
9103,41.34940919036988,914,24,6,72,0.0262582056892779,78,11,2,2,1,2,3,5
9104,-15.820000000001382,1012,23,5,69,0.022727272727272728,78,7,1,1,2,2,2,4
9105,-46.93000000000197,1168,23,5,70,0.019691780821917807,78,7,1,1,1,3,1,4
9106,-29.040000000001115,1109,23,5,71,0.020739404869251576,78,9,1,1,1,2,3,4
9107,-12.820000000002105,1027,23,5,69,0.022395326192794548,78,9,1,2,1,1,2,6
9108,-83.46000000000251,1367,23,5,73,0.016825164594001463,78,8,1,1,1,1,1,6
9109,155.1516901408452,355,24,6,59,0.0676056338028169,78,12,2,2,1,3,3,4
9110,99.19482517482484,572,24,6,54,0.04195804195804196,78,8,2,1,1,1,2,4
9111,-32.77000000000094,1004,22,4,65,0.021912350597609563,78,6,1,1,1,1,1,5
9112,-27.890000000001503,1011,23,5,66,0.02274975272007913,78,3,1,1,1,1,1,3
9113,-65.51000000000222,1260,23,5,68,0.018253968253968255,78,7,1,1,1,1,1,5
9114,-31.130000000001985,1104,23,5,70,0.020833333333333332,78,8,1,1,1,3,1,5
9115,-372.56563573881925,2910,24,6,76,0.008247422680412371,78,6,1,1,2,1,2,4
9116,59.576425648020205,733,24,6,72,0.03274215552523874,78,5,1,1,1,1,1,5
9117,14.612669404515811,974,24,6,75,0.024640657084188913,78,6,1,2,2,1,1,3
9118,-62.39000000000206,1233,23,5,76,0.0186536901865369,78,6,1,1,1,1,3,4
9119,-13.840000000001977,1018,23,5,71,0.022593320235756387,78,8,1,1,1,1,2,5
9120,70.10184397163124,705,24,6,60,0.03404255319148936,78,7,1,1,1,1,3,3
9121,-30.730000000002022,1117,23,5,70,0.020590868397493287,78,9,1,2,3,1,1,5
9122,57.44698630136839,730,24,6,75,0.03287671232876712,78,4,2,1,1,1,1,3
9123,153.9864556962037,316,24,6,59,0.0759493670886076,78,9,1,1,1,3,4,3
9124,40.967508813159,851,24,6,61,0.0282021151586369,78,7,1,1,2,1,2,5
9125,-27.040000000002074,1114,23,5,71,0.02064631956912029,78,10,1,2,2,3,1,4
9126,72.51044943820051,712,24,6,69,0.033707865168539325,78,8,1,1,1,1,1,7
9127,67.77224751066686,703,24,6,63,0.034139402560455195,78,6,1,1,2,1,1,5
9128,11.86857763300581,921,24,6,60,0.026058631921824105,78,2,1,1,1,1,1,2
9129,-18.800000000002,1026,23,5,67,0.022417153996101363,78,7,1,1,1,1,1,6
9130,-44.99000000000151,1051,22,4,67,0.02093244529019981,78,5,1,1,1,1,1,3
9131,112.2650537634399,465,24,6,61,0.05161290322580645,78,5,1,1,1,1,1,3
9132,-80.72000000000122,1050,19,2,63,0.018095238095238095,78,5,2,1,1,1,1,5
9133,-45.61999999999972,1161,23,5,69,0.019810508182601206,78,7,1,1,1,1,1,6
9134,8.561317122593287,987,24,6,70,0.0243161094224924,78,5,1,1,1,1,1,4
9135,-15.530000000001674,1011,23,5,70,0.02274975272007913,78,7,1,1,3,1,1,4
9136,17.94298661174038,971,24,6,72,0.024716786817713696,78,7,1,1,1,1,2,5
9137,58.9503780964779,767,24,6,74,0.03129074315514994,78,7,1,1,1,1,2,5
9138,-108.88000000000227,1480,23,5,75,0.015540540540540541,78,7,1,1,1,1,2,7
9139,-17.18000000000172,1017,23,5,65,0.02261553588987217,78,7,1,1,1,2,1,7
9140,-4.930000000001974,1018,23,5,70,0.022593320235756387,78,11,1,1,2,2,4,5
9141,-27.970000000001725,1030,23,5,74,0.02233009708737864,78,4,1,1,1,1,1,4
9142,84.63331022530198,577,24,6,70,0.0415944540727903,78,3,1,1,1,1,2,3
9143,47.627096018733326,854,24,6,75,0.02810304449648712,78,9,1,1,1,2,2,4
9144,-16.890000000001926,1001,23,5,66,0.022977022977022976,78,6,1,1,1,1,2,3
9145,-40.95000000000162,1139,23,5,72,0.02019315188762072,78,7,1,2,1,1,3,4
9146,21.148108108106264,925,24,6,72,0.025945945945945945,78,5,1,1,1,2,2,2
9147,-106.08000000000237,1466,23,5,75,0.015688949522510234,78,7,1,1,2,2,2,3
9148,-17.480000000001997,1038,23,5,75,0.022157996146435453,78,8,2,1,3,1,1,5
9149,37.06428571428397,875,24,6,71,0.027428571428571427,78,7,1,1,1,1,1,6
9150,-51.19000000000177,1132,23,5,76,0.020318021201413426,78,3,1,1,1,1,1,3
9151,13.723842159915133,963,24,6,74,0.024922118380062305,78,5,1,1,1,1,1,4
9152,90.94391304347721,575,24,6,69,0.04173913043478261,78,5,1,1,1,1,2,4
9153,-54.57663242846913,1363,24,6,71,0.01760821716801174,78,9,1,1,1,3,1,6
9154,-35.140000000001635,1019,22,4,72,0.021589793915603533,78,6,1,1,1,1,1,5
9155,113.3320202020197,495,24,6,73,0.048484848484848485,78,7,2,1,2,1,2,3
9156,47.55520737326981,868,24,6,72,0.027649769585253458,78,10,1,1,1,2,4,7
9157,-57.08000000000189,1236,23,5,75,0.0186084142394822,78,8,1,1,1,1,3,5
9158,113.47723865877593,507,24,6,68,0.047337278106508875,78,8,2,1,1,1,1,8
9159,105.78417475728081,515,24,6,67,0.04660194174757282,78,6,1,2,1,2,1,3
9160,169.57898305084743,295,24,6,52,0.08135593220338982,78,13,1,1,3,2,4,7
9161,34.640741971206104,903,24,6,73,0.026578073089700997,78,8,2,1,1,1,4,4
9162,-84.55000000000221,1357,23,5,72,0.01694915254237288,78,7,1,1,2,1,1,4
9163,-104.02618379068585,1567,24,6,75,0.015315890236119975,78,6,1,2,1,2,1,3
9164,29.013250283124144,883,24,6,66,0.027180067950169876,78,5,1,1,2,1,1,4
9165,-27.800000000002093,1116,23,5,67,0.02060931899641577,78,10,1,1,2,3,1,6
9166,-10.280000000001658,1017,23,5,75,0.02261553588987217,78,9,1,1,1,3,1,8
9167,-10.600000000002012,1000,23,5,67,0.023,78,8,1,1,1,1,1,9
9168,25.82074197120523,903,24,6,75,0.026578073089700997,78,5,1,2,1,1,2,3
9169,14.097758620687923,928,24,6,67,0.02586206896551724,78,3,1,1,1,1,1,3
9170,-25.95000000000201,1079,23,5,72,0.021316033364226137,78,8,1,1,1,1,2,4
9171,-16.690313901346993,1115,24,6,74,0.021524663677130046,78,5,1,1,1,3,1,3
9172,-10.660000000001983,1003,23,5,73,0.022931206380857428,78,8,1,1,1,1,3,5
9173,-26.940000000000527,1008,22,4,72,0.021825396825396824,78,8,1,1,1,3,3,3
9174,107.08587360594858,538,24,6,66,0.04460966542750929,78,8,1,1,1,3,3,4
9175,-2.8200000000020005,1007,23,5,69,0.022840119165839126,78,11,2,1,3,1,4,6
9176,-52.870000000001085,1109,22,4,75,0.019837691614066726,78,6,1,1,1,1,1,5
9177,-19.370000000001667,1047,23,5,74,0.021967526265520534,78,8,1,1,2,1,2,3
9178,99.63416206261384,543,24,6,61,0.04419889502762431,78,6,1,1,2,1,1,6
9179,44.29376237623607,808,24,6,69,0.0297029702970297,78,5,1,1,1,1,1,6
9180,64.07987012986825,770,24,6,71,0.03116883116883117,78,9,1,1,1,3,1,6
9181,17.699601593623488,1004,24,6,76,0.02390438247011952,78,9,1,1,2,1,4,6
9182,-65.68000000000191,1264,23,5,75,0.01819620253164557,78,7,1,1,1,2,2,3
9183,-26.080000000001785,1021,23,5,75,0.022526934378060724,78,4,1,1,1,1,1,5
9184,-67.57000000000198,1213,23,5,74,0.018961253091508656,78,3,1,1,1,1,2,3
9185,-76.68000000000228,1289,23,5,75,0.017843289371605897,78,5,2,1,1,1,1,5
9186,3.5171817298331387,1029,24,6,74,0.023323615160349854,78,6,1,1,1,1,1,7
9187,33.77820330969095,846,24,6,70,0.028368794326241134,78,4,1,1,1,1,2,4
9188,-45.95000000000178,1119,23,5,72,0.020554066130473638,78,4,1,1,1,1,1,3
9189,-13.860000000002005,1019,23,5,73,0.022571148184494603,78,8,1,1,1,2,2,4
9190,66.06966480446764,716,24,6,73,0.0335195530726257,78,6,1,2,1,1,2,3
9191,-70.13000000000196,1299,23,5,70,0.01770592763664357,78,8,2,1,1,2,1,5
9192,30.02337868480569,882,24,6,75,0.027210884353741496,78,5,2,1,1,2,1,4
9193,-36.02000000000186,1098,23,5,69,0.020947176684881604,78,6,1,1,1,1,2,4
9194,47.869617224878326,836,24,6,71,0.028708133971291867,78,8,1,1,1,3,1,6
9195,-14.730000000002033,1022,23,5,70,0.022504892367906065,78,8,1,2,2,1,1,5
9196,134.36937655860262,401,24,6,64,0.059850374064837904,78,8,1,2,2,1,1,5
9197,-25.42999099910159,1111,24,6,68,0.021602160216021602,78,2,1,1,1,1,2,2
9198,-25.82000000000157,1062,23,5,69,0.021657250470809793,78,7,1,1,2,1,3,5
9199,-32.0100000000013,1017,22,4,69,0.021632251720747297,78,7,1,1,1,2,1,6
9200,54.06966480446762,716,24,6,73,0.0335195530726257,78,2,1,1,1,1,1,2
9201,48.774770889487314,742,24,6,72,0.03234501347708895,78,2,1,1,1,1,1,3
9202,-37.36000000000135,1147,23,5,63,0.02005231037489102,78,9,1,1,3,1,1,5
9203,-28.654748508100838,1173,24,6,70,0.020460358056265986,78,5,1,1,1,1,1,4
9204,34.86682242990495,856,24,6,71,0.028037383177570093,78,5,1,1,1,1,1,4
9205,58.83771392081549,783,24,6,75,0.03065134099616858,78,8,1,2,1,1,1,6
9206,-40.820000000001656,1137,23,5,69,0.020228671943711522,78,7,1,1,1,2,1,5
9207,-108.57000000000247,1403,23,5,74,0.01639344262295082,78,2,1,1,1,1,1,2
9208,-16.640000000001635,1017,23,5,71,0.02261553588987217,78,7,1,1,1,2,1,4
9209,-25.460000000001926,1077,23,5,73,0.02135561745589601,78,8,1,1,1,1,1,8
9210,108.47975332068188,527,24,6,57,0.04554079696394687,78,8,1,1,2,1,2,7
9211,-29.29721854304843,1208,24,6,74,0.019867549668874173,78,7,1,1,1,1,2,6
9212,-4.79917347865775,1101,24,6,75,0.021798365122615803,78,8,1,1,1,2,2,4
9213,-11.000000000002087,1017,23,5,67,0.02261553588987217,78,9,1,1,1,2,4,3
9214,129.6309704641342,474,24,6,74,0.05063291139240506,78,11,1,2,1,2,4,6
9215,-37.230000000000786,1029,22,4,71,0.021379980563654033,78,6,1,1,1,1,1,7
9216,-34.060000000001835,1120,23,5,73,0.020535714285714286,78,8,1,1,1,1,2,7
9217,58.538205128204446,780,24,6,65,0.03076923076923077,78,8,1,1,1,1,4,5
9218,71.20836795252063,674,24,6,70,0.03560830860534125,78,5,2,1,1,1,1,3
9219,33.04350737797768,881,24,6,73,0.02724177071509648,78,6,1,1,1,2,1,5
9220,-71.77000000000217,1369,23,5,74,0.016800584368151936,78,12,2,1,2,3,2,8
9221,28.73655011654854,858,24,6,74,0.027972027972027972,78,3,1,1,1,1,1,2
9222,-36.12144540455834,1273,24,6,76,0.018853102906520033,79,9,1,1,1,1,4,6
9223,157.89335689045896,283,24,6,62,0.08480565371024736,79,8,1,1,2,1,2,4
9224,-28.40000000000201,1089,23,5,67,0.021120293847566574,79,8,1,1,2,3,1,4
9225,-145.5245676274959,1804,24,6,74,0.013303769401330377,79,8,1,1,3,1,2,3
9226,-19.66000000000196,1078,23,5,73,0.021335807050092765,79,10,1,1,3,1,1,7
9227,-139.03404029099215,1787,24,6,75,0.013430330162283156,79,9,1,1,1,2,1,9
9228,-34.06000000000131,1090,23,5,73,0.02110091743119266,79,6,1,1,1,1,1,7
9229,-14.370000000001607,1022,23,5,74,0.022504892367906065,79,8,1,1,1,1,2,5
9230,124.77706940873996,389,24,6,64,0.061696658097686374,79,4,1,1,1,1,2,3
9231,23.94460251045827,956,24,6,72,0.02510460251046025,79,8,1,1,1,1,3,4
9232,92.86641288433577,683,24,6,64,0.03513909224011713,79,13,1,1,3,1,4,8
9233,-34.39175273865634,1278,24,6,73,0.018779342723004695,79,10,1,1,1,3,2,5
9234,-20.690000000000335,1035,23,5,66,0.022222222222222223,79,7,2,1,1,1,3,3
9235,-44.920000000001345,1052,22,4,70,0.02091254752851711,79,5,1,1,1,1,1,4
9236,-43.45000000000148,1031,22,4,73,0.02133850630455868,79,4,1,1,1,2,1,3
9237,-42.06000000000178,1100,23,5,73,0.02090909090909091,79,4,1,1,1,1,2,3
9238,20.412564102562566,975,24,6,75,0.024615384615384615,79,8,1,1,1,2,1,5
9239,11.499502487560555,1005,24,6,76,0.023880597014925373,79,7,1,1,1,2,2,3
9240,-18.059999999999572,1070,23,5,73,0.02149532710280374,79,10,1,1,1,3,3,7
9241,85.1545086705192,692,24,6,65,0.03468208092485549,79,11,1,1,2,3,1,8
9242,54.25627906976854,860,24,6,62,0.027906976744186046,79,12,1,2,2,1,3,9
9243,-27.02000000000158,1038,23,5,69,0.022157996146435453,79,5,2,1,2,1,1,3
9244,-1.1561913696067023,1066,24,6,71,0.0225140712945591,79,7,1,1,1,1,2,3
9245,-12.590000000001202,1029,23,5,76,0.022351797862001945,79,9,1,1,2,3,1,4
9246,-78.6800000000024,1344,23,5,75,0.01711309523809524,79,8,1,1,1,1,2,6
9247,91.57260162601474,615,24,6,65,0.03902439024390244,79,8,2,1,1,1,2,5
9248,-93.88000000000225,1375,23,5,75,0.016727272727272726,79,5,1,1,1,1,1,5
9249,5.84990009989834,1001,24,6,71,0.023976023976023976,79,5,1,1,1,1,1,5
9250,-28.570000000001542,1033,23,5,74,0.022265246853823813,79,4,1,1,1,1,2,4
9251,80.24054830287119,766,24,6,75,0.031331592689295036,81,14,2,2,3,3,2,8
9252,152.5902702702698,370,24,6,64,0.06486486486486487,81,12,1,1,3,3,2,5
9253,-30.15000000000149,1070,23,5,72,0.02149532710280374,81,6,1,2,1,1,1,4
9254,-33.62000000000185,1071,23,5,69,0.021475256769374416,81,5,1,1,1,1,1,5
9255,-62.22000000000211,1229,23,5,69,0.01871440195280716,81,6,1,1,2,2,1,5
9256,-31.990000000000695,1016,22,4,67,0.021653543307086614,81,7,1,2,1,1,1,4
9257,-58.7500000000022,1273,23,5,72,0.018067556952081697,81,10,2,1,3,1,1,8
9258,122.57834061135298,458,24,6,60,0.05240174672489083,81,8,1,1,3,1,2,6
9259,-60.35000000000175,1236,23,5,72,0.0186084142394822,81,7,1,1,2,1,1,4
9260,95.30094017093886,585,24,6,73,0.041025641025641026,81,7,1,1,1,2,2,6
9261,-23.750000000000373,1023,23,5,72,0.022482893450635387,81,5,2,1,1,1,1,5
9262,5.745969289825263,1042,24,6,61,0.023032629558541268,81,8,1,1,1,2,1,4
9263,-38.37000000000168,1127,23,5,74,0.02040816326530612,81,7,1,1,1,1,2,4
9264,-90.35000000000107,1341,23,5,72,0.01715137956748695,81,4,1,1,1,1,1,2
9265,8.721214574897271,988,24,6,74,0.024291497975708502,81,5,1,1,1,1,1,4
9266,-52.72193598751167,1281,24,6,76,0.01873536299765808,81,4,1,1,1,1,2,3
9267,94.64638935108015,601,24,6,68,0.03993344425956739,81,8,1,1,1,1,2,6
9268,-57.92000000000119,1132,22,4,70,0.019434628975265017,81,6,2,1,1,1,2,4
9269,12.029900099898333,1001,24,6,73,0.023976023976023976,81,7,2,1,1,1,1,4
9270,-435.1695400548127,3283,24,6,76,0.007310386841303686,81,10,1,1,2,3,1,7
9271,95.5308318264002,553,24,6,71,0.0433996383363472,81,5,1,1,1,1,3,2
9272,-65.77000000000224,1264,23,5,74,0.01819620253164557,81,7,1,1,1,2,2,4
9273,-60.3800000000019,1233,23,5,65,0.0186536901865369,81,7,1,1,1,1,1,4
9274,-23.44000000000164,1021,23,5,71,0.022526934378060724,81,5,1,1,2,1,2,3
9275,133.24675736961552,441,24,6,74,0.05442176870748299,81,10,1,1,1,2,3,5
9276,-85.73155373032436,1461,24,6,76,0.01642710472279261,81,5,1,1,1,1,2,5
9277,-99.71000000000255,1386,23,5,68,0.016594516594516596,81,4,1,1,1,1,2,3
9278,61.375317997291894,739,24,6,72,0.03247631935047361,81,6,1,1,2,2,2,2
9279,-19.640000000002015,1047,23,5,71,0.021967526265520534,81,8,1,1,2,1,4,4
9280,-21.860000000001914,1059,23,5,73,0.021718602455146365,81,8,1,1,1,1,2,8
9281,40.56077294685829,828,24,6,72,0.028985507246376812,81,5,1,1,1,1,1,5
9282,-20.35000000000183,1021,23,5,72,0.022526934378060724,81,6,2,1,1,1,1,6
9283,77.32025641025487,624,24,6,60,0.038461538461538464,81,4,1,1,1,1,1,3
9284,135.82069767441794,344,24,6,53,0.06976744186046512,81,5,1,1,1,1,2,3
9285,-34.97000000000094,1045,22,4,65,0.021052631578947368,81,8,1,1,2,3,2,5
9286,-81.15000000000235,1310,23,5,72,0.017557251908396947,81,5,1,1,1,1,1,3
9287,-17.51189427312933,1135,24,6,76,0.021145374449339206,81,6,1,1,1,2,1,6
9288,-49.260000000001554,1121,23,5,73,0.020517395182872437,81,3,1,1,1,1,1,4
9289,47.768700128698256,777,24,6,72,0.03088803088803089,81,4,1,2,1,1,1,3
9290,69.52774104683014,726,24,6,67,0.03305785123966942,81,8,1,1,1,1,2,7
9291,-33.060000000001935,1115,23,5,73,0.02062780269058296,81,8,1,1,1,2,3,3
9292,-41.62000000000186,1126,23,5,69,0.020426287744227355,81,6,1,1,1,1,1,4
9293,66.25265335235218,701,24,6,75,0.034236804564907276,81,5,1,1,1,1,2,5
9294,113.87730496453929,564,24,6,66,0.0425531914893617,81,12,1,1,2,3,3,4
9295,-50.460000000001784,1202,23,5,73,0.01913477537437604,81,8,1,1,1,1,2,5
9296,100.87047619047496,525,24,6,68,0.045714285714285714,81,5,1,1,2,1,2,2
9297,-22.450000000001182,1016,22,4,73,0.021653543307086614,81,10,1,1,1,2,3,6
9298,-25.970000000001885,1065,23,5,74,0.0215962441314554,81,7,1,1,1,1,2,4
9299,-61.32447129909558,1324,24,6,76,0.01812688821752266,81,4,1,1,1,1,1,4
9300,76.55974440894428,626,24,6,56,0.038338658146964855,81,4,1,1,1,1,1,3
9301,-40.04000000000167,1089,23,5,71,0.021120293847566574,81,4,1,1,1,1,1,4
9302,-39.43000000000157,1040,22,4,71,0.021153846153846155,81,6,1,1,1,2,1,5
9303,-55.12609016999505,1353,24,6,76,0.017738359201773836,81,8,1,1,2,1,2,5
9304,-27.05735537190289,1210,24,6,70,0.019834710743801654,81,8,1,2,2,1,1,5
9305,-20.559338168632443,1103,24,6,71,0.021758839528558477,81,3,1,1,1,1,1,3
9306,27.51363636363459,880,24,6,76,0.02727272727272727,81,4,1,1,1,1,1,4
9307,-43.84000000000188,1153,23,5,71,0.0199479618386817,81,7,1,1,1,1,1,6
9308,-24.35000000000181,1041,23,5,72,0.022094140249759846,81,6,1,1,1,1,3,5
9309,11.91980039920021,1002,24,6,74,0.023952095808383235,81,7,1,1,3,1,1,6
9310,88.22155088852877,619,24,6,70,0.03877221324717286,81,7,1,1,1,1,4,5
9311,119.46097046413443,474,24,6,61,0.05063291139240506,81,8,2,1,1,1,2,5
9312,-32.84000000000174,1068,23,5,71,0.02153558052434457,81,5,1,1,2,1,2,3
9313,54.24966480446754,716,24,6,75,0.0335195530726257,81,2,1,1,1,1,1,3
9314,79.47623978201497,734,24,6,62,0.0326975476839237,81,12,1,1,3,2,2,6
9315,-21.200000000001847,1053,23,5,67,0.02184235517568851,81,8,1,1,1,2,1,5
9316,-64.73000000000175,1227,23,5,70,0.018744906275468622,81,5,1,1,1,1,1,4
9317,67.9645086705187,692,24,6,74,0.03468208092485549,81,5,1,1,1,3,1,4
9318,14.319502487560769,1005,24,6,74,0.023880597014925373,81,8,1,1,2,1,1,8
9319,-20.130000000001804,1034,23,5,70,0.022243713733075435,81,7,1,1,1,3,1,4
9320,-44.64000000000159,1127,23,5,71,0.02040816326530612,81,5,1,1,1,3,1,2
9321,-30.000000000001855,1067,23,5,67,0.02155576382380506,81,6,1,1,1,1,1,5
9322,138.81510204081553,392,24,6,60,0.061224489795918366,81,9,2,1,1,1,3,5
9323,-159.86000000000155,1689,23,5,73,0.013617525162818236,81,4,1,1,2,1,1,3
9324,68.5671742112471,729,24,6,63,0.03292181069958848,81,8,2,1,3,1,2,2
9325,43.241065375300686,826,24,6,64,0.029055690072639227,81,6,1,1,1,1,4,4
9326,-13.62000000000175,1076,23,5,69,0.02137546468401487,81,12,2,1,3,2,1,9
9327,-43.06063492063713,1260,24,6,70,0.01904761904761905,81,6,1,1,1,1,2,3
9328,89.41197568389119,658,24,6,70,0.0364741641337386,81,10,1,2,1,3,3,3
9329,-16.231111111112824,1125,24,6,68,0.021333333333333333,81,6,1,1,1,1,1,5
9330,0.02699321047346004,1031,24,6,73,0.023278370514064017,81,5,1,1,1,1,2,4
9331,-32.10000000000194,1088,23,5,57,0.021139705882352942,81,7,1,2,1,1,2,3
9332,-35.83000000000138,1022,22,4,71,0.021526418786692758,81,6,1,1,1,2,1,4
9333,-36.66000000000188,1148,23,5,73,0.02003484320557491,81,9,1,1,1,2,1,6
9334,5.534073377232472,1063,24,6,72,0.022577610536218252,81,9,2,1,2,1,2,4
9335,-70.51000000000235,1300,23,5,68,0.01769230769230769,81,8,1,1,2,1,3,5
9336,-70.93000000000086,1107,21,3,72,0.018970189701897018,81,5,1,1,1,1,1,5
9337,68.71265335235212,701,24,6,69,0.034236804564907276,81,6,1,1,1,2,1,3
9338,52.11531328320605,798,24,6,67,0.03007518796992481,81,7,1,1,1,1,1,7
9339,-85.0600000000024,1330,23,5,73,0.017293233082706767,81,5,1,1,1,1,3,2
9340,-34.51000000000064,1045,23,5,68,0.02200956937799043,81,3,1,1,1,1,1,4
9341,-31.200000000001605,1073,23,5,67,0.021435228331780055,81,6,1,1,1,1,2,5
9342,-87.13324432576981,1498,24,6,76,0.01602136181575434,81,7,1,1,2,1,1,5
9343,89.71265335235276,701,24,6,69,0.034236804564907276,81,13,2,1,1,1,4,10
9344,-18.95000000000195,1029,23,5,72,0.022351797862001945,81,7,1,1,1,1,1,6
9345,24.01615711252464,942,24,6,75,0.025477707006369428,81,7,1,1,1,1,4,3
9346,156.76446540880664,318,24,6,61,0.07547169811320754,81,10,2,1,1,1,4,4
9347,142.44940119760423,334,24,6,71,0.0718562874251497,81,6,1,1,1,1,4,4
9348,-107.48000000000255,1473,23,5,75,0.015614392396469789,81,7,1,1,1,1,3,4
9349,-62.46000000000189,1187,23,5,73,0.019376579612468407,81,3,1,1,1,1,1,4
9350,-23.130000000001175,1064,23,5,70,0.021616541353383457,81,8,2,1,1,1,1,5
9351,-38.33000000000161,1050,23,5,70,0.021904761904761906,81,2,1,1,1,1,1,3
9352,25.907181136118812,933,24,6,76,0.02572347266881029,81,7,1,2,1,2,2,5
9353,20.03245901639218,976,24,6,73,0.02459016393442623,81,8,1,1,1,2,2,5
9354,-17.419999999999266,1080,23,5,69,0.021296296296296296,81,11,1,1,2,2,4,6
9355,54.0564222503141,791,24,6,73,0.03034134007585335,81,7,1,1,2,2,1,3
9356,-37.4800000000015,1048,23,5,75,0.02194656488549618,81,2,1,1,1,1,1,2
9357,-51.770000000001154,1164,23,5,74,0.019759450171821305,81,5,1,1,1,1,2,3
9358,-16.970000000001896,1005,23,5,74,0.022885572139303482,81,6,1,1,1,2,2,3
9359,86.42880952380806,672,24,6,68,0.03571428571428571,81,10,2,1,1,1,2,8
9360,31.095485232066576,948,24,6,67,0.02531645569620253,81,10,2,1,1,1,2,8
9361,39.954155251139454,876,24,6,72,0.0273972602739726,81,8,1,1,2,2,1,7
9362,-21.310000000001803,1099,23,5,68,0.020928116469517744,81,11,1,1,3,1,4,4
9363,89.1860062402484,641,24,6,63,0.0374414976599064,81,9,1,1,1,1,3,7
9364,104.9345018450183,542,24,6,51,0.04428044280442804,81,8,1,1,2,1,3,3
9365,-6.357149489324026,1077,24,6,71,0.022284122562674095,81,6,1,1,1,1,1,7
9366,-46.52000000000149,1045,22,4,70,0.021052631578947368,81,4,1,1,1,2,1,3
9367,-18.889990999101336,1111,24,6,74,0.021602160216021602,81,4,1,1,1,1,1,5
9368,-13.950000000001076,1019,23,5,72,0.022571148184494603,81,8,2,1,1,1,1,5
9369,79.87197568388898,658,24,6,64,0.0364741641337386,81,7,1,1,1,1,1,8
9370,90.99611295681073,602,24,6,63,0.03986710963455149,81,7,1,1,1,3,1,6
9371,-74.68000000000238,1339,23,5,75,0.01717699775952203,81,9,1,1,1,1,2,7
9372,124.1357613168714,486,24,6,73,0.04938271604938271,81,10,2,1,2,1,3,3
9373,-279.3593330622142,2459,24,6,76,0.009760065067100447,81,7,1,1,1,1,3,4
9374,-26.966317991633836,1195,24,6,71,0.0200836820083682,81,7,1,1,1,1,3,5
9375,-26.530000000000285,1036,23,5,70,0.0222007722007722,81,5,2,1,1,2,1,3
9376,20.06111111110942,900,24,6,71,0.02666666666666667,81,3,1,1,1,1,1,4
9377,44.05106537530069,826,24,6,73,0.029055690072639227,81,6,1,1,1,1,1,6
9378,-19.860000000001982,1034,23,5,73,0.022243713733075435,81,7,1,1,1,1,1,5
9379,39.26990407673675,834,24,6,71,0.02877697841726619,81,5,1,1,2,1,1,3
9380,117.46491803278582,488,24,6,70,0.04918032786885246,81,8,1,2,1,1,3,5
9381,-23.340000000001158,1005,22,4,72,0.021890547263681594,81,9,1,1,3,1,1,5
9382,24.47504201680482,952,24,6,69,0.025210084033613446,81,8,1,1,1,1,2,8
9383,-29.890000000000413,1066,23,5,66,0.021575984990619138,81,6,1,1,2,1,1,4
9384,51.47453300124337,803,24,6,71,0.029887920298879204,81,7,1,1,1,1,1,8
9385,-20.77000000000138,1039,23,5,74,0.02213666987487969,81,7,1,2,1,1,4,3
9386,-41.050000000001546,1034,22,4,73,0.02127659574468085,81,5,1,1,1,1,1,3
9387,51.8326259946936,754,24,6,66,0.03183023872679045,81,4,1,1,1,1,1,5
9388,70.5702083333318,768,24,6,72,0.03125,81,11,2,1,1,3,1,9
9389,-112.62957703927803,1655,24,6,75,0.014501510574018127,81,9,1,2,2,1,1,8
9390,-25.540000000000312,1016,22,4,72,0.021653543307086614,81,9,1,2,1,1,2,8
9391,-79.46000000000194,1302,23,5,73,0.017665130568356373,81,5,1,1,1,1,1,6
9392,-24.750000000001872,1028,23,5,72,0.02237354085603113,81,5,1,1,2,1,2,4
9393,-131.3418266433992,1719,24,6,76,0.013961605584642234,81,7,1,1,1,2,1,6
9394,-20.040000000002,1034,23,5,71,0.022243713733075435,81,7,2,1,1,1,1,5
9395,95.42313213703007,613,24,6,70,0.03915171288743882,81,9,1,1,1,2,4,3
9396,49.234843945066956,801,24,6,75,0.0299625468164794,81,6,1,1,1,1,1,5
9397,-31.44000000000162,1121,23,5,71,0.020517395182872437,81,9,2,2,1,2,1,6
9398,-8.790394265234923,1116,24,6,64,0.021505376344086023,81,8,1,1,2,1,3,5
9399,68.13224751066689,703,24,6,67,0.034139402560455195,81,6,1,1,2,1,2,3
9400,73.04430014429846,693,24,6,66,0.03463203463203463,81,7,1,1,2,1,2,6
9401,-25.440000000001767,1016,23,5,71,0.022637795275590553,81,4,1,1,1,1,2,3
9402,88.25822784809989,632,24,6,66,0.0379746835443038,81,8,2,1,1,1,3,4
9403,86.37366612111262,611,24,6,65,0.03927986906710311,81,6,1,1,2,1,1,6
9404,-54.050000000001766,1140,23,5,62,0.02017543859649123,81,3,1,1,1,1,1,3
9405,15.62373443983232,964,24,6,64,0.024896265560165973,81,6,1,1,1,1,2,4
9406,-22.310000000001885,1029,23,5,68,0.022351797862001945,81,6,1,1,1,1,2,3
9407,-12.138256880735577,1090,24,6,69,0.022018348623853212,81,5,1,1,1,2,1,4
9408,-26.770000000001424,1099,23,5,74,0.020928116469517744,81,9,2,1,3,1,2,3
9409,-71.73108201240785,1451,24,6,76,0.016540317022742935,81,9,1,2,1,1,2,5
9410,-40.45000000000108,1031,22,4,73,0.02133850630455868,81,5,1,1,1,2,1,5
9411,45.52422360248278,805,24,6,76,0.02981366459627329,81,5,1,1,1,2,2,2
9412,54.07422360248245,805,24,6,71,0.02981366459627329,81,8,2,1,1,1,3,5
9413,118.40325203251925,492,24,6,56,0.04878048780487805,81,9,1,1,1,2,2,6
9414,-59.95000000000176,1219,23,5,72,0.018867924528301886,81,6,1,1,1,1,2,6
9415,63.67060240963696,664,24,6,64,0.03614457831325301,81,2,1,1,1,2,1,2
9416,-21.750000000001833,1013,23,5,72,0.022704837117472853,81,5,1,1,2,1,1,4
9417,-63.13000000000174,1309,23,5,70,0.01757066462948816,81,11,1,1,1,2,4,6
9418,59.52404825737096,746,24,6,67,0.032171581769437,81,6,1,1,1,3,1,5
9419,-60.57000000000216,1268,23,5,74,0.018138801261829655,81,9,1,1,1,1,4,4
9420,152.0604166666667,384,24,6,56,0.0625,81,13,1,1,3,3,3,5
9421,-72.361082012408,1451,24,6,69,0.016540317022742935,81,9,1,1,2,1,3,5
9422,51.47224938875129,818,24,6,71,0.029339853300733496,81,8,1,1,1,1,3,6
9423,-54.48000000000028,1098,22,4,66,0.020036429872495445,81,5,1,1,1,1,1,4
9424,-17.440000000001923,1006,23,5,71,0.02286282306163022,81,6,1,1,1,3,2,4
9425,-4.090071942448088,1112,24,6,74,0.02158273381294964,81,9,1,2,3,1,2,3
9426,-113.28000000000264,1442,23,5,75,0.0159500693481276,81,3,1,1,1,1,1,2
9427,-18.020000000002064,1053,23,5,69,0.02184235517568851,81,9,1,2,1,2,1,4
9428,49.37454753722722,873,24,6,70,0.027491408934707903,81,11,1,1,2,3,2,5
9429,-57.723430321594606,1306,24,6,76,0.018376722817764167,81,4,1,1,1,1,2,2
9430,95.48094017093918,585,24,6,75,0.041025641025641026,81,7,1,1,1,1,1,5
9431,-45.590000000001645,1119,23,5,76,0.020554066130473638,81,4,1,1,2,1,1,3
9432,-19.1700000000016,1001,23,5,74,0.022977022977022976,81,5,1,1,1,1,1,5
9433,-40.290000000001385,1043,23,5,66,0.02205177372962608,81,1,1,1,1,1,1,2
9434,-37.83000000000049,1002,22,4,71,0.021956087824351298,81,4,2,1,1,1,1,4
9435,39.89269938650163,815,24,6,69,0.029447852760736196,81,4,1,1,1,1,1,3
9436,-17.490000000001988,1049,23,5,66,0.0219256434699714,81,9,2,1,1,1,2,4
9437,-15.140714285715056,1120,24,6,69,0.02142857142857143,81,6,1,1,1,1,1,6
9438,-92.73000000000232,1382,23,5,70,0.016642547033285094,81,6,1,1,2,1,1,5
9439,51.88227513227328,756,24,6,71,0.031746031746031744,81,4,2,1,1,1,2,2
9440,27.676837606835672,936,24,6,69,0.02564102564102564,81,8,1,1,2,1,2,4
9441,41.96180267965764,821,24,6,72,0.029232643118148598,81,5,1,1,2,2,1,3
9442,-46.0500000000011,1094,22,5,73,0.02010968921389397,81,4,1,1,1,1,1,3
9443,-29.020000000001865,1048,23,5,69,0.02194656488549618,81,5,1,1,1,1,3,3
9444,-23.33000000000179,1005,23,5,70,0.022885572139303482,81,4,1,1,1,1,2,2
9445,-80.4600000000021,1322,23,5,73,0.01739788199697428,81,6,1,1,1,1,2,3
9446,-40.72101105845401,1266,24,6,76,0.018957345971563982,81,7,1,1,1,1,1,4
9447,54.690336943440755,831,24,6,69,0.02888086642599278,81,10,2,1,1,2,2,5
9448,-56.99000000000165,1191,23,5,76,0.019311502938706968,81,5,1,1,1,1,1,5
9449,-80.48000000000228,1278,23,5,75,0.017996870109546165,81,3,1,1,1,2,1,3
9450,89.67858841010315,673,24,6,73,0.03566121842496285,81,11,1,1,2,1,4,5
9451,-36.31000000000175,1084,23,5,68,0.021217712177121772,81,5,1,1,1,1,3,4
9452,61.23037809647817,767,24,6,66,0.03129074315514994,81,8,1,1,2,1,1,4
9453,79.61586956521643,736,24,6,68,0.03260869565217391,81,12,1,2,3,1,4,4
9454,-51.22000000000071,1023,21,3,71,0.020527859237536656,81,6,1,1,1,1,1,3
9455,-255.47999999999627,2183,23,5,75,0.010535959688502062,81,5,1,1,1,1,2,4
9456,15.031419878294669,986,24,6,73,0.02434077079107505,81,7,1,1,2,1,2,5
9457,-14.280000000001866,1007,23,5,75,0.022840119165839126,81,7,1,1,1,1,1,5
9458,-71.9900000000023,1296,23,5,76,0.017746913580246913,81,7,1,1,2,1,1,4
9459,81.54598540145949,685,24,6,76,0.035036496350364967,81,9,1,1,2,2,2,6
9460,-74.99000000000225,1281,23,5,76,0.01795472287275566,81,5,1,1,1,1,1,3
9461,-88.48000000000243,1378,23,5,75,0.016690856313497822,81,7,1,1,2,1,2,5
9462,99.95977928692571,589,24,6,67,0.04074702886247878,81,9,1,1,1,2,3,6
9463,64.25315579227585,751,24,6,64,0.03195739014647137,81,8,1,1,1,1,4,4
9464,31.4554852320654,948,24,6,71,0.02531645569620253,81,10,1,1,3,3,2,4
9465,-99.37000000000216,1417,23,5,74,0.016231474947071278,81,6,1,1,1,1,1,5
9466,-27.150000000001818,1025,23,5,72,0.0224390243902439,81,4,1,1,1,1,1,5
9467,-35.950000000001864,1114,23,5,72,0.02064631956912029,81,7,1,1,2,1,1,4
9468,96.88698587127016,637,24,6,73,0.03767660910518053,81,11,1,1,2,1,3,9
9469,-19.42000000000195,1030,23,5,69,0.02233009708737864,81,7,1,1,1,1,1,8
9470,-59.44000000000181,1216,23,5,71,0.018914473684210526,81,6,1,1,1,1,2,4
9471,-169.99000000000103,1846,23,5,76,0.012459371614301192,81,11,1,1,1,1,4,7
9472,118.39960079840237,501,24,6,76,0.04790419161676647,81,9,1,1,2,2,2,4
9473,-6.9949429657809645,1052,24,6,75,0.022813688212927757,81,4,1,1,1,1,2,3
9474,-31.93000000000177,1078,23,5,70,0.021335807050092765,81,6,2,1,2,1,1,3
9475,-41.93000000000204,1188,23,5,70,0.01936026936026936,82,10,2,2,1,2,2,5
9476,30.87254901960694,816,24,6,71,0.029411764705882353,82,1,1,1,1,1,1,2
9477,4.487943192946181,1021,24,6,67,0.023506366307541625,82,6,1,1,3,1,1,4
9478,-107.48000000000287,1503,23,5,75,0.015302727877578177,82,9,2,1,1,2,2,5
9479,-68.12000000000161,1183,22,4,70,0.018596787827557058,82,6,1,1,2,1,1,4
9480,71.60313935681309,653,24,6,61,0.036753445635528334,82,4,1,1,1,1,1,3
9481,-29.240000000001423,1035,23,5,71,0.022222222222222223,82,4,1,1,1,1,1,4
9482,-18.692280701755994,1140,24,6,74,0.021052631578947368,82,6,1,1,1,2,2,5
9483,-48.71000000000167,1086,23,5,68,0.02117863720073665,82,1,1,1,1,1,1,2
9484,146.47487804878025,328,24,6,69,0.07317073170731707,82,7,1,1,3,2,1,4
9485,-54.570000000002054,1223,23,5,74,0.018806214227309895,82,8,2,1,1,1,1,5
9486,86.04286644950994,614,24,6,68,0.03908794788273615,82,6,1,2,1,1,1,3
9487,48.36919896640641,774,24,6,72,0.031007751937984496,82,4,1,1,1,1,2,2
9488,-43.5200000000016,1045,22,4,70,0.021052631578947368,82,5,1,1,1,1,1,3
9489,98.47723865877602,507,24,6,68,0.047337278106508875,82,3,1,1,1,1,1,3
9490,-28.260000000001632,1046,23,5,73,0.02198852772466539,82,5,1,1,2,1,1,5
9491,126.75584905660334,424,24,6,64,0.05660377358490566,82,7,1,1,1,1,3,4
9492,114.16675736961356,441,24,6,62,0.05442176870748299,82,4,1,1,1,1,2,3
9493,-40.280000000001685,1107,23,5,75,0.02077687443541102,82,5,1,2,1,1,1,5
9494,119.69213075060443,413,24,6,61,0.05811138014527845,82,4,1,1,2,1,2,2
9495,-50.480000000001844,1188,23,5,75,0.01936026936026936,82,7,1,1,2,1,1,5
9496,78.53698630136815,730,24,6,76,0.03287671232876712,82,11,1,1,3,1,3,8
9497,-71.17000000000209,1306,23,5,74,0.01761102603369066,82,8,1,1,1,2,2,5
9498,28.26441647597092,874,24,6,71,0.02745995423340961,82,4,1,1,1,1,1,4
9499,-47.770000000001914,1159,23,5,74,0.01984469370146678,82,6,1,2,2,1,1,3
9500,-71.82000000000215,1292,23,5,69,0.01780185758513932,82,7,1,1,1,1,1,8
9501,-128.68000000000282,1519,23,5,75,0.015141540487162607,82,3,1,1,1,1,2,3
9502,-81.46000000000177,1237,23,5,73,0.018593371059013743,82,0,1,1,1,1,1,1
9503,54.641752305663545,759,24,6,75,0.03162055335968379,82,5,1,1,1,1,1,6
9504,47.79140604467626,761,24,6,70,0.03153745072273324,82,3,1,1,1,1,1,3
9505,46.78330456226686,811,24,6,70,0.029593094944512947,82,6,1,1,1,1,2,5
9506,76.76527950310405,644,24,6,65,0.037267080745341616,82,5,1,1,1,1,2,4
9507,-59.77000000000091,1234,23,5,74,0.018638573743922204,82,7,1,1,1,1,3,5
9508,-57.97000000000187,1180,23,5,74,0.019491525423728815,82,4,1,1,1,1,1,4
9509,94.71939393939277,528,24,6,73,0.045454545454545456,82,3,1,1,1,1,1,4
9510,-34.86000000000088,1124,23,5,73,0.020462633451957295,82,8,1,1,1,2,1,8
9511,158.4032258064518,248,24,6,56,0.0967741935483871,82,6,1,1,1,1,2,3
9512,-42.46000000000123,1072,23,5,73,0.021455223880597014,82,2,1,1,1,1,1,2
9513,17.612669404515557,974,24,6,75,0.024640657084188913,82,7,1,1,2,1,1,5
9514,-14.199338168632766,1103,24,6,75,0.021758839528558477,82,5,1,1,1,1,1,5
9515,-69.15000000000228,1295,23,5,72,0.01776061776061776,82,8,1,2,1,1,1,7
9516,-18.110000000002046,1038,23,5,68,0.022157996146435453,82,8,1,1,1,2,2,4
9517,102.62455252918178,514,24,6,63,0.04669260700389105,82,5,1,1,1,1,1,4
9518,33.48806375442558,847,24,6,69,0.02833530106257379,82,4,1,1,1,1,1,4
9519,-168.4800000000007,1778,23,5,75,0.012935883014623173,82,7,1,1,1,1,2,7
9520,8.724384133609984,958,24,6,74,0.025052192066805846,82,3,1,1,1,1,1,3
9521,-28.700000000001722,1000,22,4,68,0.022,82,7,1,1,1,1,2,5
9522,29.740132158590345,908,24,6,63,0.02643171806167401,82,7,1,1,1,1,3,5
9523,-27.020000000001865,1053,23,5,69,0.02184235517568851,82,6,1,1,1,1,1,6
9524,20.389649122805174,912,24,6,68,0.02631578947368421,82,4,1,1,1,2,1,2
9525,-22.342357581070438,1141,24,6,69,0.021034180543382998,82,5,1,1,1,2,1,3
9526,-62.1900000000021,1217,23,5,76,0.018898931799506986,82,5,1,1,1,1,1,5
9527,91.60583747926901,603,24,6,72,0.03980099502487562,82,7,1,1,1,1,3,3
9528,-84.99000000000196,1301,23,5,76,0.017678708685626442,82,3,1,1,1,1,2,3
9529,-19.311426040745594,1129,24,6,76,0.021257750221434897,82,5,1,1,1,1,2,3
9530,29.457758620687688,928,24,6,71,0.02586206896551724,82,8,1,1,2,2,1,4
9531,94.92064846416251,586,24,6,71,0.040955631399317405,82,7,1,1,1,1,2,6
9532,32.27952902519105,913,24,6,69,0.02628696604600219,82,8,2,1,2,1,1,5
9533,-111.62589743590016,1560,24,6,75,0.015384615384615385,82,3,1,1,1,1,1,4
9534,-35.93000000000189,1098,23,5,70,0.020947176684881604,82,6,1,1,1,1,1,5
9535,-60.2400000000017,1175,23,5,71,0.01957446808510638,82,3,1,1,1,1,2,2
9536,-19.06000000000037,1015,23,5,73,0.022660098522167486,82,6,1,2,1,2,3,3
9537,-40.48000000000168,1078,23,5,75,0.021335807050092765,82,3,1,1,1,1,1,3
9538,-11.265392620625745,1057,24,6,72,0.02270577105014191,82,3,1,1,1,1,1,4
9539,145.25855153203304,359,24,6,58,0.06685236768802229,82,9,1,1,3,1,1,7
9540,-48.35000000000204,1191,23,5,72,0.019311502938706968,82,8,2,1,1,3,1,4
9541,20.23928961748462,915,24,6,73,0.02622950819672131,82,4,1,1,1,1,1,4
9542,75.45598540145824,685,24,6,75,0.035036496350364967,82,7,1,1,1,1,2,6
9543,14.452774922917262,973,24,6,71,0.024665981500513873,82,6,1,1,1,2,2,3
9544,-121.74068801898252,1686,24,6,76,0.014234875444839857,82,8,1,1,1,1,2,8
9545,-6.110000000001542,1038,23,5,68,0.022157996146435453,82,12,1,2,1,2,2,9
9546,-23.620000000001934,1081,23,5,69,0.02127659574468085,82,9,1,1,1,1,3,6
9547,0.8460614793454031,1041,24,6,71,0.023054755043227664,82,6,1,1,2,1,1,3
9548,-23.510000000000904,1020,23,5,68,0.022549019607843137,82,5,1,1,1,1,2,3
9549,-63.60000000000124,1205,23,5,67,0.019087136929460582,82,4,1,1,1,1,1,3
9550,-22.49589571068323,1189,24,6,74,0.020185029436501262,82,8,2,1,1,1,2,4
9551,-12.909999999998105,1057,23,5,68,0.021759697256385997,82,11,2,1,3,1,3,6
9552,117.44276595744574,470,24,6,63,0.05106382978723404,82,7,1,1,2,1,3,4
9553,-48.230000000001645,1069,22,4,71,0.0205799812909261,82,5,1,1,1,1,3,3
9554,-33.44000000000159,1116,23,5,71,0.02060931899641577,82,8,1,2,3,1,1,4
9555,122.42833333333235,480,24,6,74,0.05,82,9,2,1,1,1,3,4
9556,90.95977928692568,589,24,6,67,0.04074702886247878,82,6,1,2,1,1,2,3
9557,25.5104972375673,905,24,6,76,0.026519337016574586,82,5,1,1,2,1,1,3
9558,-33.46000000000174,1042,23,5,73,0.022072936660268713,82,3,1,1,1,1,1,4
9559,65.18698630136828,730,24,6,61,0.03287671232876712,82,7,1,1,1,1,1,7
9560,-176.72858611825117,1945,24,6,74,0.012339331619537276,82,7,1,1,1,2,3,3
9561,-168.43663820704347,1874,24,6,75,0.012806830309498399,82,5,1,1,1,2,2,3
9562,-32.61000000000171,1020,22,4,69,0.021568627450980392,82,7,1,1,1,1,1,5
9563,-36.59000000000174,1074,23,5,76,0.021415270018621976,82,4,1,1,1,1,1,3
9564,88.9409401709388,585,24,6,69,0.041025641025641026,82,5,1,1,1,1,2,3
9565,82.93999999999853,625,24,6,58,0.0384,82,6,1,1,1,2,1,3
9566,29.960375275936364,906,24,6,61,0.026490066225165563,82,7,1,1,1,1,2,6
9567,-40.22000000000125,1074,23,5,69,0.021415270018621976,82,3,1,1,1,2,1,3
9568,79.0443001443003,693,24,6,66,0.03463203463203463,82,9,1,1,3,1,2,4
9569,-17.440000000001547,1036,23,5,71,0.0222007722007722,82,8,1,1,2,1,1,7
9570,-17.40000000000188,1004,23,5,67,0.022908366533864542,82,6,1,1,2,1,1,5
9571,-16.111347517732238,1128,24,6,76,0.02127659574468085,82,6,1,1,2,1,2,5
9572,-46.23000000000155,1029,22,4,71,0.021379980563654033,82,3,1,1,1,1,1,4
9573,68.06315579227517,751,24,6,73,0.03195739014647137,82,9,2,1,1,1,2,8
9574,-26.730000000001844,1052,23,5,70,0.021863117870722433,82,6,1,1,1,1,2,4
9575,-84.37000000000235,1402,23,5,74,0.016405135520684736,82,10,1,1,2,1,4,4
9576,-78.08000000000243,1341,23,5,75,0.01715137956748695,82,8,1,1,1,1,3,6
9577,131.24148148148115,432,24,6,65,0.05555555555555555,82,9,1,2,1,2,1,5
9578,-81.3700000000017,1282,23,5,74,0.01794071762870515,82,3,1,1,1,1,1,2
9579,-53.42000000000098,1049,21,3,71,0.02001906577693041,82,7,1,1,2,1,1,5
9580,-150.23529540481508,1828,24,6,75,0.01312910284463895,82,8,1,1,1,1,2,8
9581,-32.1300000000019,1079,23,5,70,0.021316033364226137,82,6,1,1,2,2,2,3
9582,-65.79727272727494,1375,24,6,73,0.017454545454545455,82,6,1,1,2,1,1,3
9583,79.28037593984875,665,24,6,73,0.03609022556390978,82,7,1,1,1,1,4,5
9584,29.22286681715385,886,24,6,75,0.02708803611738149,82,5,1,1,1,2,1,3
9585,-19.8200000000016,1002,23,5,69,0.022954091816367265,82,5,2,1,1,1,2,4
9586,-33.64000000000142,1042,23,5,71,0.022072936660268713,82,3,1,1,1,1,1,3
9587,-44.280000000001515,1142,23,5,75,0.020140105078809107,82,6,1,1,1,2,1,6
9588,-136.3700000000031,1572,23,5,74,0.014631043256997456,82,4,1,1,1,1,1,4
9589,80.48527950310411,644,24,6,73,0.037267080745341616,82,6,2,1,1,1,1,5
9590,-76.72000000000158,1241,22,4,70,0.017727639000805803,82,7,1,2,2,2,1,5
9591,21.216269925609208,941,24,6,75,0.025504782146652496,82,6,2,1,1,1,1,3
9592,-52.53000000000102,1015,21,3,72,0.020689655172413793,82,5,1,1,1,1,1,3
9593,95.52220700152094,657,24,6,69,0.0365296803652968,82,12,1,2,1,2,2,9
9594,-21.930000000001357,1013,23,5,70,0.022704837117472853,82,5,1,1,1,1,1,4
9595,-30.560000000001594,1057,22,4,74,0.020813623462630087,82,10,1,1,1,3,1,7
9596,78.32313935681313,653,24,6,69,0.036753445635528334,82,6,1,1,1,1,2,4
9597,142.54069767441797,344,24,6,61,0.06976744186046512,82,7,1,1,1,1,2,4
9598,87.8615508885303,619,24,6,66,0.03877221324717286,82,7,1,1,1,2,1,4
9599,-48.17223950233457,1286,24,6,71,0.01866251944012442,82,6,2,1,2,1,1,3
9600,70.41850415512334,722,24,6,68,0.0332409972299169,82,8,1,1,1,2,1,7
9601,45.55587485515459,863,24,6,72,0.027809965237543453,82,9,1,1,1,2,2,6
9602,-16.15749306198135,1081,24,6,71,0.022201665124884366,82,3,1,1,1,2,1,3
9603,86.3899999999986,625,24,6,63,0.0384,82,7,1,1,2,1,2,5
9604,79.1736098310277,651,24,6,74,0.03686635944700461,82,6,1,1,1,1,3,3
9605,-33.32000000000162,1009,22,4,70,0.02180376610505451,82,6,1,1,1,1,1,4
9606,107.15833333333238,480,24,6,71,0.05,82,4,1,1,1,2,1,4
9607,-166.9280789200416,1926,24,6,74,0.012461059190031152,82,9,1,2,2,2,1,4
9608,14.726044538704715,943,24,6,74,0.02545068928950159,82,4,1,2,1,1,1,3
9609,-5.242534113061106,1026,24,6,70,0.023391812865497075,82,3,1,1,1,1,1,3
9610,8.522669404515879,974,24,6,74,0.024640657084188913,82,4,1,1,1,2,1,3
9611,-28.910000000000693,1047,23,5,68,0.021967526265520534,82,5,1,1,2,1,1,5
9612,-61.88000000000216,1275,23,5,75,0.01803921568627451,82,9,1,1,1,1,3,8
9613,35.04481056256981,871,24,6,73,0.027554535017221583,82,6,1,2,1,1,1,6
9614,-30.950000000000806,1059,23,5,72,0.021718602455146365,82,5,1,1,1,1,1,4
9615,-24.930000000001613,1043,23,5,70,0.02205177372962608,82,6,1,1,1,2,1,4
9616,-45.72343032159357,1306,24,6,76,0.018376722817764167,82,8,1,1,2,2,2,3
9617,-17.660000000000657,1008,23,5,73,0.022817460317460316,82,6,1,1,1,1,1,6
9618,-19.330000000001963,1030,23,5,70,0.02233009708737864,82,7,1,2,1,1,1,5
9619,54.476903553297696,788,24,6,71,0.030456852791878174,82,7,1,1,1,1,1,6
9620,101.70605633802708,568,24,6,73,0.04225352112676056,82,8,1,1,1,2,3,4
9621,-35.820000000001855,1097,23,5,69,0.020966271649954422,82,6,1,1,3,1,1,2
9622,-50.15537313433053,1340,24,6,69,0.01791044776119403,82,9,1,1,1,1,3,5
9623,108.6941747572812,515,24,6,66,0.04660194174757282,82,7,1,1,2,1,2,5
9624,-48.5000000000014,1069,22,4,68,0.0205799812909261,82,5,1,1,1,1,1,5
9625,-41.040000000001584,1064,23,5,71,0.021616541353383457,82,2,1,1,1,1,1,2
9626,-27.150000000001903,1070,23,5,72,0.02149532710280374,82,7,1,2,1,1,2,3
9627,-17.980000000001066,1021,23,5,65,0.022526934378060724,82,7,1,1,1,1,3,4
9628,-34.46000000000169,1027,22,4,64,0.021421616358325218,82,7,1,2,1,1,1,5
9629,99.84533880903385,487,24,6,72,0.049281314168377825,82,2,1,1,2,1,1,2
9630,-14.380000000001981,1003,23,5,65,0.022931206380857428,82,7,1,1,1,1,1,6
9631,-7.97000000000204,1005,23,5,74,0.022885572139303482,82,9,1,1,1,1,3,6
9632,-25.930000000001847,1063,23,5,70,0.021636876763875823,82,7,1,1,1,1,1,4
9633,145.5770083102487,361,24,6,66,0.0664819944598338,82,9,1,1,2,1,3,4
9634,-15.00000000000201,1037,23,5,67,0.022179363548698167,82,9,1,1,1,2,2,7
9635,-35.88000000000169,1160,23,5,75,0.019827586206896553,82,10,1,1,1,3,3,4
9636,-43.87000000000121,1049,22,4,75,0.020972354623450904,82,5,1,1,1,1,2,3
9637,92.63636684303222,567,24,6,70,0.042328042328042326,82,5,1,1,1,1,1,4
9638,-55.66000000000189,1168,23,5,73,0.019691780821917807,82,4,1,1,1,1,2,3
9639,68.0514427156985,707,24,6,75,0.033946251768033946,82,6,1,1,1,1,2,6
9640,-180.59000000000066,1869,23,5,76,0.012306046013911182,82,9,1,1,2,1,2,7
9641,51.34658227847916,790,24,6,74,0.030379746835443037,82,6,1,1,1,2,1,3
9642,5.010806451611215,992,24,6,75,0.024193548387096774,82,4,1,1,1,1,2,2
9643,111.62761726078752,533,24,6,72,0.0450281425891182,82,9,1,1,3,1,1,8
9644,-22.950000000002017,1079,23,5,72,0.021316033364226137,82,9,1,1,2,1,3,7
9645,-75.46000000000181,1282,23,5,73,0.01794071762870515,82,5,1,1,1,1,3,3
9646,70.23568521031021,737,24,6,66,0.032564450474898234,82,9,1,1,3,2,2,5
9647,67.23534883720775,688,24,6,57,0.03488372093023256,82,5,1,1,1,1,2,4
9648,-32.280000000000975,1032,22,4,66,0.02131782945736434,82,8,1,1,1,3,1,4
9649,-28.290000000001726,1013,23,5,66,0.022704837117472853,82,3,1,1,1,1,2,3
9650,-13.510000000001956,1000,23,5,68,0.023,82,7,1,2,1,1,1,4
9651,111.97675736961367,441,24,6,71,0.05442176870748299,82,3,1,1,1,2,1,2
9652,-55.86000000000172,1169,23,5,73,0.019674935842600515,82,4,1,1,1,1,1,4
9653,-7.780000000001977,1000,23,5,65,0.023,82,9,1,1,1,2,3,5
9654,-11.660000000001217,1008,23,5,73,0.022817460317460316,82,8,1,1,2,1,2,6
9655,91.27920473773129,591,24,6,75,0.04060913705583756,82,6,1,1,1,1,2,4
9656,-147.2800000000018,1657,23,5,75,0.01388050694025347,82,6,1,1,1,1,1,5
9657,106.04867924528347,530,24,6,70,0.045283018867924525,82,7,1,1,1,1,1,7
9658,22.437066381154715,934,24,6,73,0.02569593147751606,82,6,1,1,1,2,1,4
9659,121.86790020789918,481,24,6,70,0.0498960498960499,82,9,1,2,1,3,1,3
9660,-56.28000000000084,1092,22,4,66,0.020146520146520148,82,4,1,1,1,2,1,4
9661,-42.86000000000043,1089,23,5,73,0.021120293847566574,82,3,1,1,1,1,2,3
9662,24.72493179433166,953,24,6,74,0.025183630640083946,82,8,1,2,1,1,2,5
9663,77.0429051987752,654,24,6,57,0.03669724770642202,82,6,1,1,1,2,2,4
9664,38.235473441106535,866,24,6,64,0.02771362586605081,82,7,1,1,2,1,2,4
9665,-68.35000000000215,1246,23,5,72,0.018459069020866775,82,5,2,1,1,1,2,3
9666,-17.11000000000196,1003,23,5,68,0.022931206380857428,82,6,2,1,1,1,3,3
9667,63.08157894736651,760,24,6,71,0.031578947368421054,82,8,1,1,3,2,1,4
9668,67.39831258644365,723,24,6,70,0.03319502074688797,82,7,2,1,1,1,1,5
9669,55.502978723402435,752,24,6,69,0.031914893617021274,82,5,2,1,1,2,1,4
9670,78.51992503747971,667,24,6,69,0.035982008995502246,82,7,1,1,1,1,3,4
9671,16.389051254087654,917,24,6,68,0.026172300981461286,82,3,1,1,1,1,1,4
9672,-30.83000000000138,1012,22,4,71,0.021739130434782608,82,7,1,1,1,2,1,5
9673,-13.557663896585293,1083,24,6,71,0.0221606648199446,82,4,1,1,2,2,1,2
9674,-45.01000000000085,1052,22,4,69,0.02091254752851711,82,5,1,1,1,2,3,3
9675,108.45661157024685,484,24,6,61,0.049586776859504134,82,5,1,1,2,1,2,4
9676,-236.78999999999758,2120,23,5,76,0.010849056603773584,82,7,1,1,2,1,2,3
9677,22.028911968347543,1011,24,6,73,0.02373887240356083,82,11,1,2,1,3,1,9
9678,-59.480000000001844,1248,23,5,75,0.01842948717948718,82,8,2,1,1,1,1,6
9679,-81.08000000000236,1326,23,5,75,0.017345399698340876,82,6,1,2,1,1,1,3
9680,-41.480000000001546,1128,23,5,75,0.020390070921985817,82,6,1,1,2,1,1,5
9681,-20.770000000001648,1024,23,5,74,0.0224609375,82,6,1,1,1,1,1,7
9682,39.53376564277384,879,24,6,74,0.027303754266211604,82,8,2,1,1,2,1,4
9683,84.79771048744351,677,24,6,61,0.03545051698670606,82,10,1,1,1,3,3,5
9684,-114.95000000000285,1494,23,5,72,0.015394912985274432,82,6,1,2,1,2,1,5
9685,-42.72254066615227,1291,24,6,76,0.018590240123934933,82,8,1,1,1,3,2,4
9686,34.62248593925565,889,24,6,75,0.02699662542182227,82,7,1,1,2,1,2,4
9687,-51.64000000000197,1192,23,5,71,0.01929530201342282,82,7,1,1,1,1,2,5
9688,87.51992503747964,667,24,6,69,0.035982008995502246,82,10,1,1,3,2,3,3
9689,-17.38000000000188,1003,23,5,65,0.022931206380857428,82,6,1,1,1,3,2,3
9690,-4.4800000000020255,1003,23,5,75,0.022931206380857428,82,10,1,1,1,1,4,6
9691,101.21094017094181,585,24,6,72,0.041025641025641026,82,9,1,1,3,1,3,4
9692,28.4370663811547,934,24,6,73,0.02569593147751606,82,8,1,1,2,2,1,7
9693,6.9995255147705215,1117,24,6,75,0.021486123545210387,82,13,1,1,3,3,3,8
9694,-3.8485923217568025,1094,24,6,70,0.021937842778793418,82,8,1,1,2,1,1,8
9695,27.341626016258235,984,24,6,72,0.024390243902439025,82,11,1,2,2,1,4,6
9696,84.11947683108977,669,24,6,69,0.03587443946188341,82,9,1,1,1,1,3,8
9697,-26.090000000001737,1002,23,5,66,0.022954091816367265,82,3,1,1,1,1,2,2
9698,151.4678378378381,296,24,6,53,0.08108108108108109,82,7,1,1,1,2,2,3
9699,78.72360983102762,651,24,6,69,0.03686635944700461,82,6,1,1,1,1,2,4
9700,-44.08000000000187,1141,23,5,75,0.020157756354075372,82,6,1,1,1,1,1,4
9701,-25.59000000000148,1019,23,5,76,0.022571148184494603,82,4,1,2,1,1,1,3
9702,-23.31000000000184,1019,23,5,68,0.022571148184494603,82,5,1,1,1,2,1,3
9703,127.59923444976125,418,24,6,60,0.05741626794258373,82,7,1,1,1,2,2,5
9704,-68.99887624466827,1406,24,6,73,0.017069701280227598,82,7,1,1,1,3,1,5
9705,-33.03000000000159,1008,22,4,71,0.021825396825396824,82,6,1,1,1,1,2,4
9706,-49.02000000000187,1148,23,5,69,0.02003484320557491,82,5,1,1,1,1,2,4
9707,72.97450867051859,692,24,6,63,0.03468208092485549,82,7,1,1,3,2,1,3
9708,-85.82224932249454,1476,24,6,75,0.016260162601626018,82,6,1,1,1,2,1,6
9709,-28.3600000000017,1001,22,4,74,0.02197802197802198,82,7,1,1,1,2,1,4
9710,-38.760000000001256,1124,23,5,63,0.020462633451957295,82,7,1,2,1,1,1,5
9711,26.34764262647809,929,24,6,72,0.02583423035522067,82,7,1,1,1,2,1,4
9712,55.45755102040636,784,24,6,73,0.030612244897959183,82,7,1,1,1,2,2,6
9713,-14.290000000002006,1018,23,5,66,0.022593320235756387,82,8,1,1,2,2,1,4
9714,-46.26000000000109,1151,23,5,73,0.01998262380538662,82,6,1,1,1,1,3,4
9715,13.802669404515525,974,24,6,66,0.024640657084188913,82,6,1,1,1,1,2,5
9716,65.48642564802009,733,24,6,71,0.03274215552523874,82,7,1,1,1,1,2,5
9717,75.87347202295422,697,24,6,73,0.03443328550932568,82,8,1,1,2,1,2,4
9718,-70.64000000000215,1242,23,5,71,0.018518518518518517,82,4,1,1,1,1,1,2
9719,-4.570000000001522,1018,23,5,74,0.022593320235756387,82,11,1,1,3,1,2,8
9720,-56.50000000000172,1154,22,4,68,0.019064124783362217,82,8,1,1,1,2,2,5
9721,85.43822784809977,632,24,6,68,0.0379746835443038,82,7,1,1,1,1,2,4
9722,-16.330000000001313,1000,23,5,70,0.023,82,6,1,1,1,2,3,4
9723,69.22953367875746,772,24,6,66,0.031088082901554404,82,11,1,1,3,1,2,8
9724,82.30260162601476,615,24,6,62,0.03902439024390244,82,5,1,1,1,1,2,3
9725,-53.53000000000163,1171,23,5,70,0.01964133219470538,82,5,1,1,1,1,1,4
9726,-27.160000000001865,1036,23,5,63,0.0222007722007722,82,5,1,1,1,1,1,3
9727,-59.57000000000079,1153,22,4,65,0.019080659150043366,82,7,1,1,1,2,1,5
9728,-42.37000000000183,1147,23,5,74,0.02005231037489102,82,7,1,1,1,3,2,2
9729,75.90015015014856,666,24,6,71,0.036036036036036036,82,6,1,1,1,1,2,5
9730,39.129769484081265,911,24,6,74,0.026344676180021953,82,10,1,2,1,1,2,7
9731,52.49315270935783,812,24,6,69,0.029556650246305417,82,8,1,1,1,1,4,5
9732,-252.78999999999547,2215,23,5,76,0.01038374717832957,82,8,1,1,2,1,1,8
9733,-34.78000000000151,1075,23,5,65,0.021395348837209303,82,5,1,1,1,1,2,3
9734,-16.510000000001885,1015,23,5,68,0.022660098522167486,82,7,1,1,2,1,1,6
9735,-41.88000000000193,1160,23,5,75,0.019827586206896553,82,8,1,1,2,3,1,4
9736,94.30857142857027,560,24,6,73,0.04285714285714286,82,5,1,2,1,2,1,4
9737,-24.890000000001837,1011,23,5,66,0.02274975272007913,82,4,1,1,1,1,1,4
9738,-30.11000000000137,1023,23,5,68,0.022482893450635387,82,3,2,1,1,1,1,2
9739,-159.48000000000178,1733,23,5,75,0.013271783035199077,82,7,2,1,1,1,1,3
9740,-64.18000000000151,1196,22,4,76,0.01839464882943144,82,8,1,1,1,1,2,6
9741,136.12449877750524,409,24,6,68,0.05867970660146699,82,9,2,1,1,3,1,4
9742,-26.330000000001824,1035,23,5,70,0.022222222222222223,82,5,1,2,1,1,1,5
9743,-27.680000000001503,1029,23,5,75,0.022351797862001945,82,4,1,1,1,1,1,3
9744,-26.770000000000366,1024,23,5,74,0.0224609375,82,4,1,1,1,1,2,3
9745,31.064285714283777,875,24,6,71,0.027428571428571427,82,5,1,1,1,2,1,3
9746,101.70214936247604,549,24,6,64,0.04371584699453552,82,7,1,1,1,1,3,4
9747,-7.820000000002147,1032,23,5,69,0.022286821705426358,82,11,1,1,2,1,2,6
9748,71.51556040756748,687,24,6,69,0.034934497816593885,82,6,1,1,1,1,1,4
9749,-48.08000000000105,1206,23,5,75,0.019071310116086235,82,9,1,2,2,1,1,5
9750,110.64920502091954,478,24,6,72,0.0502092050209205,82,5,1,2,1,1,1,4
9751,61.505685210310524,737,24,6,69,0.032564450474898234,82,6,1,1,1,1,3,3
9752,52.724223602482525,805,24,6,56,0.02981366459627329,82,8,1,1,2,1,1,7
9753,-36.26000000000089,1086,23,5,73,0.02117863720073665,82,5,1,1,1,1,1,3
9754,-10.600313901346446,1115,24,6,75,0.021524663677130046,82,7,1,1,2,1,3,4
9755,7.298911968346319,1011,24,6,76,0.02373887240356083,82,6,1,1,1,1,4,2
9756,-54.910000000001894,1147,23,5,68,0.02005231037489102,82,3,1,1,1,1,1,2
9757,62.974048257370875,746,24,6,72,0.032171581769437,82,7,2,1,2,1,2,3
9758,34.754678899080616,872,24,6,72,0.027522935779816515,82,6,1,1,1,1,2,5
9759,44.87406947890636,806,24,6,71,0.02977667493796526,82,5,1,1,1,1,2,3
9760,-424.5681528662272,3140,24,6,76,0.007643312101910828,82,4,1,1,1,1,1,3
9761,-24.68000000000182,1029,23,5,75,0.022351797862001945,82,5,1,1,1,2,1,3
9762,160.53335689045966,283,24,6,58,0.08480565371024736,82,9,1,1,3,3,2,3
9763,28.42928961748434,915,24,6,64,0.02622950819672131,82,7,1,1,2,1,1,4
9764,-55.51000000000204,1210,23,5,68,0.019008264462809916,82,7,1,2,1,1,2,4
9765,-29.610000000001133,1005,22,4,69,0.021890547263681594,82,7,1,1,1,3,1,3
9766,-33.04000000000148,1084,23,5,71,0.021217712177121772,82,6,1,1,1,1,1,6
9767,9.043023255811857,1075,24,6,71,0.022325581395348838,82,11,2,1,2,2,1,9
9768,-29.59000000000136,1024,23,5,76,0.0224609375,82,3,1,1,1,1,1,3
9769,-32.420000000001835,1065,23,5,69,0.0215962441314554,82,5,1,1,1,1,1,4
9770,-47.70395437262585,1315,24,6,74,0.018250950570342206,82,8,1,1,1,2,2,5
9771,19.540704934539864,993,24,6,72,0.02416918429003021,82,9,1,1,2,2,1,6
9772,-16.580000000001508,1044,23,5,65,0.022030651340996167,82,9,1,1,2,1,4,4
9773,-38.42000000000182,1095,23,5,69,0.021004566210045664,82,5,1,1,1,1,2,3
9774,-43.470000000001555,1092,22,4,75,0.020146520146520148,82,8,1,1,2,1,4,4
9775,71.98577259475057,686,24,6,72,0.03498542274052478,82,6,1,1,1,2,1,5
9776,74.03927576601686,718,24,6,66,0.033426183844011144,82,9,1,2,1,1,3,4
9777,-38.83000000000139,1037,22,4,71,0.021215043394406944,82,6,1,1,1,1,1,4
9778,-96.82337774817039,1501,24,6,75,0.015989340439706862,82,4,1,1,1,1,1,3
9779,7.360704934539914,993,24,6,70,0.02416918429003021,82,5,1,1,2,1,1,3
9780,-6.4898286744832845,1109,24,6,74,0.02164111812443643,82,8,1,1,2,1,2,4
9781,-24.090000000001744,1007,23,5,66,0.022840119165839126,82,4,1,1,1,1,1,5
9782,-60.07000000000173,1130,22,4,75,0.019469026548672566,82,5,1,1,1,1,1,4
9783,-29.44000000000125,1081,23,5,71,0.02127659574468085,82,7,1,1,2,2,2,3
9784,-512.1899999999814,3467,23,5,76,0.006633977502163254,82,5,2,1,1,1,1,3
9785,142.3238522427433,379,24,6,70,0.0633245382585752,82,9,1,1,1,1,2,7
9786,-56.8399999999995,1218,23,5,71,0.018883415435139574,82,7,1,1,1,2,1,4
9787,46.83077294685788,828,24,6,75,0.028985507246376812,82,7,1,1,1,1,2,3
9788,-32.23000000000158,1079,22,4,71,0.020389249304911955,82,11,2,1,2,1,3,8
9789,107.34421524663581,446,24,6,64,0.053811659192825115,82,2,1,1,1,1,1,2
9790,-2.399420289856515,1104,24,6,75,0.021739130434782608,82,9,2,1,2,1,2,5
9791,-16.130000000002006,1014,23,5,70,0.022682445759368838,82,7,2,1,1,1,2,4
9792,77.89903129657071,671,24,6,71,0.03576751117734724,82,7,1,2,1,1,1,4
9793,-23.910000000001734,1007,23,5,68,0.022840119165839126,82,4,1,1,1,1,1,3
9794,55.192625994693685,754,24,6,70,0.03183023872679045,82,5,1,1,2,1,1,4
9795,17.654493207939886,957,24,6,71,0.025078369905956112,82,6,1,1,1,1,2,5
9796,-74.46000000000218,1262,23,5,73,0.018225039619651346,82,4,2,1,1,1,3,2
9797,133.36222591362076,301,24,6,63,0.07973421926910298,82,1,1,1,1,1,1,2
9798,-60.70000000000095,1115,22,4,68,0.019730941704035873,82,4,1,1,1,2,1,2
9799,93.03241379310205,580,24,6,70,0.041379310344827586,82,6,2,1,2,1,1,3
9800,58.0908450704208,710,24,6,71,0.03380281690140845,82,3,1,1,1,1,1,3
9801,-22.980000000000622,1010,22,5,76,0.02178217821782178,82,6,1,1,1,1,1,5
9802,-35.15000000000184,1095,23,5,72,0.021004566210045664,82,6,1,1,2,1,1,3
9803,21.186609808100492,938,24,6,68,0.0255863539445629,82,6,1,1,1,1,2,5
9804,55.24106537530245,826,24,6,64,0.029055690072639227,82,10,2,1,1,1,2,9
9805,25.119051254087864,917,24,6,65,0.026172300981461286,82,6,1,1,1,1,2,6
9806,70.60661202185867,732,24,6,59,0.03278688524590164,82,9,1,1,2,2,2,4
9807,90.18598540145831,685,24,6,72,0.035036496350364967,82,12,1,1,2,1,4,9
9808,-26.420000000001778,1020,23,5,69,0.022549019607843137,82,4,1,1,2,1,1,3
9809,80.57947683109118,669,24,6,63,0.03587443946188341,82,8,1,1,1,2,2,6
9810,45.5600480192061,833,24,6,72,0.028811524609843937,82,7,1,2,1,1,3,4
9811,-77.78000000000213,1249,22,4,76,0.017614091273018415,82,7,1,1,2,1,1,5
9812,74.85727540500565,679,24,6,55,0.035346097201767304,82,7,1,1,1,1,2,4
9813,103.81083182640023,553,24,6,63,0.0433996383363472,82,8,1,2,1,1,3,6
9814,106.19825311942871,561,24,6,74,0.0427807486631016,82,9,1,1,1,2,2,4
9815,-31.990000000001743,1096,23,5,76,0.020985401459854013,82,7,1,1,1,1,1,7
9816,-101.77000000000271,1444,23,5,74,0.01592797783933518,82,7,1,1,1,1,2,5
9817,136.51737967914428,374,24,6,61,0.06417112299465241,82,7,1,1,1,2,2,3
9818,-48.87000000000022,1074,22,4,75,0.020484171322160148,82,5,2,1,1,1,2,3
9819,-14.860000000001751,1009,23,5,73,0.022794846382556987,82,7,1,1,1,2,3,4
9820,13.62920634920452,1008,24,6,73,0.023809523809523808,82,8,1,2,1,1,1,4
9821,95.23552099533502,643,24,6,68,0.03732503888024884,82,11,1,1,3,2,2,8
9822,13.703734439833797,964,24,6,76,0.024896265560165973,82,5,1,1,2,1,1,3
9823,-24.290000000000433,1143,23,5,66,0.020122484689413824,82,13,1,1,3,3,2,8
9824,-70.75000000000166,1228,23,5,72,0.018729641693811076,82,3,1,1,2,1,1,3
9825,-63.41000000000085,1008,20,2,71,0.01984126984126984,82,6,1,1,1,1,1,4
9826,26.04460251045831,956,24,6,62,0.02510460251046025,82,9,1,1,3,2,3,3
9827,63.769533678754605,772,24,6,72,0.031088082901554404,82,9,1,1,1,3,2,4
9828,-230.3551368326565,2229,24,6,76,0.010767160161507403,82,8,1,1,2,1,3,4
9829,-17.820000000001954,1022,23,5,69,0.022504892367906065,82,7,1,1,2,1,1,6
9830,14.472880658434777,972,24,6,69,0.024691358024691357,82,6,1,1,1,2,1,4
9831,35.127370892016984,852,24,6,65,0.028169014084507043,82,5,1,1,1,1,2,3
9832,-24.26000000000093,1011,23,5,73,0.02274975272007913,82,4,1,1,1,1,1,4
9833,-40.96000000000156,1034,22,4,74,0.02127659574468085,82,5,1,1,1,1,1,5
9834,3.447276264589574,1028,24,6,71,0.023346303501945526,82,6,1,1,1,2,1,5
9835,111.57315018314958,546,24,6,67,0.04395604395604396,82,10,1,1,3,2,3,4
9836,-88.48000000000177,1348,23,5,75,0.017062314540059347,82,5,1,1,1,2,1,4
9837,87.26077170417955,622,24,6,66,0.03858520900321544,82,7,1,1,1,2,2,4
9838,-39.47000000000114,1012,22,4,75,0.021739130434782608,82,4,1,1,1,1,2,3
9839,138.26173913043408,368,24,6,67,0.06521739130434782,82,7,1,1,2,1,2,4
9840,115.34552875695616,539,24,6,60,0.04452690166975881,82,11,1,1,1,2,3,9
9841,-58.780000000001806,1169,22,4,76,0.018819503849443968,82,8,1,1,1,1,2,8
9842,59.75106159894971,763,24,6,74,0.03145478374836173,82,7,1,1,1,3,1,4
9843,-49.99101105845402,1266,24,6,73,0.018957345971563982,82,4,1,1,1,1,1,4
9844,-58.910000000001894,1182,23,5,68,0.0194585448392555,82,4,1,1,1,1,1,3
9845,-83.64000000000217,1307,23,5,71,0.017597551644988524,82,4,1,1,1,1,1,3
9846,44.7190322580627,775,24,6,67,0.03096774193548387,82,3,1,1,1,1,1,4
9847,34.969289617484286,915,24,6,70,0.02622950819672131,82,9,2,1,1,1,4,3
9848,-45.3500000000016,1146,23,5,72,0.02006980802792321,82,6,1,1,2,1,1,6
9849,-45.72000000000172,1086,22,4,70,0.020257826887661142,82,7,1,1,1,1,2,4
9850,-35.67728701406323,1209,24,6,72,0.019851116625310174,82,5,1,1,1,1,1,5
9851,17.129170305675085,916,24,6,74,0.026200873362445413,82,3,1,1,1,1,1,4
9852,122.8723076923082,520,24,6,68,0.046153846153846156,82,12,1,1,2,2,4,8
9853,86.88863406407957,593,24,6,64,0.04047217537942664,82,5,1,1,1,1,1,4
9854,-40.26000000000158,1106,23,5,73,0.020795660036166366,82,5,1,1,1,1,2,3
9855,-190.54999999999825,2000,24,6,76,0.012,82,6,1,2,1,1,2,5
9856,119.0416129032266,496,24,6,72,0.04838709677419355,82,9,1,1,2,1,2,8
9857,143.76482758620634,290,24,6,54,0.08275862068965517,82,4,1,1,1,1,1,3
9858,84.69082956259382,663,24,6,62,0.03619909502262444,82,9,1,1,1,2,2,6
9859,-6.904942965781061,1052,24,6,76,0.022813688212927757,82,4,2,1,2,1,1,3
9860,-52.13000000000139,1179,23,5,70,0.019508057675996608,82,6,1,2,1,1,1,4
9861,-24.260000000001916,1041,23,5,73,0.022094140249759846,82,6,1,1,1,1,2,4
9862,-14.280000000002136,1052,23,5,75,0.021863117870722433,82,10,2,1,2,3,1,7
9863,-29.890000000001685,1036,23,5,66,0.0222007722007722,82,4,1,1,1,1,1,2
9864,-59.22000000000193,1199,23,5,69,0.019182652210175146,82,5,1,1,1,1,2,3
9865,48.638483412320454,844,24,6,64,0.02843601895734597,82,9,2,1,1,1,3,6
9866,-64.93000000000181,1213,23,5,70,0.018961253091508656,82,4,1,1,1,2,1,3
9867,102.0726782273592,519,24,6,68,0.046242774566473986,82,5,1,1,1,1,1,5
9868,-268.7391836734638,2450,24,6,74,0.009795918367346938,82,10,1,2,2,1,3,7
9869,-2.2466293183950956,1071,24,6,70,0.022408963585434174,82,7,1,1,3,1,2,3
9870,-70.43000000000205,1210,22,4,71,0.01818181818181818,82,7,1,1,1,1,2,6
9871,-27.040000000001847,1054,23,5,71,0.021821631878557873,82,6,1,1,1,1,1,6
9872,72.24347202295382,697,24,6,66,0.03443328550932568,82,7,1,1,1,1,1,7
9873,-51.750000000001975,1178,23,5,72,0.019524617996604415,82,6,1,1,1,1,1,5
9874,53.5436093943123,809,24,6,74,0.029666254635352288,82,8,1,2,1,1,1,4
9875,5.379800399200976,1002,24,6,68,0.023952095808383235,82,5,1,1,1,1,1,4
9876,-27.550000000001234,1027,23,5,72,0.022395326192794548,82,4,1,1,1,1,2,2
9877,-41.89941982272575,1241,24,6,74,0.019339242546333603,82,5,1,1,1,1,2,4
9878,118.75491803278572,488,24,6,51,0.04918032786885246,82,9,1,1,1,1,4,3
9879,43.55594458438135,794,24,6,63,0.030226700251889168,82,4,1,1,1,1,1,5
9880,-54.650000000001796,1147,22,4,73,0.01918047079337402,82,8,1,1,1,1,3,4
9881,-34.04000000000181,1074,23,5,71,0.021415270018621976,82,5,1,1,1,1,3,4
9882,-40.70000000000053,1030,22,4,68,0.021359223300970873,82,5,1,1,1,1,2,5
9883,57.03458950201721,743,24,6,66,0.03230148048452221,82,5,1,2,1,1,1,3
9884,-30.080000000001583,1071,23,5,75,0.021475256769374416,82,6,1,1,1,1,1,5
9885,76.74873015872866,630,24,6,67,0.0380952380952381,82,4,1,1,1,1,1,5
9886,75.93771392081543,783,24,6,65,0.03065134099616858,82,14,1,1,2,3,4,6
9887,84.47947683109032,669,24,6,73,0.03587443946188341,82,9,1,1,1,2,3,6
9888,25.49917030567538,916,24,6,67,0.026200873362445413,82,6,1,1,1,2,3,3
9889,120.69999999999894,500,24,6,66,0.048,82,10,1,1,2,1,3,5
9890,12.581936799183584,981,24,6,68,0.024464831804281346,82,6,1,1,1,1,1,4
9891,-13.510000000000963,1015,23,5,68,0.022660098522167486,82,8,1,1,1,1,2,6
9892,27.960502512562062,995,24,6,70,0.024120603015075376,82,12,1,1,2,2,2,6
9893,-32.185038232797126,1177,24,6,73,0.020390824129141887,82,4,1,1,1,1,1,4
9894,35.42299435028049,885,24,6,75,0.02711864406779661,82,7,1,2,1,1,2,3
9895,-55.28841803865663,1397,24,6,72,0.01717967072297781,82,11,1,1,2,2,3,6
9896,-42.73000000000182,1192,23,5,70,0.01929530201342282,82,10,1,1,1,3,2,8
9897,-26.820000000001453,1037,23,5,69,0.022179363548698167,82,5,1,1,2,1,1,5
9898,143.7608988764052,356,24,6,68,0.06741573033707865,82,8,1,1,2,2,3,4
9899,-82.29065187240182,1442,24,6,72,0.016643550624133148,82,5,1,1,1,1,1,3
9900,-35.42000000000143,1095,23,5,69,0.021004566210045664,82,6,1,1,1,1,3,4
9901,33.7722334455654,891,24,6,70,0.026936026936026935,82,7,1,1,1,1,2,7
9902,-55.08000000000198,1211,23,5,75,0.018992568125516102,82,7,1,1,1,1,1,8
9903,-27.880000000002006,1090,23,5,75,0.02110091743119266,82,8,2,2,1,2,3,3
9904,-67.75922859165158,1413,24,6,69,0.016985138004246284,82,8,1,1,1,1,3,4
9905,-29.20000000000142,1003,23,5,67,0.022931206380857428,82,2,1,1,1,1,1,2
9906,94.36482517482384,572,24,6,67,0.04195804195804196,82,6,1,1,1,2,1,6
9907,-14.73000000000195,1007,23,5,70,0.022840119165839126,82,7,2,1,1,1,1,7
9908,-26.460000000001774,1052,23,5,73,0.021863117870722433,82,6,1,2,1,1,1,6
9909,-38.7000000000017,1050,22,4,68,0.02095238095238095,82,7,1,1,1,1,1,8
9910,-28.18783073130829,1217,24,6,73,0.01972062448644207,82,8,1,1,3,1,2,4
9911,-41.860000000001506,1099,23,5,73,0.020928116469517744,82,4,1,1,1,1,1,3
9912,-28.24000000000121,1135,23,5,71,0.02026431718061674,82,11,1,1,2,2,4,6
9913,-37.28000000000203,1167,23,5,75,0.01970865467009426,82,10,2,1,1,1,2,7
9914,-16.550000000001692,1002,23,5,72,0.022954091816367265,82,6,1,1,1,1,2,5
9915,-35.880000000001694,1020,22,4,66,0.021568627450980392,82,6,1,1,1,2,1,4
9916,134.8020185614841,431,24,6,69,0.05568445475638051,82,10,1,1,2,3,1,6
9917,1.6062463907589635,1039,24,6,75,0.023099133782483156,82,6,1,1,1,1,1,7
9918,-234.55464852607315,2205,24,6,76,0.010884353741496598,82,5,1,1,1,1,1,6
9919,-21.06000000000205,1085,23,5,73,0.02119815668202765,82,10,2,1,1,2,2,8
9920,-78.99912827781944,1411,24,6,73,0.01700921332388377,82,4,1,1,1,1,1,4
9921,-22.84000000000168,1063,23,5,71,0.021636876763875823,82,8,1,1,1,1,3,4
9922,52.29531328320605,798,24,6,69,0.03007518796992481,82,7,1,1,3,1,1,3
9923,98.60230769230655,520,24,6,65,0.046153846153846156,82,4,1,1,1,2,1,3
9924,13.211936799182663,981,24,6,75,0.024464831804281346,82,6,1,1,1,2,2,3
9925,67.84280212483219,753,24,6,75,0.03187250996015936,82,9,1,2,1,1,4,4
9926,-29.1100000000014,1018,23,5,68,0.022593320235756387,82,3,1,1,1,1,1,3
9927,-15.660000000001006,1013,23,5,73,0.022704837117472853,82,7,1,1,2,1,1,7
9928,117.34739130434683,460,24,6,73,0.05217391304347826,82,6,1,1,1,2,1,3
9929,0.4833706816047556,1071,24,6,67,0.022408963585434174,82,8,1,1,2,1,1,6
9930,5.336711798837802,1034,24,6,72,0.02321083172147002,82,7,1,1,1,2,1,6
9931,-42.73000000000036,1132,23,5,70,0.020318021201413426,82,6,1,1,1,1,2,3
9932,29.241111111109447,900,24,6,73,0.02666666666666667,82,6,1,1,1,1,3,5
9933,93.273310225302,577,24,6,66,0.0415944540727903,82,6,1,1,2,2,2,4
9934,-263.557983193272,2380,24,6,76,0.010084033613445379,82,7,2,1,1,1,3,5
9935,-58.97000000000179,1200,23,5,74,0.019166666666666665,82,5,1,1,2,1,1,4
9936,127.83818443803966,347,24,6,71,0.069164265129683,82,2,1,1,1,1,1,3
9937,-101.1200000000024,1333,22,4,70,0.016504126031507877,82,5,1,1,2,1,1,3
9938,87.99360983102814,651,24,6,72,0.03686635944700461,82,9,2,1,2,1,3,3
9939,-127.77000000000268,1544,23,5,74,0.014896373056994818,82,5,1,1,1,1,3,3
9940,-19.28000000000074,1032,23,5,75,0.022286821705426358,82,7,1,2,1,2,1,6
9941,127.40666666666661,375,24,6,62,0.064,82,4,1,1,1,1,1,3
9942,-21.440000000001774,1011,23,5,71,0.02274975272007913,82,5,1,1,1,1,2,3
9943,88.97722408026674,598,24,6,65,0.04013377926421405,82,6,1,1,1,1,1,6
9944,-25.200000000001424,1043,23,5,67,0.02205177372962608,82,6,1,1,1,1,2,6
9945,114.77413276231164,467,24,6,60,0.05139186295503212,82,6,1,1,1,2,1,3
9946,-50.080000000001974,1186,23,5,75,0.0193929173693086,82,7,1,2,1,2,1,6
9947,-19.350000000001966,1046,23,5,72,0.02198852772466539,82,8,1,1,1,1,1,6
9948,39.15560693641419,865,24,6,72,0.027745664739884393,82,7,1,1,3,1,1,3
9949,-46.22000000000156,1134,23,5,69,0.020282186948853614,82,5,1,1,2,1,3,3
9950,-78.79000000000185,1330,23,5,76,0.017293233082706767,82,7,1,2,1,1,1,5
9951,-80.511693989073,1464,24,6,74,0.01639344262295082,82,7,1,1,1,3,2,2
9952,-19.350000000001913,1031,23,5,72,0.02230843840931135,82,7,1,1,2,3,1,5
9953,57.38453300124421,803,24,6,70,0.029887920298879204,82,9,1,1,1,3,2,6
9954,-24.250000000001897,1021,23,5,62,0.022526934378060724,82,5,1,1,1,1,1,6
9955,19.437066381154455,934,24,6,73,0.02569593147751606,82,5,1,1,1,1,2,3
9956,-19.670233393179267,1114,24,6,72,0.02154398563734291,82,4,1,1,1,1,1,5
9957,120.92026431718013,454,24,6,66,0.05286343612334802,82,7,1,1,1,1,3,4
9958,-37.13000000000175,1074,23,5,70,0.021415270018621976,82,4,1,1,1,1,1,5
9959,137.53839793281614,387,24,6,68,0.06201550387596899,82,8,1,1,1,1,3,7
9960,-12.460000000001944,1012,23,5,73,0.022727272727272728,82,8,1,1,1,2,1,5
9961,-52.15000000000154,1165,23,5,72,0.019742489270386267,82,5,1,1,1,1,1,6
9962,94.87583747926892,603,24,6,75,0.03980099502487562,82,8,1,1,2,1,2,6
9963,-27.330000000001736,1010,23,5,70,0.02277227722772277,82,3,1,1,1,1,1,2
9964,-25.780000000000726,1030,23,5,65,0.02233009708737864,82,5,1,1,1,1,1,3
9965,91.84484288354776,541,24,6,70,0.04436229205175601,82,3,1,1,1,1,2,3
9966,90.21528925619694,605,24,6,61,0.03966942148760331,82,7,1,1,1,2,2,5
9967,-28.010000000001746,1012,22,4,69,0.021739130434782608,82,8,1,2,1,2,1,6
9968,-55.85000000000167,1078,22,4,73,0.02040816326530612,82,3,1,1,1,1,1,2
9969,-28.370000000001912,1062,23,5,74,0.021657250470809793,82,6,1,2,1,1,2,3
9970,14.088231827109919,1018,24,6,67,0.023575638506876228,82,9,1,1,1,1,4,7
9971,50.899032258062626,775,24,6,69,0.03096774193548387,82,5,1,1,1,1,1,3
9972,-40.25000000000156,1030,22,4,73,0.021359223300970873,82,5,2,1,2,1,1,3
9973,84.53077170417876,622,24,6,69,0.03858520900321544,82,6,2,1,1,1,1,3
9974,-260.35687796463446,2319,24,6,76,0.01034928848641656,82,4,1,1,3,1,1,2
9975,57.71499999999812,800,24,6,67,0.03,82,9,1,1,1,1,3,4
9976,-26.76000000000116,1008,22,4,74,0.021825396825396824,82,8,1,1,1,1,2,5
9977,-34.51803278688669,1220,24,6,76,0.019672131147540985,82,6,2,1,1,1,3,2
9978,-5.580000000001087,1004,23,5,65,0.022908366533864542,82,10,1,1,1,1,3,9
9979,-5.330000000001317,1005,23,5,70,0.022885572139303482,82,10,1,2,2,3,2,4
9980,-85.59000000000214,1304,23,5,76,0.01763803680981595,82,3,1,1,1,2,1,2
9981,98.51552875695612,539,24,6,73,0.04452690166975881,82,5,1,1,2,2,1,2
9982,17.18438413361001,958,24,6,68,0.025052192066805846,82,6,2,1,1,1,1,6
9983,45.6989060642091,841,24,6,58,0.028537455410225922,82,8,1,1,1,1,2,8
9984,30.388459869846255,922,24,6,68,0.026030368763557483,82,8,2,1,2,1,1,7
9985,-63.26000000000213,1236,23,5,73,0.0186084142394822,82,6,1,1,1,1,4,3
9986,80.56624999999848,640,24,6,65,0.0375,82,6,1,1,1,2,2,5
9987,103.13867924528182,530,24,6,71,0.045283018867924525,82,6,1,1,2,2,1,3
9988,-42.65000000000119,1042,22,4,73,0.02111324376199616,82,5,1,1,1,1,2,5
9989,14.27438413360993,958,24,6,69,0.025052192066805846,82,5,2,1,2,1,1,3
9990,49.33834319526448,845,24,6,74,0.028402366863905324,82,9,1,1,3,1,1,8
9991,-318.0799999999927,2511,23,5,75,0.009159697331740343,82,6,1,1,1,2,1,6
9992,44.95750881315895,851,24,6,72,0.0282021151586369,82,8,1,1,1,1,3,7
9993,18.453305785122875,968,24,6,71,0.024793388429752067,82,7,1,1,1,1,2,4
9994,-111.95000000000287,1509,23,5,72,0.015241882041086813,82,8,2,1,1,1,3,5
9995,-34.64000000000167,1032,23,5,71,0.022286821705426358,82,2,1,1,1,1,1,2
9996,-35.77000000000149,1129,23,5,74,0.02037201062887511,82,8,1,1,1,2,2,6
9997,-37.040000000000425,1024,22,4,62,0.021484375,82,6,1,1,3,1,1,4
9998,21.058108108106268,925,24,6,71,0.025945945945945945,82,5,1,1,2,1,1,4
9999,15.903305785122098,968,24,6,76,0.024793388429752067,82,6,1,1,1,1,1,6
10000,58.54071895424646,765,24,6,65,0.03137254901960784,82,7,1,1,2,1,1,4
